case_number,decision_type,judge_names,verdict_derived
069-CR-0001,ठहर,"अध्यक्ष माननीय न्यायाधीश श्री केदार प्रसाद चालिसे
अध्यक्ष माननीय न्यायाधीश श्री मोहनरमण भट्टराई",False
069-CR-0002,आंशिक ठहर,"अध्यक्ष माननीय न्यायाधीश श्री केदार प्रसाद चालिसे
अध्यक्ष माननीय न्यायाधीश श्री मोहनरमण भट्टराई",False
069-CR-0003,सफाई,"अध्यक्ष माननीय न्यायाधीश श्री ओम प्रकाश मिश्र
अध्यक्ष माननीय न्यायाधीश श्री केदार प्रसाद चालिसे",False
069-CR-0004,ठहर,"अध्यक्ष माननीय न्यायाधीश श्री गौरी वहादुर कार्की
अध्यक्ष माननीय न्यायाधीश श्री ओम प्रकाश मिश्र
अध्यक्ष माननीय न्यायाधीश श्री केदार प्रसाद चालिसे",False
069-CR-0005,सफाई,"अध्यक्ष माननीय न्यायाधीश श्री केदार प्रसाद चालिसे
अध्यक्ष माननीय न्यायाधीश श्री मोहनरमण भट्टराई
अध्यक्ष माननीय न्यायाधीश श्री भूपेन्द्र प्रसाद राई",False
069-CR-0006,ठहर,"अध्यक्ष माननीय न्यायाधीश श्री केदार प्रसाद चालिसे
अध्यक्ष माननीय न्यायाधीश श्री भूपेन्द्र प्रसाद राई",False
069-CR-0007,ठहर,"अध्यक्ष माननीय न्यायाधीश श्री केदार प्रसाद चालिसे
अध्यक्ष माननीय न्यायाधीश श्री मोहनरमण भट्टराई
अध्यक्ष माननीय न्यायाधीश श्री भूपेन्द्र प्रसाद राई",False
069-CR-0008,ठहर,"अध्यक्ष माननीय न्यायाधीश श्री गौरी वहादुर कार्की
अध्यक्ष माननीय न्यायाधीश श्री ओम प्रकाश मिश्र
अध्यक्ष माननीय न्यायाधीश श्री केदार प्रसाद चालिसे",False
069-CR-0009,आंशिक ठहर,"अध्यक्ष माननीय न्यायाधीश श्री केदार प्रसाद चालिसे
अध्यक्ष माननीय न्यायाधीश श्री मोहनरमण भट्टराई",False
069-CR-0010,ठहर,"अध्यक्ष माननीय न्यायाधीश श्री केदार प्रसाद चालिसे
अध्यक्ष माननीय न्यायाधीश श्री मोहनरमण भट्टराई
अध्यक्ष माननीय न्यायाधीश श्री भूपेन्द्र प्रसाद राई",False
069-CR-0011,ठहर,"अध्यक्ष माननीय न्यायाधीश श्री केदार प्रसाद चालिसे
अध्यक्ष माननीय न्यायाधीश श्री मोहनरमण भट्टराई
अध्यक्ष माननीय न्यायाधीश श्री भूपेन्द्र प्रसाद राई",False
069-CR-0012,ठहर,"अध्यक्ष माननीय न्यायाधीश श्री महेश प्रसाद पुडासैनी
अध्यक्ष माननीय न्यायाधीश श्री पवनकुमार शर्मा",False
069-CR-0013,ठहर,"अध्यक्ष माननीय न्यायाधीश श्री केदार प्रसाद चालिसे
अध्यक्ष माननीय न्यायाधीश श्री मोहनरमण भट्टराई
अध्यक्ष माननीय न्यायाधीश श्री भूपेन्द्र प्रसाद राई",False
069-CR-0014,आंशिक ठहर,"अध्यक्ष माननीय न्यायाधीश श्री केदार प्रसाद चालिसे
अध्यक्ष माननीय न्यायाधीश श्री मोहनरमण भट्टराई
अध्यक्ष माननीय न्यायाधीश श्री भूपेन्द्र प्रसाद राई",False
069-CR-0015,ठहर,"अध्यक्ष माननीय न्यायाधीश श्री केदार प्रसाद चालिसे
अध्यक्ष माननीय न्यायाधीश श्री मोहनरमण भट्टराई
अध्यक्ष माननीय न्यायाधीश श्री भूपेन्द्र प्रसाद राई",False
069-CR-0016,ठहर,"अध्यक्ष माननीय न्यायाधीश श्री केदार प्रसाद चालिसे
अध्यक्ष माननीय न्यायाधीश श्री मोहनरमण भट्टराई
अध्यक्ष माननीय न्यायाधीश श्री भूपेन्द्र प्रसाद राई",False
069-CR-0017,ठहर,"अध्यक्ष माननीय न्यायाधीश श्री केदार प्रसाद चालिसे
अध्यक्ष माननीय न्यायाधीश श्री मोहनरमण भट्टराई
अध्यक्ष माननीय न्यायाधीश श्री भूपेन्द्र प्रसाद राई",False
069-CR-0018,ठहर,"अध्यक्ष माननीय न्यायाधीश श्री केदार प्रसाद चालिसे
अध्यक्ष माननीय न्यायाधीश श्री मोहनरमण भट्टराई
अध्यक्ष माननीय न्यायाधीश श्री भूपेन्द्र प्रसाद राई",False
069-CR-0019,सफाई,"अध्यक्ष माननीय न्यायाधीश श्री केदार प्रसाद चालिसे
अध्यक्ष माननीय न्यायाधीश श्री मोहनरमण भट्टराई
अध्यक्ष माननीय न्यायाधीश श्री भूपेन्द्र प्रसाद राई",False
069-CR-0020,सफाई,"अध्यक्ष माननीय न्यायाधीश श्री मोहनरमण भट्टराई
अध्यक्ष माननीय न्यायाधीश श्री महेश प्रसाद पुडासैनी",False
069-CR-0021,ठहर,"अध्यक्ष माननीय न्यायाधीश श्री मोहनरमण भट्टराई
अध्यक्ष माननीय न्यायाधीश श्री महेश प्रसाद पुडासैनी
अध्यक्ष माननीय न्यायाधीश श्री पवनकुमार शर्मा",False
069-CR-0022,ठहर,"अध्यक्ष माननीय न्यायाधीश श्री केदार प्रसाद चालिसे
अध्यक्ष माननीय न्यायाधीश श्री मोहनरमण भट्टराई
अध्यक्ष माननीय न्यायाधीश श्री भूपेन्द्र प्रसाद राई",False
069-CR-0023,ठहर,"अध्यक्ष माननीय न्यायाधीश श्री केदार प्रसाद चालिसे
अध्यक्ष माननीय न्यायाधीश श्री मोहनरमण भट्टराई
अध्यक्ष माननीय न्यायाधीश श्री भूपेन्द्र प्रसाद राई",False
069-CR-0024,ठहर,"अध्यक्ष माननीय न्यायाधीश श्री केदार प्रसाद चालिसे
अध्यक्ष माननीय न्यायाधीश श्री मोहनरमण भट्टराई
अध्यक्ष माननीय न्यायाधीश श्री भूपेन्द्र प्रसाद राई",False
069-CR-0025,आंशिक ठहर,"अध्यक्ष माननीय न्यायाधीश श्री मोहनरमण भट्टराई
अध्यक्ष माननीय न्यायाधीश श्री भूपेन्द्र प्रसाद राई
अध्यक्ष माननीय न्यायाधीश श्री नरेन्द्र कुमार शिवाकोटी",False
069-CR-0026,आंशिक ठहर,अध्यक्ष माननीय न्यायाधीश श्री मोहन रमण भट्टराई सदस्य माननीय न्यायाधीश श्री भूपेन्द्र प्रसाद राई सदस्य माननीय न्यायाधीश श्री महेश प्रसाद पुडासैनी,True
069-CR-0027,आंशिक ठहर,"अध्यक्ष माननीय न्यायाधीश श्री मोहनरमण भट्टराई
अध्यक्ष माननीय न्यायाधीश श्री भूपेन्द्र प्रसाद राई
अध्यक्ष माननीय न्यायाधीश श्री महेश प्रसाद पुडासैनी",False
069-CR-0028,ठहर,"अध्यक्ष माननीय न्यायाधीश श्री मोहनरमण भट्टराई
अध्यक्ष माननीय न्यायाधीश श्री भूपेन्द्र प्रसाद राई
अध्यक्ष माननीय न्यायाधीश श्री नरेन्द्र कुमार शिवाकोटी",False
069-CR-0029,ठहर,"अध्यक्ष माननीय न्यायाधीश श्री केदार प्रसाद चालिसे
अध्यक्ष माननीय न्यायाधीश श्री मोहनरमण भट्टराई
अध्यक्ष माननीय न्यायाधीश श्री भूपेन्द्र प्रसाद राई",False
069-CR-0030,ठहर,"अध्यक्ष माननीय न्यायाधीश श्री केदार प्रसाद चालिसे
अध्यक्ष माननीय न्यायाधीश श्री भूपेन्द्र प्रसाद राई",False
069-CR-0031,ठहर,अध्यक्ष माननीय न्यायाधीश श्री केदार प्रसाद चालिसे सदस्य माननीय न्यायाधीश श्री मोहनरमण भट्टराई सदस्य माननीय न्यायाधीश श्री भूपेन्द्र प्रसाद राई,True
069-CR-0032,आंशिक ठहर,"अध्यक्ष माननीय न्यायाधीश श्री केदार प्रसाद चालिसे
अध्यक्ष माननीय न्यायाधीश श्री मोहनरमण भट्टराई
अध्यक्ष माननीय न्यायाधीश श्री भूपेन्द्र प्रसाद राई",False
069-CR-0033,ठहर,"अध्यक्ष माननीय न्यायाधीश श्री केदार प्रसाद चालिसे
अध्यक्ष माननीय न्यायाधीश श्री मोहनरमण भट्टराई
अध्यक्ष माननीय न्यायाधीश श्री भूपेन्द्र प्रसाद राई",False
069-CR-0035,ठहर,"अध्यक्ष माननीय न्यायाधीश श्री गौरी वहादुर कार्की
अध्यक्ष माननीय न्यायाधीश श्री ओम प्रकाश मिश्र
अध्यक्ष माननीय न्यायाधीश श्री केदार प्रसाद चालिसे",False
069-CR-0036,ठहर,"अध्यक्ष माननीय न्यायाधीश श्री मोहनरमण भट्टराई
अध्यक्ष माननीय न्यायाधीश श्री नरेन्द्र कुमार शिवाकोटी",False
069-CR-0037,सफाई,"अध्यक्ष माननीय न्यायाधीश श्री केदार प्रसाद चालिसे
अध्यक्ष माननीय न्यायाधीश श्री मोहनरमण भट्टराई
अध्यक्ष माननीय न्यायाधीश श्री भूपेन्द्र प्रसाद राई",False
069-CR-0038,ठहर,"अध्यक्ष माननीय न्यायाधीश श्री केदार प्रसाद चालिसे
अध्यक्ष माननीय न्यायाधीश श्री मोहनरमण भट्टराई
अध्यक्ष माननीय न्यायाधीश श्री भूपेन्द्र प्रसाद राई",False
069-CR-0039,ठहर,"अध्यक्ष माननीय न्यायाधीश श्री केदार प्रसाद चालिसे
अध्यक्ष माननीय न्यायाधीश श्री मोहनरमण भट्टराई
अध्यक्ष माननीय न्यायाधीश श्री भूपेन्द्र प्रसाद राई",False
069-CR-0040,ठहर,"अध्यक्ष माननीय न्यायाधीश श्री केदार प्रसाद चालिसे
अध्यक्ष माननीय न्यायाधीश श्री मोहनरमण भट्टराई
अध्यक्ष माननीय न्यायाधीश श्री भूपेन्द्र प्रसाद राई",False
069-CR-0041,सफाई,"अध्यक्ष माननीय न्यायाधीश श्री केदार प्रसाद चालिसे
अध्यक्ष माननीय न्यायाधीश श्री मोहनरमण भट्टराई
अध्यक्ष माननीय न्यायाधीश श्री भूपेन्द्र प्रसाद राई",False
069-CR-0042,सफाई,"अध्यक्ष माननीय न्यायाधीश श्री केदार प्रसाद चालिसे
अध्यक्ष माननीय न्यायाधीश श्री मोहनरमण भट्टराई
अध्यक्ष माननीय न्यायाधीश श्री भूपेन्द्र प्रसाद राई",False
069-CR-0043,ठहर,"अध्यक्ष माननीय न्यायाधीश श्री केदार प्रसाद चालिसे
अध्यक्ष माननीय न्यायाधीश श्री मोहनरमण भट्टराई
अध्यक्ष माननीय न्यायाधीश श्री भूपेन्द्र प्रसाद राई",False
069-CR-0044,ठहर,"अध्यक्ष माननीय न्यायाधीश श्री केदार प्रसाद चालिसे
अध्यक्ष माननीय न्यायाधीश श्री मोहनरमण भट्टराई
अध्यक्ष माननीय न्यायाधीश श्री भूपेन्द्र प्रसाद राई",False
069-CR-0045,आंशिक ठहर,"अध्यक्ष माननीय न्यायाधीश श्री केदार प्रसाद चालिसे
अध्यक्ष माननीय न्यायाधीश श्री मोहनरमण भट्टराई
अध्यक्ष माननीय न्यायाधीश श्री भूपेन्द्र प्रसाद राई",False
069-CR-0046,ठहर,"अध्यक्ष माननीय न्यायाधीश श्री गौरी वहादुर कार्की
अध्यक्ष माननीय न्यायाधीश श्री ओम प्रकाश मिश्र
अध्यक्ष माननीय न्यायाधीश श्री केदार प्रसाद चालिसे",False
069-CR-0047,सफाई,"अध्यक्ष माननीय न्यायाधीश श्री गौरी वहादुर कार्की
अध्यक्ष माननीय न्यायाधीश श्री ओम प्रकाश मिश्र
अध्यक्ष माननीय न्यायाधीश श्री केदार प्रसाद चालिसे",False
069-CR-0048,ठहर,"अध्यक्ष माननीय न्यायाधीश श्री केदार प्रसाद चालिसे
अध्यक्ष माननीय न्यायाधीश श्री भूपेन्द्र प्रसाद राई",False
069-CR-0049,ठहर,"अध्यक्ष माननीय न्यायाधीश श्री केदार प्रसाद चालिसे
अध्यक्ष माननीय न्यायाधीश श्री मोहनरमण भट्टराई
अध्यक्ष माननीय न्यायाधीश श्री भूपेन्द्र प्रसाद राई",False
069-CR-0050,ठहर,"अध्यक्ष माननीय न्यायाधीश श्री ओम प्रकाश मिश्र
अध्यक्ष माननीय न्यायाधीश श्री केदार प्रसाद चालिसे",False
069-CR-0051,आंशिक ठहर,"अध्यक्ष माननीय न्यायाधीश श्री केदार प्रसाद चालिसे
अध्यक्ष माननीय न्यायाधीश श्री मोहनरमण भट्टराई
अध्यक्ष माननीय न्यायाधीश श्री भूपेन्द्र प्रसाद राई",False
069-CR-0052,ठहर,"अध्यक्ष माननीय न्यायाधीश श्री मोहनरमण भट्टराई
अध्यक्ष माननीय न्यायाधीश श्री भूपेन्द्र प्रसाद राई",False
069-CR-0053,आंशिक ठहर,"अध्यक्ष माननीय न्यायाधीश श्री बाबुराम रेग्मी
अध्यक्ष माननीय न्यायाधीश श्री चण्डीराज ढकाल",False
069-CR-0054,ठहर,"अध्यक्ष माननीय न्यायाधीश श्री केदार प्रसाद चालिसे
अध्यक्ष माननीय न्यायाधीश श्री मोहनरमण भट्टराई
अध्यक्ष माननीय न्यायाधीश श्री भूपेन्द्र प्रसाद राई",False
069-CR-0055,ठहर,"अध्यक्ष माननीय न्यायाधीश श्री केदार प्रसाद चालिसे
अध्यक्ष माननीय न्यायाधीश श्री मोहनरमण भट्टराई
अध्यक्ष माननीय न्यायाधीश श्री भूपेन्द्र प्रसाद राई",False
069-CR-0057,ठहर,"अध्यक्ष माननीय न्यायाधीश श्री मोहनरमण भट्टराई
अध्यक्ष माननीय न्यायाधीश श्री भूपेन्द्र प्रसाद राई
अध्यक्ष माननीय न्यायाधीश श्री नरेन्द्र कुमार शिवाकोटी",False
069-CR-0059,ठहर,"अध्यक्ष माननीय न्यायाधीश श्री नरेन्द्र कुमार शिवाकोटी
अध्यक्ष माननीय न्यायाधीश श्री प्रभा बस्नेत
अध्यक्ष माननीय न्यायाधीश श्री पवनकुमार शर्मा",False
069-CR-0060,ठहर,"अध्यक्ष माननीय न्यायाधीश श्री केदार प्रसाद चालिसे
अध्यक्ष माननीय न्यायाधीश श्री मोहनरमण भट्टराई
अध्यक्ष माननीय न्यायाधीश श्री भूपेन्द्र प्रसाद राई",False
069-CR-0061,ठहर,"अध्यक्ष माननीय न्यायाधीश श्री केदार प्रसाद चालिसे
अध्यक्ष माननीय न्यायाधीश श्री मोहनरमण भट्टराई
अध्यक्ष माननीय न्यायाधीश श्री भूपेन्द्र प्रसाद राई",False
069-CR-0062,ठहर,"अध्यक्ष माननीय न्यायाधीश श्री केदार प्रसाद चालिसे
अध्यक्ष माननीय न्यायाधीश श्री मोहनरमण भट्टराई
अध्यक्ष माननीय न्यायाधीश श्री भूपेन्द्र प्रसाद राई",False
069-CR-0063,ठहर,"अध्यक्ष माननीय न्यायाधीश श्री केदार प्रसाद चालिसे
अध्यक्ष माननीय न्यायाधीश श्री मोहनरमण भट्टराई
अध्यक्ष माननीय न्यायाधीश श्री भूपेन्द्र प्रसाद राई",False
069-CR-0064,ठहर,"अध्यक्ष माननीय न्यायाधीश श्री मोहनरमण भट्टराई
अध्यक्ष माननीय न्यायाधीश श्री भूपेन्द्र प्रसाद राई
अध्यक्ष माननीय न्यायाधीश श्री महेश प्रसाद पुडासैनी",False
069-CR-0065,ठहर,"अध्यक्ष माननीय न्यायाधीश श्री नरेन्द्र कुमार शिवाकोटी
अध्यक्ष माननीय न्यायाधीश श्री प्रभा बस्नेत
अध्यक्ष माननीय न्यायाधीश श्री पवनकुमार शर्मा",False
069-CR-0066,ठहर,"अध्यक्ष माननीय न्यायाधीश श्री केदार प्रसाद चालिसे
अध्यक्ष माननीय न्यायाधीश श्री मोहनरमण भट्टराई
अध्यक्ष माननीय न्यायाधीश श्री भूपेन्द्र प्रसाद राई",False
069-CR-0067,ठहर,"अध्यक्ष माननीय न्यायाधीश श्री केदार प्रसाद चालिसे
अध्यक्ष माननीय न्यायाधीश श्री मोहनरमण भट्टराई
अध्यक्ष माननीय न्यायाधीश श्री भूपेन्द्र प्रसाद राई",False
069-CR-0068,ठहर,"अध्यक्ष माननीय न्यायाधीश श्री केदार प्रसाद चालिसे
अध्यक्ष माननीय न्यायाधीश श्री मोहनरमण भट्टराई
अध्यक्ष माननीय न्यायाधीश श्री भूपेन्द्र प्रसाद राई",False
069-CR-0069,ठहर,"अध्यक्ष माननीय न्यायाधीश श्री नरेन्द्र कुमार शिवाकोटी
अध्यक्ष माननीय न्यायाधीश श्री प्रभा बस्नेत
अध्यक्ष माननीय न्यायाधीश श्री पवनकुमार शर्मा",False
069-CR-0070,सफाई,"अध्यक्ष माननीय न्यायाधीश श्री केदार प्रसाद चालिसे
अध्यक्ष माननीय न्यायाधीश श्री मोहनरमण भट्टराई
अध्यक्ष माननीय न्यायाधीश श्री भूपेन्द्र प्रसाद राई",False
069-CR-0071,आंशिक ठहर,"अध्यक्ष माननीय न्यायाधीश श्री मोहनरमण भट्टराई
अध्यक्ष माननीय न्यायाधीश श्री भूपेन्द्र प्रसाद राई
अध्यक्ष माननीय न्यायाधीश श्री नरेन्द्र कुमार शिवाकोटी",False
069-CR-0072,सफाई,"अध्यक्ष माननीय न्यायाधीश श्री केदार प्रसाद चालिसे
अध्यक्ष माननीय न्यायाधीश श्री मोहनरमण भट्टराई
अध्यक्ष माननीय न्यायाधीश श्री भूपेन्द्र प्रसाद राई",False
069-CR-0073,ठहर,"अध्यक्ष माननीय न्यायाधीश श्री केदार प्रसाद चालिसे
अध्यक्ष माननीय न्यायाधीश श्री मोहनरमण भट्टराई
अध्यक्ष माननीय न्यायाधीश श्री भूपेन्द्र प्रसाद राई",False
069-CR-0074,ठहर,"अध्यक्ष माननीय न्यायाधीश श्री केदार प्रसाद चालिसे
अध्यक्ष माननीय न्यायाधीश श्री मोहनरमण भट्टराई
अध्यक्ष माननीय न्यायाधीश श्री भूपेन्द्र प्रसाद राई",False
069-CR-0075,ठहर,"अध्यक्ष माननीय न्यायाधीश श्री केदार प्रसाद चालिसे
अध्यक्ष माननीय न्यायाधीश श्री मोहनरमण भट्टराई
अध्यक्ष माननीय न्यायाधीश श्री भूपेन्द्र प्रसाद राई",False
069-CR-0076,ठहर,"अध्यक्ष माननीय न्यायाधीश श्री केदार प्रसाद चालिसे
अध्यक्ष माननीय न्यायाधीश श्री मोहनरमण भट्टराई
अध्यक्ष माननीय न्यायाधीश श्री भूपेन्द्र प्रसाद राई",False
069-CR-0077,ठहर,"अध्यक्ष माननीय न्यायाधीश श्री मोहनरमण भट्टराई
अध्यक्ष माननीय न्यायाधीश श्री पवनकुमार शर्मा",False
069-CR-0078,ठहर,"अध्यक्ष माननीय न्यायाधीश श्री केदार प्रसाद चालिसे
अध्यक्ष माननीय न्यायाधीश श्री मोहनरमण भट्टराई
अध्यक्ष माननीय न्यायाधीश श्री भूपेन्द्र प्रसाद राई",False
069-CR-0079,ठहर,"अध्यक्ष माननीय न्यायाधीश श्री केदार प्रसाद चालिसे
अध्यक्ष माननीय न्यायाधीश श्री मोहनरमण भट्टराई
अध्यक्ष माननीय न्यायाधीश श्री भूपेन्द्र प्रसाद राई",False
069-CR-0080,ठहर,"अध्यक्ष माननीय न्यायाधीश श्री केदार प्रसाद चालिसे
अध्यक्ष माननीय न्यायाधीश श्री मोहनरमण भट्टराई
अध्यक्ष माननीय न्यायाधीश श्री भूपेन्द्र प्रसाद राई",False
069-CR-0081,ठहर,"अध्यक्ष माननीय न्यायाधीश श्री केदार प्रसाद चालिसे
अध्यक्ष माननीय न्यायाधीश श्री मोहनरमण भट्टराई
अध्यक्ष माननीय न्यायाधीश श्री भूपेन्द्र प्रसाद राई",False
069-CR-0082,ठहर,"अध्यक्ष माननीय न्यायाधीश श्री केदार प्रसाद चालिसे
अध्यक्ष माननीय न्यायाधीश श्री मोहनरमण भट्टराई
अध्यक्ष माननीय न्यायाधीश श्री भूपेन्द्र प्रसाद राई",False
069-CR-0084,सफाई,"अध्यक्ष माननीय न्यायाधीश श्री केदार प्रसाद चालिसे
अध्यक्ष माननीय न्यायाधीश श्री मोहनरमण भट्टराई
अध्यक्ष माननीय न्यायाधीश श्री भूपेन्द्र प्रसाद राई",False
069-CR-0085,ठहर,"अध्यक्ष माननीय न्यायाधीश श्री केदार प्रसाद चालिसे
अध्यक्ष माननीय न्यायाधीश श्री मोहनरमण भट्टराई
अध्यक्ष माननीय न्यायाधीश श्री भूपेन्द्र प्रसाद राई",False
069-CR-0086,सफाई,"अध्यक्ष माननीय न्यायाधीश श्री केदार प्रसाद चालिसे
अध्यक्ष माननीय न्यायाधीश श्री मोहनरमण भट्टराई
अध्यक्ष माननीय न्यायाधीश श्री भूपेन्द्र प्रसाद राई",False
069-CR-0087,ठहर,"अध्यक्ष माननीय न्यायाधीश श्री केदार प्रसाद चालिसे
अध्यक्ष माननीय न्यायाधीश श्री मोहनरमण भट्टराई
अध्यक्ष माननीय न्यायाधीश श्री भूपेन्द्र प्रसाद राई",False
069-CR-0089,आंशिक ठहर,"अध्यक्ष माननीय न्यायाधीश श्री भूपेन्द्र प्रसाद राई
अध्यक्ष माननीय न्यायाधीश श्री नरेन्द्र कुमार शिवाकोटी
अध्यक्ष माननीय न्यायाधीश श्री प्रभा बस्नेत",False
069-CR-0090,सफाई,पवनकुमार शर्मा प्रभा बस्नेत महेश प्रसाद पुडासैनी,True
069-CR-0091,ठहर,"अध्यक्ष माननीय न्यायाधीश श्री भूपेन्द्र प्रसाद राई
अध्यक्ष माननीय न्यायाधीश श्री महेश प्रसाद पुडासैनी
अध्यक्ष माननीय न्यायाधीश श्री प्रभा बस्नेत",False
069-CR-0092,ठहर,"अध्यक्ष माननीय न्यायाधीश श्री केदार प्रसाद चालिसे
अध्यक्ष माननीय न्यायाधीश श्री मोहनरमण भट्टराई
अध्यक्ष माननीय न्यायाधीश श्री भूपेन्द्र प्रसाद राई",False
069-CR-0093,सफाई,"अध्यक्ष माननीय न्यायाधीश श्री केदार प्रसाद चालिसे
अध्यक्ष माननीय न्यायाधीश श्री भूपेन्द्र प्रसाद राई",False
069-CR-0094,ठहर,"अध्यक्ष माननीय न्यायाधीश श्री मोहनरमण भट्टराई
अध्यक्ष माननीय न्यायाधीश श्री भूपेन्द्र प्रसाद राई
अध्यक्ष माननीय न्यायाधीश श्री नरेन्द्र कुमार शिवाकोटी",False
069-CR-0095,ठहर,"अध्यक्ष माननीय न्यायाधीश श्री केदार प्रसाद चालिसे
अध्यक्ष माननीय न्यायाधीश श्री मोहनरमण भट्टराई
अध्यक्ष माननीय न्यायाधीश श्री भूपेन्द्र प्रसाद राई",False
069-CR-0096,ठहर,"अध्यक्ष माननीय न्यायाधीश श्री केदार प्रसाद चालिसे
अध्यक्ष माननीय न्यायाधीश श्री मोहनरमण भट्टराई
अध्यक्ष माननीय न्यायाधीश श्री भूपेन्द्र प्रसाद राई",False
069-CR-0097,ठहर,"अध्यक्ष माननीय न्यायाधीश श्री मोहनरमण भट्टराई
अध्यक्ष माननीय न्यायाधीश श्री महेश प्रसाद पुडासैनी",False
069-CR-0098,ठहर,"अध्यक्ष माननीय न्यायाधीश श्री केदार प्रसाद चालिसे
अध्यक्ष माननीय न्यायाधीश श्री मोहनरमण भट्टराई
अध्यक्ष माननीय न्यायाधीश श्री भूपेन्द्र प्रसाद राई",False
069-CR-0099,ठहर,"अध्यक्ष माननीय न्यायाधीश श्री केदार प्रसाद चालिसे
अध्यक्ष माननीय न्यायाधीश श्री मोहनरमण भट्टराई
अध्यक्ष माननीय न्यायाधीश श्री भूपेन्द्र प्रसाद राई",False
069-CR-0100,सफाई,"अध्यक्ष माननीय न्यायाधीश श्री बाबुराम रेग्मी
अध्यक्ष माननीय न्यायाधीश श्री चण्डीराज ढकाल
अध्यक्ष माननीय न्यायाधीश श्री नारायणप्रसाद पोखरेल",False
069-CR-0101,सफाई,"अध्यक्ष माननीय न्यायाधीश श्री बाबुराम रेग्मी
अध्यक्ष माननीय न्यायाधीश श्री नारायणप्रसाद पोखरेल
अध्यक्ष माननीय न्यायाधीश श्री रत्नबहादुर बागचन्द",False
069-CR-0102,सफाई,"अध्यक्ष माननीय न्यायाधीश श्री बाबुराम रेग्मी
अध्यक्ष माननीय न्यायाधीश श्री प्रभा बस्नेत
अध्यक्ष माननीय न्यायाधीश श्री पवनकुमार शर्मा",False
069-CR-0103,सफाई,"अध्यक्ष माननीय न्यायाधीश श्री चण्डीराज ढकाल
अध्यक्ष माननीय न्यायाधीश श्री प्रमोदकुमार श्रेष्ठ वैद्य
अध्यक्ष माननीय न्यायाधीश श्री रत्नबहादुर बागचन्द",False
069-CR-0104,आंशिक ठहर,"अध्यक्ष माननीय न्यायाधीश श्री बाबुराम रेग्मी
अध्यक्ष माननीय न्यायाधीश श्री द्वारिकामान जोशी
अध्यक्ष माननीय न्यायाधीश श्री रत्नबहादुर बागचन्द",False
069-CR-0105,ठहर,"अध्यक्ष माननीय न्यायाधीश श्री केदार प्रसाद चालिसे
अध्यक्ष माननीय न्यायाधीश श्री मोहनरमण भट्टराई
अध्यक्ष माननीय न्यायाधीश श्री भूपेन्द्र प्रसाद राई",False
069-CR-0106,सफाई,"अध्यक्ष माननीय न्यायाधीश श्री केदार प्रसाद चालिसे
अध्यक्ष माननीय न्यायाधीश श्री मोहनरमण भट्टराई
अध्यक्ष माननीय न्यायाधीश श्री भूपेन्द्र प्रसाद राई",False
069-CR-0107,ठहर,"अध्यक्ष माननीय न्यायाधीश श्री मोहनरमण भट्टराई
अध्यक्ष माननीय न्यायाधीश श्री भूपेन्द्र प्रसाद राई
अध्यक्ष माननीय न्यायाधीश श्री नरेन्द्र कुमार शिवाकोटी",False
069-CR-0108,ठहर,"अध्यक्ष माननीय न्यायाधीश श्री केदार प्रसाद चालिसे
अध्यक्ष माननीय न्यायाधीश श्री मोहनरमण भट्टराई
अध्यक्ष माननीय न्यायाधीश श्री भूपेन्द्र प्रसाद राई",False
069-CR-0109,ठहर,"अध्यक्ष माननीय न्यायाधीश श्री केदार प्रसाद चालिसे
अध्यक्ष माननीय न्यायाधीश श्री मोहनरमण भट्टराई
अध्यक्ष माननीय न्यायाधीश श्री भूपेन्द्र प्रसाद राई",False
069-CR-0110,ठहर,"अध्यक्ष माननीय न्यायाधीश श्री केदार प्रसाद चालिसे
अध्यक्ष माननीय न्यायाधीश श्री मोहनरमण भट्टराई
अध्यक्ष माननीय न्यायाधीश श्री भूपेन्द्र प्रसाद राई",False
069-CR-0111,ठहर,"अध्यक्ष माननीय न्यायाधीश श्री केदार प्रसाद चालिसे
अध्यक्ष माननीय न्यायाधीश श्री मोहनरमण भट्टराई
अध्यक्ष माननीय न्यायाधीश श्री भूपेन्द्र प्रसाद राई",False
069-CR-0112,सफाई,"अध्यक्ष माननीय न्यायाधीश श्री बाबुराम रेग्मी
अध्यक्ष माननीय न्यायाधीश श्री प्रमोदकुमार श्रेष्ठ वैद्य",False
069-CR-0113,ठहर,"अध्यक्ष माननीय न्यायाधीश श्री केदार प्रसाद चालिसे
अध्यक्ष माननीय न्यायाधीश श्री मोहनरमण भट्टराई
अध्यक्ष माननीय न्यायाधीश श्री भूपेन्द्र प्रसाद राई",False
069-CR-0114,ठहर,"अध्यक्ष माननीय न्यायाधीश श्री केदार प्रसाद चालिसे
अध्यक्ष माननीय न्यायाधीश श्री भूपेन्द्र प्रसाद राई",False
069-CR-0115,ठहर,"अध्यक्ष माननीय न्यायाधीश श्री केदार प्रसाद चालिसे
अध्यक्ष माननीय न्यायाधीश श्री मोहनरमण भट्टराई
अध्यक्ष माननीय न्यायाधीश श्री भूपेन्द्र प्रसाद राई",False
069-CR-0117,ठहर,"अध्यक्ष माननीय न्यायाधीश श्री नरेन्द्र कुमार शिवाकोटी
अध्यक्ष माननीय न्यायाधीश श्री प्रभा बस्नेत
अध्यक्ष माननीय न्यायाधीश श्री पवनकुमार शर्मा",False
069-CR-0118,आंशिक ठहर,"अध्यक्ष माननीय न्यायाधीश श्री केदार प्रसाद चालिसे
अध्यक्ष माननीय न्यायाधीश श्री मोहनरमण भट्टराई
अध्यक्ष माननीय न्यायाधीश श्री भूपेन्द्र प्रसाद राई",False
069-CR-0119,ठहर,"अध्यक्ष माननीय न्यायाधीश श्री केदार प्रसाद चालिसे
अध्यक्ष माननीय न्यायाधीश श्री मोहनरमण भट्टराई
अध्यक्ष माननीय न्यायाधीश श्री भूपेन्द्र प्रसाद राई",False
069-CR-0120,ठहर,"अध्यक्ष माननीय न्यायाधीश श्री मोहनरमण भट्टराई
अध्यक्ष माननीय न्यायाधीश श्री प्रभा बस्नेत
अध्यक्ष माननीय न्यायाधीश श्री पवनकुमार शर्मा",False
069-CR-0121,ठहर,"अध्यक्ष माननीय न्यायाधीश श्री केदार प्रसाद चालिसे
अध्यक्ष माननीय न्यायाधीश श्री मोहनरमण भट्टराई
अध्यक्ष माननीय न्यायाधीश श्री भूपेन्द्र प्रसाद राई",False
069-CR-0122,ठहर,"अध्यक्ष माननीय न्यायाधीश श्री केदार प्रसाद चालिसे
अध्यक्ष माननीय न्यायाधीश श्री मोहनरमण भट्टराई
अध्यक्ष माननीय न्यायाधीश श्री भूपेन्द्र प्रसाद राई",False
069-CR-0123,ठहर,"अध्यक्ष माननीय न्यायाधीश श्री मोहनरमण भट्टराई
अध्यक्ष माननीय न्यायाधीश श्री भूपेन्द्र प्रसाद राई
अध्यक्ष माननीय न्यायाधीश श्री नरेन्द्र कुमार शिवाकोटी",False
069-CR-0124,ठहर,"अध्यक्ष माननीय न्यायाधीश श्री मोहनरमण भट्टराई
अध्यक्ष माननीय न्यायाधीश श्री भूपेन्द्र प्रसाद राई
अध्यक्ष माननीय न्यायाधीश श्री नरेन्द्र कुमार शिवाकोटी",False
069-CR-0125,ठहर,"अध्यक्ष माननीय न्यायाधीश श्री मोहनरमण भट्टराई
अध्यक्ष माननीय न्यायाधीश श्री महेश प्रसाद पुडासैनी",False
069-CR-0126,ठहर,"अध्यक्ष माननीय न्यायाधीश श्री केदार प्रसाद चालिसे
अध्यक्ष माननीय न्यायाधीश श्री मोहनरमण भट्टराई
अध्यक्ष माननीय न्यायाधीश श्री भूपेन्द्र प्रसाद राई",False
070-CR-0001,ठहर,"अध्यक्ष माननीय न्यायाधीश श्री केदार प्रसाद चालिसे
अध्यक्ष माननीय न्यायाधीश श्री मोहनरमण भट्टराई
अध्यक्ष माननीय न्यायाधीश श्री भूपेन्द्र प्रसाद राई",False
070-CR-0002,ठहर,"अध्यक्ष माननीय न्यायाधीश श्री मोहनरमण भट्टराई
अध्यक्ष माननीय न्यायाधीश श्री भूपेन्द्र प्रसाद राई
अध्यक्ष माननीय न्यायाधीश श्री नरेन्द्र कुमार शिवाकोटी",False
070-CR-0003,ठहर,"अध्यक्ष माननीय न्यायाधीश श्री केदार प्रसाद चालिसे
अध्यक्ष माननीय न्यायाधीश श्री मोहनरमण भट्टराई
अध्यक्ष माननीय न्यायाधीश श्री भूपेन्द्र प्रसाद राई",False
070-CR-0004,आंशिक ठहर,"अध्यक्ष माननीय न्यायाधीश श्री केदार प्रसाद चालिसे
अध्यक्ष माननीय न्यायाधीश श्री मोहनरमण भट्टराई
अध्यक्ष माननीय न्यायाधीश श्री भूपेन्द्र प्रसाद राई",False
070-CR-0005,ठहर,"अध्यक्ष माननीय न्यायाधीश श्री मोहनरमण भट्टराई
अध्यक्ष माननीय न्यायाधीश श्री नरेन्द्र कुमार शिवाकोटी
अध्यक्ष माननीय न्यायाधीश श्री प्रभा बस्नेत",False
070-CR-0006,ठहर,"अध्यक्ष माननीय न्यायाधीश श्री मोहनरमण भट्टराई
अध्यक्ष माननीय न्यायाधीश श्री भूपेन्द्र प्रसाद राई",False
070-CR-0007,ठहर,"अध्यक्ष माननीय न्यायाधीश श्री नरेन्द्र कुमार शिवाकोटी
अध्यक्ष माननीय न्यायाधीश श्री प्रभा बस्नेत
अध्यक्ष माननीय न्यायाधीश श्री पवनकुमार शर्मा",False
070-CR-0008,ठहर,"अध्यक्ष माननीय न्यायाधीश श्री मोहनरमण भट्टराई
अध्यक्ष माननीय न्यायाधीश श्री भूपेन्द्र प्रसाद राई
अध्यक्ष माननीय न्यायाधीश श्री नरेन्द्र कुमार शिवाकोटी",False
070-CR-0009,सफाई,"अध्यक्ष माननीय न्यायाधीश श्री नरेन्द्र कुमार शिवाकोटी
अध्यक्ष माननीय न्यायाधीश श्री प्रभा बस्नेत
अध्यक्ष माननीय न्यायाधीश श्री पवनकुमार शर्मा",False
070-CR-0010,ठहर,"अध्यक्ष माननीय न्यायाधीश श्री केदार प्रसाद चालिसे
अध्यक्ष माननीय न्यायाधीश श्री मोहनरमण भट्टराई
अध्यक्ष माननीय न्यायाधीश श्री भूपेन्द्र प्रसाद राई",False
070-CR-0011,ठहर,"अध्यक्ष माननीय न्यायाधीश श्री नरेन्द्र कुमार शिवाकोटी
अध्यक्ष माननीय न्यायाधीश श्री महेश प्रसाद पुडासैनी
अध्यक्ष माननीय न्यायाधीश श्री प्रभा बस्नेत",False
070-CR-0012,ठहर,"अध्यक्ष माननीय न्यायाधीश श्री मोहनरमण भट्टराई
अध्यक्ष माननीय न्यायाधीश श्री भूपेन्द्र प्रसाद राई",False
070-CR-0013,ठहर,"अध्यक्ष माननीय न्यायाधीश श्री मोहनरमण भट्टराई
अध्यक्ष माननीय न्यायाधीश श्री भूपेन्द्र प्रसाद राई",False
070-CR-0014,ठहर,"अध्यक्ष माननीय न्यायाधीश श्री भूपेन्द्र प्रसाद राई
अध्यक्ष माननीय न्यायाधीश श्री प्रभा बस्नेत
अध्यक्ष माननीय न्यायाधीश श्री पवनकुमार शर्मा",False
070-CR-0015,ठहर,"अध्यक्ष माननीय न्यायाधीश श्री केदार प्रसाद चालिसे
अध्यक्ष माननीय न्यायाधीश श्री भूपेन्द्र प्रसाद राई",False
070-CR-0016,आंशिक ठहर,"अध्यक्ष माननीय न्यायाधीश श्री मोहनरमण भट्टराई
अध्यक्ष माननीय न्यायाधीश श्री नरेन्द्र कुमार शिवाकोटी
अध्यक्ष माननीय न्यायाधीश श्री महेश प्रसाद पुडासैनी",False
070-CR-0017,आंशिक ठहर,"अध्यक्ष माननीय न्यायाधीश श्री मोहनरमण भट्टराई
अध्यक्ष माननीय न्यायाधीश श्री नरेन्द्र कुमार शिवाकोटी
अध्यक्ष माननीय न्यायाधीश श्री महेश प्रसाद पुडासैनी",False
070-CR-0018,ठहर,"अध्यक्ष माननीय न्यायाधीश श्री मोहनरमण भट्टराई
अध्यक्ष माननीय न्यायाधीश श्री भूपेन्द्र प्रसाद राई
अध्यक्ष माननीय न्यायाधीश श्री महेश प्रसाद पुडासैनी",False
070-CR-0019,ठहर,"अध्यक्ष माननीय न्यायाधीश श्री मोहनरमण भट्टराई
अध्यक्ष माननीय न्यायाधीश श्री भूपेन्द्र प्रसाद राई",False
070-CR-0020,ठहर,"अध्यक्ष माननीय न्यायाधीश श्री मोहनरमण भट्टराई
अध्यक्ष माननीय न्यायाधीश श्री भूपेन्द्र प्रसाद राई
अध्यक्ष माननीय न्यायाधीश श्री नरेन्द्र कुमार शिवाकोटी",False
070-CR-0021,ठहर,"अध्यक्ष माननीय न्यायाधीश श्री मोहनरमण भट्टराई
अध्यक्ष माननीय न्यायाधीश श्री भूपेन्द्र प्रसाद राई",False
070-CR-0022,आंशिक ठहर,"अध्यक्ष माननीय न्यायाधीश श्री मोहनरमण भट्टराई
अध्यक्ष माननीय न्यायाधीश श्री नरेन्द्र कुमार शिवाकोटी
अध्यक्ष माननीय न्यायाधीश श्री प्रभा बस्नेत",False
070-CR-0023,सफाई,"अध्यक्ष माननीय न्यायाधीश श्री केदार प्रसाद चालिसे
अध्यक्ष माननीय न्यायाधीश श्री मोहनरमण भट्टराई
अध्यक्ष माननीय न्यायाधीश श्री भूपेन्द्र प्रसाद राई",False
070-CR-0024,ठहर,"अध्यक्ष माननीय न्यायाधीश श्री भूपेन्द्र प्रसाद राई
अध्यक्ष माननीय न्यायाधीश श्री नरेन्द्र कुमार शिवाकोटी
अध्यक्ष माननीय न्यायाधीश श्री प्रभा बस्नेत",False
070-CR-0025,आंशिक ठहर,"अध्यक्ष माननीय न्यायाधीश श्री मोहनरमण भट्टराई
अध्यक्ष माननीय न्यायाधीश श्री नरेन्द्र कुमार शिवाकोटी
अध्यक्ष माननीय न्यायाधीश श्री महेश प्रसाद पुडासैनी",False
070-CR-0026,सफाई,"अध्यक्ष माननीय न्यायाधीश श्री केदार प्रसाद चालिसे
अध्यक्ष माननीय न्यायाधीश श्री मोहनरमण भट्टराई
अध्यक्ष माननीय न्यायाधीश श्री भूपेन्द्र प्रसाद राई",False
070-CR-0027,ठहर,"अध्यक्ष माननीय न्यायाधीश श्री केदार प्रसाद चालिसे
अध्यक्ष माननीय न्यायाधीश श्री मोहनरमण भट्टराई
अध्यक्ष माननीय न्यायाधीश श्री भूपेन्द्र प्रसाद राई",False
070-CR-0029,ठहर,"अध्यक्ष माननीय न्यायाधीश श्री केदार प्रसाद चालिसे
अध्यक्ष माननीय न्यायाधीश श्री मोहनरमण भट्टराई
अध्यक्ष माननीय न्यायाधीश श्री भूपेन्द्र प्रसाद राई",False
070-CR-0030,ठहर,"अध्यक्ष माननीय न्यायाधीश श्री केदार प्रसाद चालिसे
अध्यक्ष माननीय न्यायाधीश श्री मोहनरमण भट्टराई
अध्यक्ष माननीय न्यायाधीश श्री भूपेन्द्र प्रसाद राई",False
070-CR-0031,ठहर,"अध्यक्ष माननीय न्यायाधीश श्री मोहनरमण भट्टराई
अध्यक्ष माननीय न्यायाधीश श्री प्रभा बस्नेत",False
070-CR-0032,ठहर,"अध्यक्ष माननीय न्यायाधीश श्री भूपेन्द्र प्रसाद राई
अध्यक्ष माननीय न्यायाधीश श्री महेश प्रसाद पुडासैनी",False
070-CR-0033,सफाई,"अध्यक्ष माननीय न्यायाधीश श्री मोहनरमण भट्टराई
अध्यक्ष माननीय न्यायाधीश श्री भूपेन्द्र प्रसाद राई
अध्यक्ष माननीय न्यायाधीश श्री प्रभा बस्नेत",False
070-CR-0034,ठहर,"अध्यक्ष माननीय न्यायाधीश श्री केदार प्रसाद चालिसे
अध्यक्ष माननीय न्यायाधीश श्री मोहनरमण भट्टराई
अध्यक्ष माननीय न्यायाधीश श्री भूपेन्द्र प्रसाद राई",False
070-CR-0035,सफाई,"अध्यक्ष माननीय न्यायाधीश श्री भूपेन्द्र प्रसाद राई
अध्यक्ष माननीय न्यायाधीश श्री नरेन्द्र कुमार शिवाकोटी
अध्यक्ष माननीय न्यायाधीश श्री प्रभा बस्नेत",False
070-CR-0036,सफाई,"अध्यक्ष माननीय न्यायाधीश श्री केदार प्रसाद चालिसे
अध्यक्ष माननीय न्यायाधीश श्री मोहनरमण भट्टराई
अध्यक्ष माननीय न्यायाधीश श्री भूपेन्द्र प्रसाद राई",False
070-CR-0037,आंशिक ठहर,"अध्यक्ष माननीय न्यायाधीश श्री भूपेन्द्र प्रसाद राई
अध्यक्ष माननीय न्यायाधीश श्री नरेन्द्र कुमार शिवाकोटी
अध्यक्ष माननीय न्यायाधीश श्री पवनकुमार शर्मा",False
070-CR-0038,सफाई,"अध्यक्ष माननीय न्यायाधीश श्री मोहनरमण भट्टराई
अध्यक्ष माननीय न्यायाधीश श्री भूपेन्द्र प्रसाद राई
अध्यक्ष माननीय न्यायाधीश श्री नरेन्द्र कुमार शिवाकोटी",False
070-CR-0042,ठहर,"अध्यक्ष माननीय न्यायाधीश श्री केदार प्रसाद चालिसे
अध्यक्ष माननीय न्यायाधीश श्री मोहनरमण भट्टराई
अध्यक्ष माननीय न्यायाधीश श्री भूपेन्द्र प्रसाद राई",False
070-CR-0044,ठहर,माननीय न्यायाधीश श्री केदार प्रसाद चालिसे माननीय न्यायाधीश श्री भूपेन्द्र प्रसाद राई,True
070-CR-0045,ठहर,"अध्यक्ष माननीय न्यायाधीश श्री केदार प्रसाद चालिसे
अध्यक्ष माननीय न्यायाधीश श्री मोहनरमण भट्टराई
अध्यक्ष माननीय न्यायाधीश श्री भूपेन्द्र प्रसाद राई",False
070-CR-0046,आंशिक ठहर,"अध्यक्ष माननीय न्यायाधीश श्री भूपेन्द्र प्रसाद राई
अध्यक्ष माननीय न्यायाधीश श्री नरेन्द्र कुमार शिवाकोटी
अध्यक्ष माननीय न्यायाधीश श्री पवनकुमार शर्मा",False
070-CR-0047,ठहर,"अध्यक्ष माननीय न्यायाधीश श्री भूपेन्द्र प्रसाद राई
अध्यक्ष माननीय न्यायाधीश श्री नरेन्द्र कुमार शिवाकोटी
अध्यक्ष माननीय न्यायाधीश श्री पवनकुमार शर्मा",False
070-CR-0048,सफाई,"अध्यक्ष माननीय न्यायाधीश श्री केदार प्रसाद चालिसे
अध्यक्ष माननीय न्यायाधीश श्री मोहनरमण भट्टराई
अध्यक्ष माननीय न्यायाधीश श्री भूपेन्द्र प्रसाद राई",False
070-CR-0049,ठहर,"अध्यक्ष माननीय न्यायाधीश श्री मोहनरमण भट्टराई
अध्यक्ष माननीय न्यायाधीश श्री भूपेन्द्र प्रसाद राई
अध्यक्ष माननीय न्यायाधीश श्री प्रभा बस्नेत",False
070-CR-0050,आंशिक ठहर,इजलास अध्यक्ष माननीय न्यायाधीश श्री मोहनरमण भट्टराई सदस्य माननीय न्यायाधीश श्री भूपेन्द्र प्रसाद राई सदस्य माननीय न्यायाधीश श्री नरेन्द्र कुमार शिवाकोटी,True
070-CR-0051,आंशिक ठहर,"अध्यक्ष माननीय न्यायाधीश श्री बाबुराम रेग्मी
अध्यक्ष माननीय न्यायाधीश श्री चण्डीराज ढकाल
अध्यक्ष माननीय न्यायाधीश श्री प्रमोदकुमार श्रेष्ठ वैद्य",False
070-CR-0052,ठहर,"अध्यक्ष माननीय न्यायाधीश श्री मोहनरमण भट्टराई
अध्यक्ष माननीय न्यायाधीश श्री महेश प्रसाद पुडासैनी
अध्यक्ष माननीय न्यायाधीश श्री प्रभा बस्नेत",False
070-CR-0053,सफाई,"अध्यक्ष माननीय न्यायाधीश श्री भूपेन्द्र प्रसाद राई
अध्यक्ष माननीय न्यायाधीश श्री नरेन्द्र कुमार शिवाकोटी
अध्यक्ष माननीय न्यायाधीश श्री पवनकुमार शर्मा",False
070-CR-0054,ठहर,"अध्यक्ष माननीय न्यायाधीश श्री केदार प्रसाद चालिसे
अध्यक्ष माननीय न्यायाधीश श्री मोहनरमण भट्टराई
अध्यक्ष माननीय न्यायाधीश श्री भूपेन्द्र प्रसाद राई",False
070-CR-0055,आंशिक ठहर,"अध्यक्ष माननीय न्यायाधीश श्री मोहनरमण भट्टराई
अध्यक्ष माननीय न्यायाधीश श्री भूपेन्द्र प्रसाद राई
अध्यक्ष माननीय न्यायाधीश श्री महेश प्रसाद पुडासैनी",False
070-CR-0056,आंशिक ठहर,"अध्यक्ष माननीय न्यायाधीश श्री मोहनरमण भट्टराई
अध्यक्ष माननीय न्यायाधीश श्री महेश प्रसाद पुडासैनी
अध्यक्ष माननीय न्यायाधीश श्री प्रभा बस्नेत",False
070-CR-0057,ठहर,"अध्यक्ष माननीय न्यायाधीश श्री मोहनरमण भट्टराई
अध्यक्ष माननीय न्यायाधीश श्री भूपेन्द्र प्रसाद राई
अध्यक्ष माननीय न्यायाधीश श्री नरेन्द्र कुमार शिवाकोटी",False
070-CR-0058,ठहर,"अध्यक्ष माननीय न्यायाधीश श्री मोहनरमण भट्टराई
अध्यक्ष माननीय न्यायाधीश श्री भूपेन्द्र प्रसाद राई
अध्यक्ष माननीय न्यायाधीश श्री नरेन्द्र कुमार शिवाकोटी",False
070-CR-0059,आंशिक ठहर,"अध्यक्ष माननीय न्यायाधीश श्री मोहनरमण भट्टराई
अध्यक्ष माननीय न्यायाधीश श्री नरेन्द्र कुमार शिवाकोटी
अध्यक्ष माननीय न्यायाधीश श्री प्रभा बस्नेत",False
070-CR-0060,ठहर,"अध्यक्ष माननीय न्यायाधीश श्री केदार प्रसाद चालिसे
अध्यक्ष माननीय न्यायाधीश श्री मोहनरमण भट्टराई
अध्यक्ष माननीय न्यायाधीश श्री भूपेन्द्र प्रसाद राई",False
070-CR-0061,ठहर,"अध्यक्ष माननीय न्यायाधीश श्री केदार प्रसाद चालिसे
अध्यक्ष माननीय न्यायाधीश श्री मोहनरमण भट्टराई
अध्यक्ष माननीय न्यायाधीश श्री भूपेन्द्र प्रसाद राई",False
070-CR-0062,ठहर,"अध्यक्ष माननीय न्यायाधीश श्री मोहनरमण भट्टराई
अध्यक्ष माननीय न्यायाधीश श्री महेश प्रसाद पुडासैनी
अध्यक्ष माननीय न्यायाधीश श्री प्रभा बस्नेत",False
070-CR-0063,सफाई,"अध्यक्ष माननीय न्यायाधीश श्री मोहनरमण भट्टराई
अध्यक्ष माननीय न्यायाधीश श्री महेश प्रसाद पुडासैनी
अध्यक्ष माननीय न्यायाधीश श्री प्रभा बस्नेत",False
070-CR-0064,ठहर,"अध्यक्ष माननीय न्यायाधीश श्री मोहनरमण भट्टराई
अध्यक्ष माननीय न्यायाधीश श्री पवनकुमार शर्मा",False
070-CR-0065,ठहर,"अध्यक्ष माननीय न्यायाधीश श्री केदार प्रसाद चालिसे
अध्यक्ष माननीय न्यायाधीश श्री भूपेन्द्र प्रसाद राई",False
070-CR-0066,ठहर,"अध्यक्ष माननीय न्यायाधीश श्री मोहनरमण भट्टराई
अध्यक्ष माननीय न्यायाधीश श्री भूपेन्द्र प्रसाद राई
अध्यक्ष माननीय न्यायाधीश श्री नरेन्द्र कुमार शिवाकोटी",False
070-CR-0067,आंशिक ठहर,"अध्यक्ष माननीय न्यायाधीश श्री मोहनरमण भट्टराई
अध्यक्ष माननीय न्यायाधीश श्री महेश प्रसाद पुडासैनी
अध्यक्ष माननीय न्यायाधीश श्री पवनकुमार शर्मा",False
070-CR-0068,ठहर,"अध्यक्ष माननीय न्यायाधीश श्री केदार प्रसाद चालिसे
अध्यक्ष माननीय न्यायाधीश श्री मोहनरमण भट्टराई
अध्यक्ष माननीय न्यायाधीश श्री भूपेन्द्र प्रसाद राई",False
070-CR-0069,ठहर,"अध्यक्ष माननीय न्यायाधीश श्री मोहनरमण भट्टराई
अध्यक्ष माननीय न्यायाधीश श्री भूपेन्द्र प्रसाद राई
अध्यक्ष माननीय न्यायाधीश श्री नरेन्द्र कुमार शिवाकोटी",False
070-CR-0070,सफाई,"अध्यक्ष माननीय न्यायाधीश श्री मोहनरमण भट्टराई
अध्यक्ष माननीय न्यायाधीश श्री भूपेन्द्र प्रसाद राई
अध्यक्ष माननीय न्यायाधीश श्री नरेन्द्र कुमार शिवाकोटी",False
070-CR-0071,ठहर,"अध्यक्ष माननीय न्यायाधीश श्री केदार प्रसाद चालिसे
अध्यक्ष माननीय न्यायाधीश श्री मोहनरमण भट्टराई
अध्यक्ष माननीय न्यायाधीश श्री भूपेन्द्र प्रसाद राई",False
070-CR-0072,ठहर,"अध्यक्ष माननीय न्यायाधीश श्री मोहनरमण भट्टराई
अध्यक्ष माननीय न्यायाधीश श्री महेश प्रसाद पुडासैनी
अध्यक्ष माननीय न्यायाधीश श्री प्रभा बस्नेत",False
070-CR-0073,ठहर,"अध्यक्ष माननीय न्यायाधीश श्री केदार प्रसाद चालिसे
अध्यक्ष माननीय न्यायाधीश श्री मोहनरमण भट्टराई
अध्यक्ष माननीय न्यायाधीश श्री भूपेन्द्र प्रसाद राई",False
070-CR-0074,सफाई,"अध्यक्ष माननीय न्यायाधीश श्री मोहनरमण भट्टराई
अध्यक्ष माननीय न्यायाधीश श्री महेश प्रसाद पुडासैनी
अध्यक्ष माननीय न्यायाधीश श्री पवनकुमार शर्मा",False
070-CR-0076,ठहर,"अध्यक्ष माननीय न्यायाधीश श्री केदार प्रसाद चालिसे
अध्यक्ष माननीय न्यायाधीश श्री मोहनरमण भट्टराई
अध्यक्ष माननीय न्यायाधीश श्री भूपेन्द्र प्रसाद राई",False
070-CR-0077,ठहर,"अध्यक्ष माननीय न्यायाधीश श्री मोहनरमण भट्टराई
अध्यक्ष माननीय न्यायाधीश श्री भूपेन्द्र प्रसाद राई
अध्यक्ष माननीय न्यायाधीश श्री नरेन्द्र कुमार शिवाकोटी",False
070-CR-0078,ठहर,माननीय न्यायाधीश श्री मोहनरमण भट्टराई (सदस्य) माननीय न्यायाधीश श्री भूपेन्द्र प्रसाद राई (सदस्य) माननीय न्यायाधीश श्री नरेन्द्र कुमार शिवाकोटी (सदस्य),True
070-CR-0079,ठहर,"अध्यक्ष माननीय न्यायाधीश श्री मोहनरमण भट्टराई
अध्यक्ष माननीय न्यायाधीश श्री भूपेन्द्र प्रसाद राई
अध्यक्ष माननीय न्यायाधीश श्री नरेन्द्र कुमार शिवाकोटी",False
070-CR-0080,ठहर,"अध्यक्ष माननीय न्यायाधीश श्री मोहनरमण भट्टराई
अध्यक्ष माननीय न्यायाधीश श्री नरेन्द्र कुमार शिवाकोटी
अध्यक्ष माननीय न्यायाधीश श्री प्रभा बस्नेत",False
070-CR-0081,ठहर,"अध्यक्ष माननीय न्यायाधीश श्री मोहनरमण भट्टराई
अध्यक्ष माननीय न्यायाधीश श्री भूपेन्द्र प्रसाद राई
अध्यक्ष माननीय न्यायाधीश श्री नरेन्द्र कुमार शिवाकोटी",False
070-CR-0082,ठहर,"अध्यक्ष माननीय न्यायाधीश श्री केदार प्रसाद चालिसे
अध्यक्ष माननीय न्यायाधीश श्री मोहनरमण भट्टराई
अध्यक्ष माननीय न्यायाधीश श्री भूपेन्द्र प्रसाद राई",False
070-CR-0083,ठहर,"अध्यक्ष माननीय न्यायाधीश श्री मोहनरमण भट्टराई
अध्यक्ष माननीय न्यायाधीश श्री भूपेन्द्र प्रसाद राई
अध्यक्ष माननीय न्यायाधीश श्री नरेन्द्र कुमार शिवाकोटी",False
070-CR-0086,सफाई,"अध्यक्ष माननीय न्यायाधीश श्री मोहनरमण भट्टराई
अध्यक्ष माननीय न्यायाधीश श्री भूपेन्द्र प्रसाद राई
अध्यक्ष माननीय न्यायाधीश श्री नरेन्द्र कुमार शिवाकोटी",False
070-CR-0087,आंशिक ठहर,"अध्यक्ष माननीय न्यायाधीश श्री मोहनरमण भट्टराई
अध्यक्ष माननीय न्यायाधीश श्री महेश प्रसाद पुडासैनी",False
070-CR-0088,आंशिक ठहर,"अध्यक्ष माननीय न्यायाधीश श्री भूपेन्द्र प्रसाद राई
अध्यक्ष माननीय न्यायाधीश श्री नरेन्द्र कुमार शिवाकोटी
अध्यक्ष माननीय न्यायाधीश श्री पवनकुमार शर्मा",False
070-CR-0089,सफाई,मोहनरमण भट्टराई नरेन्द्र कुमार शिवाकोटी बाबुराम रेग्मी,True
070-CR-0090,ठहर,"अध्यक्ष माननीय न्यायाधीश श्री मोहनरमण भट्टराई
अध्यक्ष माननीय न्यायाधीश श्री महेश प्रसाद पुडासैनी
अध्यक्ष माननीय न्यायाधीश श्री प्रभा बस्नेत",False
070-CR-0091,ठहर,"अध्यक्ष माननीय न्यायाधीश श्री मोहनरमण भट्टराई
अध्यक्ष माननीय न्यायाधीश श्री भूपेन्द्र प्रसाद राई",False
070-CR-0092,ठहर,"अध्यक्ष माननीय न्यायाधीश श्री भूपेन्द्र प्रसाद राई
अध्यक्ष माननीय न्यायाधीश श्री नरेन्द्र कुमार शिवाकोटी
अध्यक्ष माननीय न्यायाधीश श्री प्रभा बस्नेत",False
070-CR-0093,ठहर,"अध्यक्ष माननीय न्यायाधीश श्री भूपेन्द्र प्रसाद राई
अध्यक्ष माननीय न्यायाधीश श्री प्रभा बस्नेत",False
070-CR-0094,आंशिक ठहर,"अध्यक्ष माननीय न्यायाधीश श्री मोहनरमण भट्टराई
अध्यक्ष माननीय न्यायाधीश श्री नरेन्द्र कुमार शिवाकोटी
अध्यक्ष माननीय न्यायाधीश श्री महेश प्रसाद पुडासैनी",False
070-CR-0096,ठहर,"अध्यक्ष माननीय न्यायाधीश श्री भूपेन्द्र प्रसाद राई
अध्यक्ष माननीय न्यायाधीश श्री प्रभा बस्नेत
अध्यक्ष माननीय न्यायाधीश श्री पवनकुमार शर्मा",False
070-CR-0098,ठहर,"अध्यक्ष माननीय न्यायाधीश श्री मोहनरमण भट्टराई
अध्यक्ष माननीय न्यायाधीश श्री नरेन्द्र कुमार शिवाकोटी
अध्यक्ष माननीय न्यायाधीश श्री पवनकुमार शर्मा",False
070-CR-0099,सफाई,"अध्यक्ष माननीय न्यायाधीश श्री नरेन्द्र कुमार शिवाकोटी
अध्यक्ष माननीय न्यायाधीश श्री प्रभा बस्नेत
अध्यक्ष माननीय न्यायाधीश श्री पवनकुमार शर्मा",False
070-CR-0100,ठहर,"अध्यक्ष माननीय न्यायाधीश श्री मोहनरमण भट्टराई
अध्यक्ष माननीय न्यायाधीश श्री भूपेन्द्र प्रसाद राई
अध्यक्ष माननीय न्यायाधीश श्री नरेन्द्र कुमार शिवाकोटी",False
070-CR-0101,ठहर,"अध्यक्ष माननीय न्यायाधीश श्री मोहनरमण भट्टराई
अध्यक्ष माननीय न्यायाधीश श्री भूपेन्द्र प्रसाद राई
अध्यक्ष माननीय न्यायाधीश श्री नरेन्द्र कुमार शिवाकोटी",False
070-CR-0102,ठहर,"अध्यक्ष माननीय न्यायाधीश श्री मोहनरमण भट्टराई
अध्यक्ष माननीय न्यायाधीश श्री भूपेन्द्र प्रसाद राई",False
070-CR-0103,ठहर,"अध्यक्ष माननीय न्यायाधीश श्री महेश प्रसाद पुडासैनी
अध्यक्ष माननीय न्यायाधीश श्री प्रभा बस्नेत
अध्यक्ष माननीय न्यायाधीश श्री पवनकुमार शर्मा",False
070-CR-0104,ठहर,"अध्यक्ष माननीय न्यायाधीश श्री मोहनरमण भट्टराई
अध्यक्ष माननीय न्यायाधीश श्री महेश प्रसाद पुडासैनी
अध्यक्ष माननीय न्यायाधीश श्री पवनकुमार शर्मा",False
070-CR-0105,ठहर,"अध्यक्ष माननीय न्यायाधीश श्री मोहनरमण भट्टराई
अध्यक्ष माननीय न्यायाधीश श्री भूपेन्द्र प्रसाद राई
अध्यक्ष माननीय न्यायाधीश श्री नरेन्द्र कुमार शिवाकोटी",False
070-CR-0106,आंशिक ठहर,"अध्यक्ष माननीय न्यायाधीश श्री नरेन्द्र कुमार शिवाकोटी
अध्यक्ष माननीय न्यायाधीश श्री प्रभा बस्नेत
अध्यक्ष माननीय न्यायाधीश श्री पवनकुमार शर्मा",False
070-CR-0107,आंशिक ठहर,"अध्यक्ष माननीय न्यायाधीश श्री नरेन्द्र कुमार शिवाकोटी
अध्यक्ष माननीय न्यायाधीश श्री प्रभा बस्नेत
अध्यक्ष माननीय न्यायाधीश श्री पवनकुमार शर्मा",False
070-CR-0108,ठहर,"अध्यक्ष माननीय न्यायाधीश श्री भूपेन्द्र प्रसाद राई
अध्यक्ष माननीय न्यायाधीश श्री महेश प्रसाद पुडासैनी",False
070-CR-0109,ठहर,"अध्यक्ष माननीय न्यायाधीश श्री मोहनरमण भट्टराई
अध्यक्ष माननीय न्यायाधीश श्री महेश प्रसाद पुडासैनी
अध्यक्ष माननीय न्यायाधीश श्री प्रभा बस्नेत",False
070-CR-0110,सफाई,इजलास अध्यक्ष माननीय न्यायाधीश श्री मोहन रमण भट्टराई सदस्य माननीय न्यायाधीश श्री प्रभा बस्नेत सदस्य माननीय न्यायाधीश श्री महेश प्रसाद पुडासैनी,True
070-CR-0111,ठहर,"अध्यक्ष माननीय न्यायाधीश श्री केदार प्रसाद चालिसे
अध्यक्ष माननीय न्यायाधीश श्री मोहनरमण भट्टराई
अध्यक्ष माननीय न्यायाधीश श्री भूपेन्द्र प्रसाद राई",False
070-CR-0112,ठहर,"अध्यक्ष माननीय न्यायाधीश श्री केदार प्रसाद चालिसे
अध्यक्ष माननीय न्यायाधीश श्री मोहनरमण भट्टराई
अध्यक्ष माननीय न्यायाधीश श्री भूपेन्द्र प्रसाद राई",False
070-CR-0113,सफाई,"अध्यक्ष माननीय न्यायाधीश श्री भूपेन्द्र प्रसाद राई
अध्यक्ष माननीय न्यायाधीश श्री प्रभा बस्नेत
अध्यक्ष माननीय न्यायाधीश श्री पवनकुमार शर्मा",False
070-CR-0114,सफाई,"अध्यक्ष माननीय न्यायाधीश श्री भूपेन्द्र प्रसाद राई
अध्यक्ष माननीय न्यायाधीश श्री नरेन्द्र कुमार शिवाकोटी
अध्यक्ष माननीय न्यायाधीश श्री प्रभा बस्नेत",False
070-CR-0115,ठहर,अध्यक्ष माननीय न्यायाधीश श्री भूपेन्द्र प्रसाद राई सदस्य माननीय न्यायाधीश श्री पवन कुमार शर्मा सदस्य माननीय न्यायाधीश श्री प्रभा बस्नेत,True
070-CR-0116,ठहर,"अध्यक्ष माननीय न्यायाधीश श्री मोहनरमण भट्टराई
अध्यक्ष माननीय न्यायाधीश श्री भूपेन्द्र प्रसाद राई
अध्यक्ष माननीय न्यायाधीश श्री नरेन्द्र कुमार शिवाकोटी",False
070-CR-0117,सफाई,"अध्यक्ष माननीय न्यायाधीश श्री भूपेन्द्र प्रसाद राई
अध्यक्ष माननीय न्यायाधीश श्री नरेन्द्र कुमार शिवाकोटी
अध्यक्ष माननीय न्यायाधीश श्री प्रभा बस्नेत",False
070-CR-0118,ठहर,"अध्यक्ष माननीय न्यायाधीश श्री मोहनरमण भट्टराई
अध्यक्ष माननीय न्यायाधीश श्री भूपेन्द्र प्रसाद राई
अध्यक्ष माननीय न्यायाधीश श्री नरेन्द्र कुमार शिवाकोटी",False
070-CR-0119,ठहर,"अध्यक्ष माननीय न्यायाधीश श्री मोहनरमण भट्टराई
अध्यक्ष माननीय न्यायाधीश श्री भूपेन्द्र प्रसाद राई",False
070-CR-0120,ठहर,इजलास अध्यक्ष माननीय न्यायाधीश श्री मोहनरमण भट्टराई सदस्य माननीय न्यायाधीश श्री महेश प्रसाद पुडासैनी,True
070-CR-0121,ठहर,"अध्यक्ष माननीय न्यायाधीश श्री मोहनरमण भट्टराई
अध्यक्ष माननीय न्यायाधीश श्री भूपेन्द्र प्रसाद राई
अध्यक्ष माननीय न्यायाधीश श्री नरेन्द्र कुमार शिवाकोटी",False
070-CR-0122,ठहर,अध्यक्ष माननीय न्यायाधीश श्री केदार प्रसाद चालिसे सदस्य माननीय न्यायाधीश श्री मोहनरमण भट्टराई सदस्य माननीय न्यायाधीश श्री भूपेन्द्र प्रसाद राई,True
070-CR-0123,ठहर,"अध्यक्ष माननीय न्यायाधीश श्री भूपेन्द्र प्रसाद राई
अध्यक्ष माननीय न्यायाधीश श्री महेश प्रसाद पुडासैनी
अध्यक्ष माननीय न्यायाधीश श्री पवनकुमार शर्मा",False
070-CR-0124,ठहर,"अध्यक्ष माननीय न्यायाधीश श्री मोहनरमण भट्टराई
अध्यक्ष माननीय न्यायाधीश श्री भूपेन्द्र प्रसाद राई
अध्यक्ष माननीय न्यायाधीश श्री पवनकुमार शर्मा",False
070-CR-0125,ठहर,अध्यक्ष माननीय न्यायाधीश श्री मोहनरमण भट्टराई सदस्य माननीय न्यायाधीश श्री भूपेन्द्र प्रसाद राई,True
070-CR-0126,ठहर,"अध्यक्ष माननीय न्यायाधीश श्री मोहनरमण भट्टराई
अध्यक्ष माननीय न्यायाधीश श्री भूपेन्द्र प्रसाद राई
अध्यक्ष माननीय न्यायाधीश श्री महेश प्रसाद पुडासैनी",False
070-CR-0127,ठहर,"अध्यक्ष माननीय न्यायाधीश श्री मोहनरमण भट्टराई
अध्यक्ष माननीय न्यायाधीश श्री भूपेन्द्र प्रसाद राई
अध्यक्ष माननीय न्यायाधीश श्री पवनकुमार शर्मा",False
070-CR-0128,ठहर,"अध्यक्ष माननीय न्यायाधीश श्री नरेन्द्र कुमार शिवाकोटी
अध्यक्ष माननीय न्यायाधीश श्री महेश प्रसाद पुडासैनी
अध्यक्ष माननीय न्यायाधीश श्री पवनकुमार शर्मा",False
070-CR-0129,सफाई,"अध्यक्ष माननीय न्यायाधीश श्री मोहनरमण भट्टराई
अध्यक्ष माननीय न्यायाधीश श्री भूपेन्द्र प्रसाद राई
अध्यक्ष माननीय न्यायाधीश श्री महेश प्रसाद पुडासैनी",False
070-CR-0130,सफाई,"अध्यक्ष माननीय न्यायाधीश श्री भूपेन्द्र प्रसाद राई
अध्यक्ष माननीय न्यायाधीश श्री नरेन्द्र कुमार शिवाकोटी
अध्यक्ष माननीय न्यायाधीश श्री प्रभा बस्नेत",False
070-CR-0131,ठहर,"अध्यक्ष माननीय न्यायाधीश श्री मोहनरमण भट्टराई
अध्यक्ष माननीय न्यायाधीश श्री महेश प्रसाद पुडासैनी
अध्यक्ष माननीय न्यायाधीश श्री पवनकुमार शर्मा",False
070-CR-0132,आंशिक ठहर,"अध्यक्ष माननीय न्यायाधीश श्री मोहनरमण भट्टराई
अध्यक्ष माननीय न्यायाधीश श्री महेश प्रसाद पुडासैनी
अध्यक्ष माननीय न्यायाधीश श्री प्रभा बस्नेत",False
070-CR-0133,ठहर,"अध्यक्ष माननीय न्यायाधीश श्री मोहनरमण भट्टराई
अध्यक्ष माननीय न्यायाधीश श्री महेश प्रसाद पुडासैनी
अध्यक्ष माननीय न्यायाधीश श्री प्रभा बस्नेत",False
070-CR-0134,सफाई,"अध्यक्ष माननीय न्यायाधीश श्री मोहनरमण भट्टराई
अध्यक्ष माननीय न्यायाधीश श्री नरेन्द्र कुमार शिवाकोटी
अध्यक्ष माननीय न्यायाधीश श्री प्रभा बस्नेत",False
070-CR-0135,आंशिक ठहर,"अध्यक्ष माननीय न्यायाधीश श्री मोहनरमण भट्टराई
अध्यक्ष माननीय न्यायाधीश श्री नरेन्द्र कुमार शिवाकोटी",False
070-CR-0136,ठहर,"अध्यक्ष माननीय न्यायाधीश श्री मोहनरमण भट्टराई
अध्यक्ष माननीय न्यायाधीश श्री महेश प्रसाद पुडासैनी
अध्यक्ष माननीय न्यायाधीश श्री प्रभा बस्नेत",False
070-CR-0137,ठहर,"अध्यक्ष माननीय न्यायाधीश श्री मोहनरमण भट्टराई
अध्यक्ष माननीय न्यायाधीश श्री भूपेन्द्र प्रसाद राई
अध्यक्ष माननीय न्यायाधीश श्री नरेन्द्र कुमार शिवाकोटी",False
070-CR-0138,सफाई,"अध्यक्ष माननीय न्यायाधीश श्री भूपेन्द्र प्रसाद राई
अध्यक्ष माननीय न्यायाधीश श्री महेश प्रसाद पुडासैनी
अध्यक्ष माननीय न्यायाधीश श्री पवनकुमार शर्मा",False
070-CR-0139,ठहर,"अध्यक्ष माननीय न्यायाधीश श्री मोहनरमण भट्टराई
अध्यक्ष माननीय न्यायाधीश श्री भूपेन्द्र प्रसाद राई
अध्यक्ष माननीय न्यायाधीश श्री नरेन्द्र कुमार शिवाकोटी",False
070-CR-0140,आंशिक ठहर,"अध्यक्ष माननीय न्यायाधीश श्री मोहनरमण भट्टराई
अध्यक्ष माननीय न्यायाधीश श्री नरेन्द्र कुमार शिवाकोटी
अध्यक्ष माननीय न्यायाधीश श्री प्रभा बस्नेत",False
070-CR-0141,सफाई,"अध्यक्ष माननीय न्यायाधीश श्री भूपेन्द्र प्रसाद राई
अध्यक्ष माननीय न्यायाधीश श्री नरेन्द्र कुमार शिवाकोटी
अध्यक्ष माननीय न्यायाधीश श्री प्रभा बस्नेत",False
070-CR-0142,सफाई,"अध्यक्ष माननीय न्यायाधीश श्री भूपेन्द्र प्रसाद राई
अध्यक्ष माननीय न्यायाधीश श्री महेश प्रसाद पुडासैनी",False
070-CR-0143,ठहर,"अध्यक्ष माननीय न्यायाधीश श्री मोहनरमण भट्टराई
अध्यक्ष माननीय न्यायाधीश श्री भूपेन्द्र प्रसाद राई
अध्यक्ष माननीय न्यायाधीश श्री नरेन्द्र कुमार शिवाकोटी",False
070-CR-0144,ठहर,"अध्यक्ष माननीय न्यायाधीश श्री मोहनरमण भट्टराई
अध्यक्ष माननीय न्यायाधीश श्री भूपेन्द्र प्रसाद राई
अध्यक्ष माननीय न्यायाधीश श्री नरेन्द्र कुमार शिवाकोटी",False
070-CR-0145,सफाई,"अध्यक्ष माननीय न्यायाधीश श्री भूपेन्द्र प्रसाद राई
अध्यक्ष माननीय न्यायाधीश श्री महेश प्रसाद पुडासैनी
अध्यक्ष माननीय न्यायाधीश श्री पवनकुमार शर्मा",False
070-CR-0146,ठहर,"अध्यक्ष माननीय न्यायाधीश श्री मोहनरमण भट्टराई
अध्यक्ष माननीय न्यायाधीश श्री नरेन्द्र कुमार शिवाकोटी",False
070-CR-0147,सफाई,"अध्यक्ष माननीय न्यायाधीश श्री मोहनरमण भट्टराई
अध्यक्ष माननीय न्यायाधीश श्री नरेन्द्र कुमार शिवाकोटी
अध्यक्ष माननीय न्यायाधीश श्री प्रभा बस्नेत",False
070-CR-0148,सफाई,"अध्यक्ष माननीय न्यायाधीश श्री मोहनरमण भट्टराई
अध्यक्ष माननीय न्यायाधीश श्री महेश प्रसाद पुडासैनी
अध्यक्ष माननीय न्यायाधीश श्री प्रभा बस्नेत",False
070-CR-0149,ठहर,"अध्यक्ष माननीय न्यायाधीश श्री भूपेन्द्र प्रसाद राई
अध्यक्ष माननीय न्यायाधीश श्री नरेन्द्र कुमार शिवाकोटी
अध्यक्ष माननीय न्यायाधीश श्री प्रभा बस्नेत",False
070-CR-0150,ठहर,"अध्यक्ष माननीय न्यायाधीश श्री भूपेन्द्र प्रसाद राई
अध्यक्ष माननीय न्यायाधीश श्री महेश प्रसाद पुडासैनी
अध्यक्ष माननीय न्यायाधीश श्री पवनकुमार शर्मा",False
070-CR-0151,सफाई,"अध्यक्ष माननीय न्यायाधीश श्री भूपेन्द्र प्रसाद राई
अध्यक्ष माननीय न्यायाधीश श्री नरेन्द्र कुमार शिवाकोटी
अध्यक्ष माननीय न्यायाधीश श्री पवनकुमार शर्मा",False
070-CR-0152,सफाई,"अध्यक्ष माननीय न्यायाधीश श्री मोहनरमण भट्टराई
अध्यक्ष माननीय न्यायाधीश श्री महेश प्रसाद पुडासैनी",False
070-CR-0153,ठहर,"अध्यक्ष माननीय न्यायाधीश श्री भूपेन्द्र प्रसाद राई
अध्यक्ष माननीय न्यायाधीश श्री नरेन्द्र कुमार शिवाकोटी
अध्यक्ष माननीय न्यायाधीश श्री पवनकुमार शर्मा",False
070-CR-0154,ठहर,"अध्यक्ष माननीय न्यायाधीश श्री भूपेन्द्र प्रसाद राई
अध्यक्ष माननीय न्यायाधीश श्री नरेन्द्र कुमार शिवाकोटी
अध्यक्ष माननीय न्यायाधीश श्री पवनकुमार शर्मा",False
070-CR-0155,सफाई,"अध्यक्ष माननीय न्यायाधीश श्री भूपेन्द्र प्रसाद राई
अध्यक्ष माननीय न्यायाधीश श्री महेश प्रसाद पुडासैनी
अध्यक्ष माननीय न्यायाधीश श्री पवनकुमार शर्मा",False
070-CR-0156,सफाई,"अध्यक्ष माननीय न्यायाधीश श्री भूपेन्द्र प्रसाद राई
अध्यक्ष माननीय न्यायाधीश श्री नरेन्द्र कुमार शिवाकोटी
अध्यक्ष माननीय न्यायाधीश श्री पवनकुमार शर्मा",False
070-CR-0157,सफाई,"अध्यक्ष माननीय न्यायाधीश श्री मोहनरमण भट्टराई
अध्यक्ष माननीय न्यायाधीश श्री नरेन्द्र कुमार शिवाकोटी
अध्यक्ष माननीय न्यायाधीश श्री प्रभा बस्नेत",False
070-CR-0158,आंशिक ठहर,"अध्यक्ष माननीय न्यायाधीश श्री मोहनरमण भट्टराई
अध्यक्ष माननीय न्यायाधीश श्री भूपेन्द्र प्रसाद राई
अध्यक्ष माननीय न्यायाधीश श्री महेश प्रसाद पुडासैनी",False
070-CR-0159,आंशिक ठहर,"अध्यक्ष माननीय न्यायाधीश श्री मोहनरमण भट्टराई
अध्यक्ष माननीय न्यायाधीश श्री प्रभा बस्नेत",False
070-CR-0160,सफाई,"अध्यक्ष माननीय न्यायाधीश श्री मोहनरमण भट्टराई
अध्यक्ष माननीय न्यायाधीश श्री नरेन्द्र कुमार शिवाकोटी
अध्यक्ष माननीय न्यायाधीश श्री महेश प्रसाद पुडासैनी",False
070-CR-0161,ठहर,"अध्यक्ष माननीय न्यायाधीश श्री मोहनरमण भट्टराई
अध्यक्ष माननीय न्यायाधीश श्री महेश प्रसाद पुडासैनी
अध्यक्ष माननीय न्यायाधीश श्री प्रभा बस्नेत",False
070-CR-0162,ठहर,"अध्यक्ष माननीय न्यायाधीश श्री मोहनरमण भट्टराई
अध्यक्ष माननीय न्यायाधीश श्री महेश प्रसाद पुडासैनी",False
070-CR-0164,ठहर,"अध्यक्ष माननीय न्यायाधीश श्री मोहनरमण भट्टराई
अध्यक्ष माननीय न्यायाधीश श्री महेश प्रसाद पुडासैनी
अध्यक्ष माननीय न्यायाधीश श्री प्रभा बस्नेत",False
070-CR-0165,सफाई,"अध्यक्ष माननीय न्यायाधीश श्री मोहनरमण भट्टराई
अध्यक्ष माननीय न्यायाधीश श्री भूपेन्द्र प्रसाद राई
अध्यक्ष माननीय न्यायाधीश श्री नरेन्द्र कुमार शिवाकोटी",False
070-CR-0166,आंशिक ठहर,"अध्यक्ष माननीय न्यायाधीश श्री मोहनरमण भट्टराई
अध्यक्ष माननीय न्यायाधीश श्री नरेन्द्र कुमार शिवाकोटी
अध्यक्ष माननीय न्यायाधीश श्री प्रभा बस्नेत",False
070-CR-0167,ठहर,"अध्यक्ष माननीय न्यायाधीश श्री मोहनरमण भट्टराई
अध्यक्ष माननीय न्यायाधीश श्री नरेन्द्र कुमार शिवाकोटी
अध्यक्ष माननीय न्यायाधीश श्री पवनकुमार शर्मा",False
070-CR-0168,ठहर,"अध्यक्ष माननीय न्यायाधीश श्री मोहनरमण भट्टराई
अध्यक्ष माननीय न्यायाधीश श्री महेश प्रसाद पुडासैनी
अध्यक्ष माननीय न्यायाधीश श्री प्रभा बस्नेत",False
070-CR-0169,आंशिक ठहर,"अध्यक्ष माननीय न्यायाधीश श्री भूपेन्द्र प्रसाद राई
अध्यक्ष माननीय न्यायाधीश श्री प्रभा बस्नेत
अध्यक्ष माननीय न्यायाधीश श्री पवनकुमार शर्मा",False
070-CR-0170,ठहर,"अध्यक्ष माननीय न्यायाधीश श्री नरेन्द्र कुमार शिवाकोटी
अध्यक्ष माननीय न्यायाधीश श्री महेश प्रसाद पुडासैनी
अध्यक्ष माननीय न्यायाधीश श्री पवनकुमार शर्मा",False
070-CR-0171,सफाई,"अध्यक्ष माननीय न्यायाधीश श्री मोहनरमण भट्टराई
अध्यक्ष माननीय न्यायाधीश श्री नरेन्द्र कुमार शिवाकोटी
अध्यक्ष माननीय न्यायाधीश श्री प्रभा बस्नेत",False
070-CR-0172,सफाई,"अध्यक्ष माननीय न्यायाधीश श्री नरेन्द्र कुमार शिवाकोटी
अध्यक्ष माननीय न्यायाधीश श्री पवनकुमार शर्मा",False
070-CR-0173,ठहर,अध्यक्ष माननीय न्यायाधीश श्री केदार प्रसाद चालिसे सदस्य माननीय न्यायाधीश श्री मोहनरमण भट्टराई सदस्य माननीय न्यायाधीश श्री भूपेन्द्र प्रसाद राई,True
070-CR-0174,ठहर,"अध्यक्ष माननीय न्यायाधीश श्री मोहनरमण भट्टराई
अध्यक्ष माननीय न्यायाधीश श्री नरेन्द्र कुमार शिवाकोटी
अध्यक्ष माननीय न्यायाधीश श्री प्रभा बस्नेत",False
070-CR-0175,ठहर,"अध्यक्ष माननीय न्यायाधीश श्री मोहनरमण भट्टराई
अध्यक्ष माननीय न्यायाधीश श्री भूपेन्द्र प्रसाद राई
अध्यक्ष माननीय न्यायाधीश श्री नरेन्द्र कुमार शिवाकोटी",False
070-CR-0176,ठहर,"अध्यक्ष माननीय न्यायाधीश श्री मोहनरमण भट्टराई
अध्यक्ष माननीय न्यायाधीश श्री भूपेन्द्र प्रसाद राई
अध्यक्ष माननीय न्यायाधीश श्री महेश प्रसाद पुडासैनी",False
070-CR-0177,सफाई,"अध्यक्ष माननीय न्यायाधीश श्री मोहनरमण भट्टराई
अध्यक्ष माननीय न्यायाधीश श्री भूपेन्द्र प्रसाद राई
अध्यक्ष माननीय न्यायाधीश श्री नरेन्द्र कुमार शिवाकोटी",False
070-CR-0178,ठहर,"अध्यक्ष माननीय न्यायाधीश श्री मोहनरमण भट्टराई
अध्यक्ष माननीय न्यायाधीश श्री नरेन्द्र कुमार शिवाकोटी
अध्यक्ष माननीय न्यायाधीश श्री महेश प्रसाद पुडासैनी",False
070-CR-0179,ठहर,"अध्यक्ष माननीय न्यायाधीश श्री भूपेन्द्र प्रसाद राई
अध्यक्ष माननीय न्यायाधीश श्री प्रभा बस्नेत
अध्यक्ष माननीय न्यायाधीश श्री पवनकुमार शर्मा",False
070-CR-0180,सफाई,"अध्यक्ष माननीय न्यायाधीश श्री मोहनरमण भट्टराई
अध्यक्ष माननीय न्यायाधीश श्री महेश प्रसाद पुडासैनी
अध्यक्ष माननीय न्यायाधीश श्री पवनकुमार शर्मा",False
070-CR-0181,ठहर,"अध्यक्ष माननीय न्यायाधीश श्री मोहनरमण भट्टराई
अध्यक्ष माननीय न्यायाधीश श्री महेश प्रसाद पुडासैनी
अध्यक्ष माननीय न्यायाधीश श्री प्रभा बस्नेत",False
070-CR-0183,सफाई,"अध्यक्ष माननीय न्यायाधीश श्री मोहनरमण भट्टराई
अध्यक्ष माननीय न्यायाधीश श्री नरेन्द्र कुमार शिवाकोटी
अध्यक्ष माननीय न्यायाधीश श्री पवनकुमार शर्मा",False
070-CR-0184,आंशिक ठहर,"अध्यक्ष माननीय न्यायाधीश श्री मोहनरमण भट्टराई
अध्यक्ष माननीय न्यायाधीश श्री महेश प्रसाद पुडासैनी
अध्यक्ष माननीय न्यायाधीश श्री प्रभा बस्नेत",False
070-CR-0185,सफाई,"अध्यक्ष माननीय न्यायाधीश श्री मोहनरमण भट्टराई
अध्यक्ष माननीय न्यायाधीश श्री भूपेन्द्र प्रसाद राई
अध्यक्ष माननीय न्यायाधीश श्री नरेन्द्र कुमार शिवाकोटी",False
070-CR-0186,ठहर,"अध्यक्ष माननीय न्यायाधीश श्री मोहनरमण भट्टराई
अध्यक्ष माननीय न्यायाधीश श्री महेश प्रसाद पुडासैनी",False
070-CR-0187,ठहर,"अध्यक्ष माननीय न्यायाधीश श्री मोहनरमण भट्टराई
अध्यक्ष माननीय न्यायाधीश श्री भूपेन्द्र प्रसाद राई
अध्यक्ष माननीय न्यायाधीश श्री नरेन्द्र कुमार शिवाकोटी",False
070-CR-0188,आंशिक ठहर,"अध्यक्ष माननीय न्यायाधीश श्री मोहनरमण भट्टराई
अध्यक्ष माननीय न्यायाधीश श्री नरेन्द्र कुमार शिवाकोटी
अध्यक्ष माननीय न्यायाधीश श्री महेश प्रसाद पुडासैनी",False
071-CR-0001,ठहर,"अध्यक्ष माननीय न्यायाधीश श्री भूपेन्द्र प्रसाद राई
अध्यक्ष माननीय न्यायाधीश श्री नरेन्द्र कुमार शिवाकोटी
अध्यक्ष माननीय न्यायाधीश श्री पवनकुमार शर्मा",False
071-CR-0002,सफाई,"अध्यक्ष माननीय न्यायाधीश श्री मोहनरमण भट्टराई
अध्यक्ष माननीय न्यायाधीश श्री महेश प्रसाद पुडासैनी
अध्यक्ष माननीय न्यायाधीश श्री प्रभा बस्नेत",False
071-CR-0003,सफाई,"अध्यक्ष माननीय न्यायाधीश श्री मोहनरमण भट्टराई
अध्यक्ष माननीय न्यायाधीश श्री भूपेन्द्र प्रसाद राई
अध्यक्ष माननीय न्यायाधीश श्री प्रभा बस्नेत",False
071-CR-0004,आंशिक ठहर,"अध्यक्ष माननीय न्यायाधीश श्री मोहनरमण भट्टराई
अध्यक्ष माननीय न्यायाधीश श्री नरेन्द्र कुमार शिवाकोटी
अध्यक्ष माननीय न्यायाधीश श्री महेश प्रसाद पुडासैनी",False
071-CR-0005,ठहर,"अध्यक्ष माननीय न्यायाधीश श्री मोहनरमण भट्टराई
अध्यक्ष माननीय न्यायाधीश श्री नरेन्द्र कुमार शिवाकोटी
अध्यक्ष माननीय न्यायाधीश श्री प्रभा बस्नेत",False
071-CR-0006,सफाई,"अध्यक्ष माननीय न्यायाधीश श्री मोहनरमण भट्टराई
अध्यक्ष माननीय न्यायाधीश श्री महेश प्रसाद पुडासैनी
अध्यक्ष माननीय न्यायाधीश श्री प्रभा बस्नेत",False
071-CR-0007,सफाई,"अध्यक्ष माननीय न्यायाधीश श्री मोहनरमण भट्टराई
अध्यक्ष माननीय न्यायाधीश श्री महेश प्रसाद पुडासैनी",False
071-CR-0008,सफाई,"अध्यक्ष माननीय न्यायाधीश श्री नरेन्द्र कुमार शिवाकोटी
अध्यक्ष माननीय न्यायाधीश श्री महेश प्रसाद पुडासैनी
अध्यक्ष माननीय न्यायाधीश श्री पवनकुमार शर्मा",False
071-CR-0009,ठहर,"अध्यक्ष माननीय न्यायाधीश श्री मोहनरमण भट्टराई
अध्यक्ष माननीय न्यायाधीश श्री नरेन्द्र कुमार शिवाकोटी
अध्यक्ष माननीय न्यायाधीश श्री महेश प्रसाद पुडासैनी",False
071-CR-0010,ठहर,अध्यक्ष माननीय न्यायाधीश श्री मोहनरमण भट्टराई सदस्य माननीय न्यायाधीश श्री महेश प्रसाद पुडासैनी,True
071-CR-0011,ठहर,"अध्यक्ष माननीय न्यायाधीश श्री मोहनरमण भट्टराई
अध्यक्ष माननीय न्यायाधीश श्री महेश प्रसाद पुडासैनी
अध्यक्ष माननीय न्यायाधीश श्री प्रभा बस्नेत",False
071-CR-0012,सफाई,"अध्यक्ष माननीय न्यायाधीश श्री मोहनरमण भट्टराई
अध्यक्ष माननीय न्यायाधीश श्री महेश प्रसाद पुडासैनी
अध्यक्ष माननीय न्यायाधीश श्री पवनकुमार शर्मा",False
071-CR-0013,सफाई,"अध्यक्ष माननीय न्यायाधीश श्री मोहनरमण भट्टराई
अध्यक्ष माननीय न्यायाधीश श्री नरेन्द्र कुमार शिवाकोटी
अध्यक्ष माननीय न्यायाधीश श्री महेश प्रसाद पुडासैनी",False
071-CR-0014,सफाई,"अध्यक्ष माननीय न्यायाधीश श्री नरेन्द्र कुमार शिवाकोटी
अध्यक्ष माननीय न्यायाधीश श्री प्रभा बस्नेत
अध्यक्ष माननीय न्यायाधीश श्री पवनकुमार शर्मा",False
071-CR-0015,सफाई,"अध्यक्ष माननीय न्यायाधीश श्री मोहनरमण भट्टराई
अध्यक्ष माननीय न्यायाधीश श्री पवनकुमार शर्मा",False
071-CR-0016,सफाई,"अध्यक्ष माननीय न्यायाधीश श्री मोहनरमण भट्टराई
अध्यक्ष माननीय न्यायाधीश श्री पवनकुमार शर्मा",False
071-CR-0017,आंशिक ठहर,"अध्यक्ष माननीय न्यायाधीश श्री महेश प्रसाद पुडासैनी
अध्यक्ष माननीय न्यायाधीश श्री प्रभा बस्नेत
अध्यक्ष माननीय न्यायाधीश श्री पवनकुमार शर्मा",False
071-CR-0018,ठहर,"अध्यक्ष माननीय न्यायाधीश श्री मोहनरमण भट्टराई
अध्यक्ष माननीय न्यायाधीश श्री महेश प्रसाद पुडासैनी
अध्यक्ष माननीय न्यायाधीश श्री प्रभा बस्नेत",False
071-CR-0019,सफाई,"अध्यक्ष माननीय न्यायाधीश श्री मोहनरमण भट्टराई
अध्यक्ष माननीय न्यायाधीश श्री नरेन्द्र कुमार शिवाकोटी",False
071-CR-0020,ठहर,"अध्यक्ष माननीय न्यायाधीश श्री मोहनरमण भट्टराई
अध्यक्ष माननीय न्यायाधीश श्री प्रभा बस्नेत",False
071-CR-0021,ठहर,"अध्यक्ष माननीय न्यायाधीश श्री भूपेन्द्र प्रसाद राई
अध्यक्ष माननीय न्यायाधीश श्री महेश प्रसाद पुडासैनी
अध्यक्ष माननीय न्यायाधीश श्री प्रभा बस्नेत",False
071-CR-0022,ठहर,"अध्यक्ष माननीय न्यायाधीश श्री मोहनरमण भट्टराई
अध्यक्ष माननीय न्यायाधीश श्री भूपेन्द्र प्रसाद राई",False
071-CR-0023,सफाई,"अध्यक्ष माननीय न्यायाधीश श्री महेश प्रसाद पुडासैनी
अध्यक्ष माननीय न्यायाधीश श्री पवनकुमार शर्मा",False
071-CR-0024,सफाई,"अध्यक्ष माननीय न्यायाधीश श्री बाबुराम रेग्मी
अध्यक्ष माननीय न्यायाधीश श्री चण्डीराज ढकाल",False
071-CR-0025,सफाई,"अध्यक्ष माननीय न्यायाधीश श्री भूपेन्द्र प्रसाद राई
अध्यक्ष माननीय न्यायाधीश श्री महेश प्रसाद पुडासैनी
अध्यक्ष माननीय न्यायाधीश श्री पवनकुमार शर्मा",False
071-CR-0026,सफाई,"अध्यक्ष माननीय न्यायाधीश श्री मोहनरमण भट्टराई
अध्यक्ष माननीय न्यायाधीश श्री नरेन्द्र कुमार शिवाकोटी
अध्यक्ष माननीय न्यायाधीश श्री महेश प्रसाद पुडासैनी",False
071-CR-0027,सफाई,"अध्यक्ष माननीय न्यायाधीश श्री मोहनरमण भट्टराई
अध्यक्ष माननीय न्यायाधीश श्री भूपेन्द्र प्रसाद राई
अध्यक्ष माननीय न्यायाधीश श्री नरेन्द्र कुमार शिवाकोटी",False
071-CR-0028,सफाई,"अध्यक्ष माननीय न्यायाधीश श्री बाबुराम रेग्मी
अध्यक्ष माननीय न्यायाधीश श्री प्रभा बस्नेत
अध्यक्ष माननीय न्यायाधीश श्री पवनकुमार शर्मा",False
071-CR-0029,सफाई,"अध्यक्ष माननीय न्यायाधीश श्री मोहनरमण भट्टराई
अध्यक्ष माननीय न्यायाधीश श्री महेश प्रसाद पुडासैनी
अध्यक्ष माननीय न्यायाधीश श्री प्रभा बस्नेत",False
071-CR-0030,सफाई,"अध्यक्ष माननीय न्यायाधीश श्री भूपेन्द्र प्रसाद राई
अध्यक्ष माननीय न्यायाधीश श्री नरेन्द्र कुमार शिवाकोटी
अध्यक्ष माननीय न्यायाधीश श्री पवनकुमार शर्मा",False
071-CR-0031,ठहर,"अध्यक्ष माननीय न्यायाधीश श्री मोहनरमण भट्टराई
अध्यक्ष माननीय न्यायाधीश श्री भूपेन्द्र प्रसाद राई
अध्यक्ष माननीय न्यायाधीश श्री प्रभा बस्नेत",False
071-CR-0032,ठहर,"अध्यक्ष माननीय न्यायाधीश श्री मोहनरमण भट्टराई
अध्यक्ष माननीय न्यायाधीश श्री महेश प्रसाद पुडासैनी
अध्यक्ष माननीय न्यायाधीश श्री पवनकुमार शर्मा",False
071-CR-0033,ठहर,"अध्यक्ष माननीय न्यायाधीश श्री भूपेन्द्र प्रसाद राई
अध्यक्ष माननीय न्यायाधीश श्री नरेन्द्र कुमार शिवाकोटी
अध्यक्ष माननीय न्यायाधीश श्री प्रभा बस्नेत",False
071-CR-0034,सफाई,"अध्यक्ष माननीय न्यायाधीश श्री मोहनरमण भट्टराई
अध्यक्ष माननीय न्यायाधीश श्री नरेन्द्र कुमार शिवाकोटी
अध्यक्ष माननीय न्यायाधीश श्री महेश प्रसाद पुडासैनी",False
071-CR-0035,ठहर,"अध्यक्ष माननीय न्यायाधीश श्री नरेन्द्र कुमार शिवाकोटी
अध्यक्ष माननीय न्यायाधीश श्री महेश प्रसाद पुडासैनी
अध्यक्ष माननीय न्यायाधीश श्री पवनकुमार शर्मा",False
071-CR-0036,ठहर,"अध्यक्ष माननीय न्यायाधीश श्री मोहनरमण भट्टराई
अध्यक्ष माननीय न्यायाधीश श्री महेश प्रसाद पुडासैनी",False
071-CR-0037,ठहर,"अध्यक्ष माननीय न्यायाधीश श्री महेश प्रसाद पुडासैनी
अध्यक्ष माननीय न्यायाधीश श्री प्रभा बस्नेत",False
071-CR-0038,आंशिक ठहर,"अध्यक्ष माननीय न्यायाधीश श्री भूपेन्द्र प्रसाद राई
अध्यक्ष माननीय न्यायाधीश श्री नरेन्द्र कुमार शिवाकोटी
अध्यक्ष माननीय न्यायाधीश श्री पवनकुमार शर्मा",False
071-CR-0039,ठहर,"अध्यक्ष माननीय न्यायाधीश श्री मोहनरमण भट्टराई
अध्यक्ष माननीय न्यायाधीश श्री महेश प्रसाद पुडासैनी
अध्यक्ष माननीय न्यायाधीश श्री पवनकुमार शर्मा",False
071-CR-0041,ठहर,"अध्यक्ष माननीय न्यायाधीश श्री भूपेन्द्र प्रसाद राई
अध्यक्ष माननीय न्यायाधीश श्री प्रभा बस्नेत
अध्यक्ष माननीय न्यायाधीश श्री पवनकुमार शर्मा",False
071-CR-0042,ठहर,"अध्यक्ष माननीय न्यायाधीश श्री मोहनरमण भट्टराई
अध्यक्ष माननीय न्यायाधीश श्री नरेन्द्र कुमार शिवाकोटी
अध्यक्ष माननीय न्यायाधीश श्री प्रभा बस्नेत",False
071-CR-0043,ठहर,"अध्यक्ष माननीय न्यायाधीश श्री मोहनरमण भट्टराई
अध्यक्ष माननीय न्यायाधीश श्री पवनकुमार शर्मा",False
071-CR-0044,ठहर,"अध्यक्ष माननीय न्यायाधीश श्री मोहनरमण भट्टराई
अध्यक्ष माननीय न्यायाधीश श्री भूपेन्द्र प्रसाद राई
अध्यक्ष माननीय न्यायाधीश श्री महेश प्रसाद पुडासैनी",False
071-CR-0045,सफाई,"अध्यक्ष माननीय न्यायाधीश श्री भूपेन्द्र प्रसाद राई
अध्यक्ष माननीय न्यायाधीश श्री महेश प्रसाद पुडासैनी
अध्यक्ष माननीय न्यायाधीश श्री पवनकुमार शर्मा",False
071-CR-0046,ठहर,"अध्यक्ष माननीय न्यायाधीश श्री भूपेन्द्र प्रसाद राई
अध्यक्ष माननीय न्यायाधीश श्री नरेन्द्र कुमार शिवाकोटी
अध्यक्ष माननीय न्यायाधीश श्री महेश प्रसाद पुडासैनी",False
071-CR-0047,ठहर,"अध्यक्ष माननीय न्यायाधीश श्री नरेन्द्र कुमार शिवाकोटी
अध्यक्ष माननीय न्यायाधीश श्री महेश प्रसाद पुडासैनी
अध्यक्ष माननीय न्यायाधीश श्री पवनकुमार शर्मा",False
071-CR-0048,ठहर,"अध्यक्ष माननीय न्यायाधीश श्री मोहनरमण भट्टराई
अध्यक्ष माननीय न्यायाधीश श्री भूपेन्द्र प्रसाद राई
अध्यक्ष माननीय न्यायाधीश श्री प्रभा बस्नेत",False
071-CR-0050,ठहर,"अध्यक्ष माननीय न्यायाधीश श्री भूपेन्द्र प्रसाद राई
अध्यक्ष माननीय न्यायाधीश श्री नरेन्द्र कुमार शिवाकोटी
अध्यक्ष माननीय न्यायाधीश श्री प्रभा बस्नेत",False
071-CR-0051,ठहर,"अध्यक्ष माननीय न्यायाधीश श्री भूपेन्द्र प्रसाद राई
अध्यक्ष माननीय न्यायाधीश श्री महेश प्रसाद पुडासैनी
अध्यक्ष माननीय न्यायाधीश श्री पवनकुमार शर्मा",False
071-CR-0052,ठहर,"अध्यक्ष माननीय न्यायाधीश श्री मोहनरमण भट्टराई
अध्यक्ष माननीय न्यायाधीश श्री महेश प्रसाद पुडासैनी",False
071-CR-0053,सफाई,"अध्यक्ष माननीय न्यायाधीश श्री मोहनरमण भट्टराई
अध्यक्ष माननीय न्यायाधीश श्री महेश प्रसाद पुडासैनी
अध्यक्ष माननीय न्यायाधीश श्री प्रभा बस्नेत",False
071-CR-0054,ठहर,"अध्यक्ष माननीय न्यायाधीश श्री मोहनरमण भट्टराई
अध्यक्ष माननीय न्यायाधीश श्री नरेन्द्र कुमार शिवाकोटी
अध्यक्ष माननीय न्यायाधीश श्री महेश प्रसाद पुडासैनी",False
071-CR-0055,सफाई,"अध्यक्ष माननीय न्यायाधीश श्री महेश प्रसाद पुडासैनी
अध्यक्ष माननीय न्यायाधीश श्री प्रभा बस्नेत
अध्यक्ष माननीय न्यायाधीश श्री पवनकुमार शर्मा",False
071-CR-0056,ठहर,"अध्यक्ष माननीय न्यायाधीश श्री महेश प्रसाद पुडासैनी
अध्यक्ष माननीय न्यायाधीश श्री पवनकुमार शर्मा",False
071-CR-0057,सफाई,"अध्यक्ष माननीय न्यायाधीश श्री भूपेन्द्र प्रसाद राई
अध्यक्ष माननीय न्यायाधीश श्री प्रभा बस्नेत
अध्यक्ष माननीय न्यायाधीश श्री पवनकुमार शर्मा",False
071-CR-0058,सफाई,"अध्यक्ष माननीय न्यायाधीश श्री भूपेन्द्र प्रसाद राई
अध्यक्ष माननीय न्यायाधीश श्री नरेन्द्र कुमार शिवाकोटी
अध्यक्ष माननीय न्यायाधीश श्री महेश प्रसाद पुडासैनी",False
071-CR-0059,ठहर,"अध्यक्ष माननीय न्यायाधीश श्री मोहनरमण भट्टराई
अध्यक्ष माननीय न्यायाधीश श्री नरेन्द्र कुमार शिवाकोटी
अध्यक्ष माननीय न्यायाधीश श्री महेश प्रसाद पुडासैनी",False
071-CR-0060,आंशिक ठहर,"अध्यक्ष माननीय न्यायाधीश श्री मोहनरमण भट्टराई
अध्यक्ष माननीय न्यायाधीश श्री महेश प्रसाद पुडासैनी
अध्यक्ष माननीय न्यायाधीश श्री प्रभा बस्नेत",False
071-CR-0061,आंशिक ठहर,"अध्यक्ष माननीय न्यायाधीश श्री महेश प्रसाद पुडासैनी
अध्यक्ष माननीय न्यायाधीश श्री प्रभा बस्नेत
अध्यक्ष माननीय न्यायाधीश श्री पवनकुमार शर्मा",False
071-CR-0062,आंशिक ठहर,"अध्यक्ष माननीय न्यायाधीश श्री महेश प्रसाद पुडासैनी
अध्यक्ष माननीय न्यायाधीश श्री प्रभा बस्नेत
अध्यक्ष माननीय न्यायाधीश श्री पवनकुमार शर्मा",False
071-CR-0063,आंशिक ठहर,"अध्यक्ष माननीय न्यायाधीश श्री महेश प्रसाद पुडासैनी
अध्यक्ष माननीय न्यायाधीश श्री प्रभा बस्नेत
अध्यक्ष माननीय न्यायाधीश श्री पवनकुमार शर्मा",False
071-CR-0064,आंशिक ठहर,"अध्यक्ष माननीय न्यायाधीश श्री महेश प्रसाद पुडासैनी
अध्यक्ष माननीय न्यायाधीश श्री प्रभा बस्नेत
अध्यक्ष माननीय न्यायाधीश श्री पवनकुमार शर्मा",False
071-CR-0065,आंशिक ठहर,"अध्यक्ष माननीय न्यायाधीश श्री महेश प्रसाद पुडासैनी
अध्यक्ष माननीय न्यायाधीश श्री प्रभा बस्नेत
अध्यक्ष माननीय न्यायाधीश श्री पवनकुमार शर्मा",False
071-CR-0066,ठहर,"अध्यक्ष माननीय न्यायाधीश श्री मोहनरमण भट्टराई
अध्यक्ष माननीय न्यायाधीश श्री भूपेन्द्र प्रसाद राई
अध्यक्ष माननीय न्यायाधीश श्री महेश प्रसाद पुडासैनी",False
071-CR-0067,ठहर,"अध्यक्ष माननीय न्यायाधीश श्री मोहनरमण भट्टराई
अध्यक्ष माननीय न्यायाधीश श्री नरेन्द्र कुमार शिवाकोटी",False
071-CR-0068,ठहर,"अध्यक्ष माननीय न्यायाधीश श्री मोहनरमण भट्टराई
अध्यक्ष माननीय न्यायाधीश श्री महेश प्रसाद पुडासैनी",False
071-CR-0069,सफाई,"अध्यक्ष माननीय न्यायाधीश श्री नरेन्द्र कुमार शिवाकोटी
अध्यक्ष माननीय न्यायाधीश श्री प्रभा बस्नेत
अध्यक्ष माननीय न्यायाधीश श्री पवनकुमार शर्मा",False
071-CR-0070,ठहर,"अध्यक्ष माननीय न्यायाधीश श्री भूपेन्द्र प्रसाद राई
अध्यक्ष माननीय न्यायाधीश श्री नरेन्द्र कुमार शिवाकोटी
अध्यक्ष माननीय न्यायाधीश श्री पवनकुमार शर्मा",False
071-CR-0071,आंशिक ठहर,"अध्यक्ष माननीय न्यायाधीश श्री बाबुराम रेग्मी
अध्यक्ष माननीय न्यायाधीश श्री द्वारिकामान जोशी
अध्यक्ष माननीय न्यायाधीश श्री प्रमोदकुमार श्रेष्ठ वैद्य",False
071-CR-0072,ठहर,"अध्यक्ष माननीय न्यायाधीश श्री नरेन्द्र कुमार शिवाकोटी
अध्यक्ष माननीय न्यायाधीश श्री प्रभा बस्नेत
अध्यक्ष माननीय न्यायाधीश श्री पवनकुमार शर्मा",False
071-CR-0073,सफाई,"अध्यक्ष माननीय न्यायाधीश श्री भूपेन्द्र प्रसाद राई
अध्यक्ष माननीय न्यायाधीश श्री नरेन्द्र कुमार शिवाकोटी
अध्यक्ष माननीय न्यायाधीश श्री प्रभा बस्नेत",False
071-CR-0074,ठहर,"अध्यक्ष माननीय न्यायाधीश श्री नरेन्द्र कुमार शिवाकोटी
अध्यक्ष माननीय न्यायाधीश श्री महेश प्रसाद पुडासैनी
अध्यक्ष माननीय न्यायाधीश श्री पवनकुमार शर्मा",False
071-CR-0075,सफाई,"अध्यक्ष माननीय न्यायाधीश श्री बाबुराम रेग्मी
अध्यक्ष माननीय न्यायाधीश श्री चण्डीराज ढकाल
अध्यक्ष माननीय न्यायाधीश श्री नारायणप्रसाद पोखरेल",False
071-CR-0076,आंशिक ठहर,"अध्यक्ष माननीय न्यायाधीश श्री भूपेन्द्र प्रसाद राई
अध्यक्ष माननीय न्यायाधीश श्री प्रभा बस्नेत
अध्यक्ष माननीय न्यायाधीश श्री पवनकुमार शर्मा",False
071-CR-0077,ठहर,"अध्यक्ष माननीय न्यायाधीश श्री मोहनरमण भट्टराई
अध्यक्ष माननीय न्यायाधीश श्री महेश प्रसाद पुडासैनी
अध्यक्ष माननीय न्यायाधीश श्री बाबुराम रेग्मी",False
071-CR-0078,ठहर,"अध्यक्ष माननीय न्यायाधीश श्री मोहनरमण भट्टराई
अध्यक्ष माननीय न्यायाधीश श्री महेश प्रसाद पुडासैनी
अध्यक्ष माननीय न्यायाधीश श्री पवनकुमार शर्मा",False
071-CR-0079,सफाई,"अध्यक्ष माननीय न्यायाधीश श्री मोहनरमण भट्टराई
अध्यक्ष माननीय न्यायाधीश श्री प्रभा बस्नेत",False
071-CR-0080,ठहर,"अध्यक्ष माननीय न्यायाधीश श्री मोहनरमण भट्टराई
अध्यक्ष माननीय न्यायाधीश श्री महेश प्रसाद पुडासैनी
अध्यक्ष माननीय न्यायाधीश श्री पवनकुमार शर्मा",False
071-CR-0081,ठहर,"अध्यक्ष माननीय न्यायाधीश श्री भूपेन्द्र प्रसाद राई
अध्यक्ष माननीय न्यायाधीश श्री नरेन्द्र कुमार शिवाकोटी
अध्यक्ष माननीय न्यायाधीश श्री प्रभा बस्नेत",False
071-CR-0082,ठहर,"अध्यक्ष माननीय न्यायाधीश श्री मोहनरमण भट्टराई
अध्यक्ष माननीय न्यायाधीश श्री महेश प्रसाद पुडासैनी
अध्यक्ष माननीय न्यायाधीश श्री प्रभा बस्नेत",False
071-CR-0083,सफाई,"अध्यक्ष माननीय न्यायाधीश श्री भूपेन्द्र प्रसाद राई
अध्यक्ष माननीय न्यायाधीश श्री महेश प्रसाद पुडासैनी
अध्यक्ष माननीय न्यायाधीश श्री प्रभा बस्नेत",False
071-CR-0084,ठहर,"अध्यक्ष माननीय न्यायाधीश श्री मोहनरमण भट्टराई
अध्यक्ष माननीय न्यायाधीश श्री महेश प्रसाद पुडासैनी
अध्यक्ष माननीय न्यायाधीश श्री पवनकुमार शर्मा",False
071-CR-0085,सफाई,"अध्यक्ष माननीय न्यायाधीश श्री मोहनरमण भट्टराई
अध्यक्ष माननीय न्यायाधीश श्री भूपेन्द्र प्रसाद राई",False
071-CR-0086,ठहर,"अध्यक्ष माननीय न्यायाधीश श्री मोहनरमण भट्टराई
अध्यक्ष माननीय न्यायाधीश श्री भूपेन्द्र प्रसाद राई
अध्यक्ष माननीय न्यायाधीश श्री पवनकुमार शर्मा",False
071-CR-0087,सफाई,"अध्यक्ष माननीय न्यायाधीश श्री मोहनरमण भट्टराई
अध्यक्ष माननीय न्यायाधीश श्री महेश प्रसाद पुडासैनी
अध्यक्ष माननीय न्यायाधीश श्री प्रभा बस्नेत",False
071-CR-0088,सफाई,"अध्यक्ष माननीय न्यायाधीश श्री मोहनरमण भट्टराई
अध्यक्ष माननीय न्यायाधीश श्री प्रभा बस्नेत",False
071-CR-0089,आंशिक ठहर,"अध्यक्ष माननीय न्यायाधीश श्री नरेन्द्र कुमार शिवाकोटी
अध्यक्ष माननीय न्यायाधीश श्री प्रभा बस्नेत
अध्यक्ष माननीय न्यायाधीश श्री पवनकुमार शर्मा",False
071-CR-0090,ठहर,"अध्यक्ष माननीय न्यायाधीश श्री मोहनरमण भट्टराई
अध्यक्ष माननीय न्यायाधीश श्री महेश प्रसाद पुडासैनी
अध्यक्ष माननीय न्यायाधीश श्री पवनकुमार शर्मा",False
071-CR-0091,सफाई,"अध्यक्ष माननीय न्यायाधीश श्री नरेन्द्र कुमार शिवाकोटी
अध्यक्ष माननीय न्यायाधीश श्री महेश प्रसाद पुडासैनी
अध्यक्ष माननीय न्यायाधीश श्री पवनकुमार शर्मा",False
071-CR-0092,ठहर,"अध्यक्ष माननीय न्यायाधीश श्री मोहनरमण भट्टराई
अध्यक्ष माननीय न्यायाधीश श्री नरेन्द्र कुमार शिवाकोटी
अध्यक्ष माननीय न्यायाधीश श्री बाबुराम रेग्मी",False
071-CR-0093,सफाई,"अध्यक्ष माननीय न्यायाधीश श्री मोहनरमण भट्टराई
अध्यक्ष माननीय न्यायाधीश श्री महेश प्रसाद पुडासैनी
अध्यक्ष माननीय न्यायाधीश श्री पवनकुमार शर्मा",False
071-CR-0094,सफाई,इजलास अध्यक्ष माननीय न्यायाधीश श्री मोहनरमण भट्टराई सदस्य माननीय न्यायाधीश श्री नरेन्द्र कुमार शिवाकोटी सदस्य माननीय न्यायाधीश श्री प्रभा बस्नेत,True
071-CR-0095,ठहर,"अध्यक्ष माननीय न्यायाधीश श्री भूपेन्द्र प्रसाद राई
अध्यक्ष माननीय न्यायाधीश श्री नरेन्द्र कुमार शिवाकोटी
अध्यक्ष माननीय न्यायाधीश श्री प्रभा बस्नेत",False
071-CR-0096,सफाई,"अध्यक्ष माननीय न्यायाधीश श्री मोहनरमण भट्टराई
अध्यक्ष माननीय न्यायाधीश श्री महेश प्रसाद पुडासैनी
अध्यक्ष माननीय न्यायाधीश श्री पवनकुमार शर्मा",False
071-CR-0097,ठहर,"अध्यक्ष माननीय न्यायाधीश श्री नरेन्द्र कुमार शिवाकोटी
अध्यक्ष माननीय न्यायाधीश श्री महेश प्रसाद पुडासैनी
अध्यक्ष माननीय न्यायाधीश श्री पवनकुमार शर्मा",False
071-CR-0098,सफाई,"अध्यक्ष माननीय न्यायाधीश श्री मोहनरमण भट्टराई
अध्यक्ष माननीय न्यायाधीश श्री महेश प्रसाद पुडासैनी",False
071-CR-0099,ठहर,इजलास अध्यक्ष माननीय न्यायाधीश श्री मोहनरमण भट्टराई सदस्य माननीय न्यायाधीश श्री नरेन्द्र कुमार शिवाकोटी,True
071-CR-0100,ठहर,"अध्यक्ष माननीय न्यायाधीश श्री मोहनरमण भट्टराई
अध्यक्ष माननीय न्यायाधीश श्री नरेन्द्र कुमार शिवाकोटी
अध्यक्ष माननीय न्यायाधीश श्री प्रभा बस्नेत",False
071-CR-0101,सफाई,"अध्यक्ष माननीय न्यायाधीश श्री मोहनरमण भट्टराई
अध्यक्ष माननीय न्यायाधीश श्री नरेन्द्र कुमार शिवाकोटी
अध्यक्ष माननीय न्यायाधीश श्री पवनकुमार शर्मा",False
071-CR-0102,सफाई,"अध्यक्ष माननीय न्यायाधीश श्री मोहनरमण भट्टराई
अध्यक्ष माननीय न्यायाधीश श्री नरेन्द्र कुमार शिवाकोटी
अध्यक्ष माननीय न्यायाधीश श्री प्रभा बस्नेत",False
071-CR-0103,सफाई,"अध्यक्ष माननीय न्यायाधीश श्री नरेन्द्र कुमार शिवाकोटी
अध्यक्ष माननीय न्यायाधीश श्री प्रभा बस्नेत
अध्यक्ष माननीय न्यायाधीश श्री पवनकुमार शर्मा",False
071-CR-0104,सफाई,"अध्यक्ष माननीय न्यायाधीश श्री भूपेन्द्र प्रसाद राई
अध्यक्ष माननीय न्यायाधीश श्री नरेन्द्र कुमार शिवाकोटी
अध्यक्ष माननीय न्यायाधीश श्री प्रभा बस्नेत",False
071-CR-0105,सफाई,"अध्यक्ष माननीय न्यायाधीश श्री भूपेन्द्र प्रसाद राई
अध्यक्ष माननीय न्यायाधीश श्री महेश प्रसाद पुडासैनी
अध्यक्ष माननीय न्यायाधीश श्री प्रभा बस्नेत",False
071-CR-0106,सफाई,"अध्यक्ष माननीय न्यायाधीश श्री मोहनरमण भट्टराई
अध्यक्ष माननीय न्यायाधीश श्री नरेन्द्र कुमार शिवाकोटी
अध्यक्ष माननीय न्यायाधीश श्री प्रभा बस्नेत",False
071-CR-0107,ठहर,"अध्यक्ष माननीय न्यायाधीश श्री मोहनरमण भट्टराई
अध्यक्ष माननीय न्यायाधीश श्री पवनकुमार शर्मा",False
071-CR-0108,सफाई,"अध्यक्ष माननीय न्यायाधीश श्री मोहनरमण भट्टराई
अध्यक्ष माननीय न्यायाधीश श्री नरेन्द्र कुमार शिवाकोटी
अध्यक्ष माननीय न्यायाधीश श्री प्रभा बस्नेत",False
071-CR-0109,ठहर,"अध्यक्ष माननीय न्यायाधीश श्री मोहनरमण भट्टराई
अध्यक्ष माननीय न्यायाधीश श्री नरेन्द्र कुमार शिवाकोटी
अध्यक्ष माननीय न्यायाधीश श्री पवनकुमार शर्मा",False
071-CR-0110,ठहर,"अध्यक्ष माननीय न्यायाधीश श्री भूपेन्द्र प्रसाद राई
अध्यक्ष माननीय न्यायाधीश श्री प्रभा बस्नेत",False
071-CR-0111,सफाई,"अध्यक्ष माननीय न्यायाधीश श्री मोहनरमण भट्टराई
अध्यक्ष माननीय न्यायाधीश श्री नरेन्द्र कुमार शिवाकोटी
अध्यक्ष माननीय न्यायाधीश श्री प्रभा बस्नेत",False
071-CR-0112,ठहर,"अध्यक्ष माननीय न्यायाधीश श्री मोहनरमण भट्टराई
अध्यक्ष माननीय न्यायाधीश श्री महेश प्रसाद पुडासैनी
अध्यक्ष माननीय न्यायाधीश श्री प्रभा बस्नेत",False
071-CR-0113,सफाई,"अध्यक्ष माननीय न्यायाधीश श्री मोहनरमण भट्टराई
अध्यक्ष माननीय न्यायाधीश श्री भूपेन्द्र प्रसाद राई
अध्यक्ष माननीय न्यायाधीश श्री नरेन्द्र कुमार शिवाकोटी",False
071-CR-0114,ठहर,"अध्यक्ष माननीय न्यायाधीश श्री मोहनरमण भट्टराई
अध्यक्ष माननीय न्यायाधीश श्री नरेन्द्र कुमार शिवाकोटी
अध्यक्ष माननीय न्यायाधीश श्री पवनकुमार शर्मा",False
071-CR-0115,ठहर,"अध्यक्ष माननीय न्यायाधीश श्री मोहनरमण भट्टराई
अध्यक्ष माननीय न्यायाधीश श्री नरेन्द्र कुमार शिवाकोटी
अध्यक्ष माननीय न्यायाधीश श्री प्रभा बस्नेत",False
071-CR-0116,सफाई,"अध्यक्ष माननीय न्यायाधीश श्री महेश प्रसाद पुडासैनी
अध्यक्ष माननीय न्यायाधीश श्री पवनकुमार शर्मा",False
071-CR-0118,सफाई,"अध्यक्ष माननीय न्यायाधीश श्री मोहनरमण भट्टराई
अध्यक्ष माननीय न्यायाधीश श्री महेश प्रसाद पुडासैनी
अध्यक्ष माननीय न्यायाधीश श्री पवनकुमार शर्मा",False
071-CR-0119,सफाई,"अध्यक्ष माननीय न्यायाधीश श्री मोहनरमण भट्टराई
अध्यक्ष माननीय न्यायाधीश श्री भूपेन्द्र प्रसाद राई",False
071-CR-0120,सफाई,"अध्यक्ष माननीय न्यायाधीश श्री नरेन्द्र कुमार शिवाकोटी
अध्यक्ष माननीय न्यायाधीश श्री प्रभा बस्नेत
अध्यक्ष माननीय न्यायाधीश श्री पवनकुमार शर्मा",False
071-CR-0121,सफाई,"अध्यक्ष माननीय न्यायाधीश श्री मोहनरमण भट्टराई
अध्यक्ष माननीय न्यायाधीश श्री भूपेन्द्र प्रसाद राई
अध्यक्ष माननीय न्यायाधीश श्री नरेन्द्र कुमार शिवाकोटी",False
071-CR-0122,सफाई,"अध्यक्ष माननीय न्यायाधीश श्री मोहनरमण भट्टराई
अध्यक्ष माननीय न्यायाधीश श्री नरेन्द्र कुमार शिवाकोटी",False
071-CR-0123,ठहर,"अध्यक्ष माननीय न्यायाधीश श्री मोहनरमण भट्टराई
अध्यक्ष माननीय न्यायाधीश श्री नरेन्द्र कुमार शिवाकोटी
अध्यक्ष माननीय न्यायाधीश श्री पवनकुमार शर्मा",False
071-CR-0125,सफाई,"अध्यक्ष माननीय न्यायाधीश श्री मोहनरमण भट्टराई
अध्यक्ष माननीय न्यायाधीश श्री भूपेन्द्र प्रसाद राई",False
071-CR-0126,ठहर,इजलास अध्यक्ष माननीय न्यायाधीश श्री मोहनरमण भट्टराई सदस्य माननीय न्यायाधीश श्री प्रभा बस्नेत सदस्य माननीय न्यायाधीश श्री महेश प्रसाद पुडासैनी,True
071-CR-0127,ठहर,"अध्यक्ष माननीय न्यायाधीश श्री महेश प्रसाद पुडासैनी
अध्यक्ष माननीय न्यायाधीश श्री पवनकुमार शर्मा",False
071-CR-0128,सफाई,"अध्यक्ष माननीय न्यायाधीश श्री बाबुराम रेग्मी
अध्यक्ष माननीय न्यायाधीश श्री चण्डीराज ढकाल
अध्यक्ष माननीय न्यायाधीश श्री प्रमोदकुमार श्रेष्ठ वैद्य",False
071-CR-0129,सफाई,"अध्यक्ष माननीय न्यायाधीश श्री भूपेन्द्र प्रसाद राई
अध्यक्ष माननीय न्यायाधीश श्री महेश प्रसाद पुडासैनी
अध्यक्ष माननीय न्यायाधीश श्री पवनकुमार शर्मा",False
071-CR-0131,सफाई,"अध्यक्ष माननीय न्यायाधीश श्री नरेन्द्र कुमार शिवाकोटी
अध्यक्ष माननीय न्यायाधीश श्री महेश प्रसाद पुडासैनी
अध्यक्ष माननीय न्यायाधीश श्री पवनकुमार शर्मा",False
071-CR-0132,सफाई,"अध्यक्ष माननीय न्यायाधीश श्री मोहनरमण भट्टराई
अध्यक्ष माननीय न्यायाधीश श्री महेश प्रसाद पुडासैनी
अध्यक्ष माननीय न्यायाधीश श्री पवनकुमार शर्मा",False
071-CR-0133,ठहर,"अध्यक्ष माननीय न्यायाधीश श्री भूपेन्द्र प्रसाद राई
अध्यक्ष माननीय न्यायाधीश श्री नरेन्द्र कुमार शिवाकोटी
अध्यक्ष माननीय न्यायाधीश श्री प्रभा बस्नेत",False
071-CR-0134,ठहर,"अध्यक्ष माननीय न्यायाधीश श्री मोहनरमण भट्टराई
अध्यक्ष माननीय न्यायाधीश श्री नरेन्द्र कुमार शिवाकोटी
अध्यक्ष माननीय न्यायाधीश श्री प्रभा बस्नेत",False
071-CR-0135,ठहर,"अध्यक्ष माननीय न्यायाधीश श्री मोहनरमण भट्टराई
अध्यक्ष माननीय न्यायाधीश श्री महेश प्रसाद पुडासैनी",False
071-CR-0136,सफाई,"अध्यक्ष माननीय न्यायाधीश श्री भूपेन्द्र प्रसाद राई
अध्यक्ष माननीय न्यायाधीश श्री महेश प्रसाद पुडासैनी
अध्यक्ष माननीय न्यायाधीश श्री प्रभा बस्नेत",False
071-CR-0137,सफाई,इजलास अध्यक्ष माननीय न्यायाधीश श्री मोहनरमण भट्टराई सदस्य माननीय न्यायाधीश श्री नरेन्द्र कुमार शिवाकोटी सदस्य माननीय न्यायाधीश श्री प्रभा बस्नेत,True
071-CR-0138,सफाई,"अध्यक्ष माननीय न्यायाधीश श्री नरेन्द्र कुमार शिवाकोटी
अध्यक्ष माननीय न्यायाधीश श्री महेश प्रसाद पुडासैनी
अध्यक्ष माननीय न्यायाधीश श्री पवनकुमार शर्मा",False
071-CR-0139,सफाई,"अध्यक्ष माननीय न्यायाधीश श्री महेश प्रसाद पुडासैनी
अध्यक्ष माननीय न्यायाधीश श्री पवनकुमार शर्मा",False
071-CR-0140,सफाई,"अध्यक्ष माननीय न्यायाधीश श्री मोहनरमण भट्टराई
अध्यक्ष माननीय न्यायाधीश श्री महेश प्रसाद पुडासैनी",False
071-CR-0141,ठहर,"अध्यक्ष माननीय न्यायाधीश श्री भूपेन्द्र प्रसाद राई
अध्यक्ष माननीय न्यायाधीश श्री महेश प्रसाद पुडासैनी
अध्यक्ष माननीय न्यायाधीश श्री प्रभा बस्नेत",False
071-CR-0142,सफाई,"अध्यक्ष माननीय न्यायाधीश श्री मोहनरमण भट्टराई
अध्यक्ष माननीय न्यायाधीश श्री भूपेन्द्र प्रसाद राई
अध्यक्ष माननीय न्यायाधीश श्री महेश प्रसाद पुडासैनी",False
071-CR-0143,ठहर,"अध्यक्ष माननीय न्यायाधीश श्री भूपेन्द्र प्रसाद राई
अध्यक्ष माननीय न्यायाधीश श्री नरेन्द्र कुमार शिवाकोटी
अध्यक्ष माननीय न्यायाधीश श्री पवनकुमार शर्मा",False
071-CR-0144,ठहर,"अध्यक्ष माननीय न्यायाधीश श्री मोहनरमण भट्टराई
अध्यक्ष माननीय न्यायाधीश श्री भूपेन्द्र प्रसाद राई
अध्यक्ष माननीय न्यायाधीश श्री प्रभा बस्नेत",False
071-CR-0145,ठहर,"अध्यक्ष माननीय न्यायाधीश श्री भूपेन्द्र प्रसाद राई
अध्यक्ष माननीय न्यायाधीश श्री नरेन्द्र कुमार शिवाकोटी
अध्यक्ष माननीय न्यायाधीश श्री पवनकुमार शर्मा",False
071-CR-0146,आंशिक ठहर,"अध्यक्ष माननीय न्यायाधीश श्री मोहनरमण भट्टराई
अध्यक्ष माननीय न्यायाधीश श्री महेश प्रसाद पुडासैनी
अध्यक्ष माननीय न्यायाधीश श्री प्रभा बस्नेत",False
071-CR-0147,ठहर,"अध्यक्ष माननीय न्यायाधीश श्री भूपेन्द्र प्रसाद राई
अध्यक्ष माननीय न्यायाधीश श्री नरेन्द्र कुमार शिवाकोटी
अध्यक्ष माननीय न्यायाधीश श्री प्रभा बस्नेत",False
071-CR-0148,सफाई,"अध्यक्ष माननीय न्यायाधीश श्री मोहनरमण भट्टराई
अध्यक्ष माननीय न्यायाधीश श्री महेश प्रसाद पुडासैनी
अध्यक्ष माननीय न्यायाधीश श्री प्रभा बस्नेत",False
071-CR-0149,आंशिक ठहर,"अध्यक्ष माननीय न्यायाधीश श्री मोहनरमण भट्टराई
अध्यक्ष माननीय न्यायाधीश श्री प्रभा बस्नेत",False
071-CR-0150,सफाई,"अध्यक्ष माननीय न्यायाधीश श्री मोहनरमण भट्टराई
अध्यक्ष माननीय न्यायाधीश श्री नरेन्द्र कुमार शिवाकोटी
अध्यक्ष माननीय न्यायाधीश श्री प्रभा बस्नेत",False
071-CR-0151,सफाई,"अध्यक्ष माननीय न्यायाधीश श्री मोहनरमण भट्टराई
अध्यक्ष माननीय न्यायाधीश श्री भूपेन्द्र प्रसाद राई
अध्यक्ष माननीय न्यायाधीश श्री महेश प्रसाद पुडासैनी",False
071-CR-0152,सफाई,"अध्यक्ष माननीय न्यायाधीश श्री भूपेन्द्र प्रसाद राई
अध्यक्ष माननीय न्यायाधीश श्री महेश प्रसाद पुडासैनी
अध्यक्ष माननीय न्यायाधीश श्री पवनकुमार शर्मा",False
071-CR-0153,सफाई,"अध्यक्ष माननीय न्यायाधीश श्री महेश प्रसाद पुडासैनी
अध्यक्ष माननीय न्यायाधीश श्री प्रभा बस्नेत
अध्यक्ष माननीय न्यायाधीश श्री पवनकुमार शर्मा",False
071-CR-0154,ठहर,अध्यक्ष माननीय न्यायाधीश श्री मोहनरमण भट्टराई सदस्य माननीय न्यायाधीश श्री प्रभा बस्नेत सदस्य माननीय न्यायाधीश श्री महेशप्रसाद पुडासैनी,True
071-CR-0155,सफाई,अध्यक्ष माननीय न्यायाधीश श्री मोहनरमण भट्टराई सदस्य माननीय न्यायाधीश श्री भूपेन्द्र प्रसाद राई सदस्य माननीय न्यायाधीश श्री प्रभा बस्नेत,True
071-CR-0156,सफाई,"अध्यक्ष माननीय न्यायाधीश श्री मोहनरमण भट्टराई
अध्यक्ष माननीय न्यायाधीश श्री महेश प्रसाद पुडासैनी
अध्यक्ष माननीय न्यायाधीश श्री पवनकुमार शर्मा",False
071-CR-0157,सफाई,"अध्यक्ष माननीय न्यायाधीश श्री मोहनरमण भट्टराई
अध्यक्ष माननीय न्यायाधीश श्री नरेन्द्र कुमार शिवाकोटी
अध्यक्ष माननीय न्यायाधीश श्री पवनकुमार शर्मा",False
071-CR-0158,सफाई,"अध्यक्ष माननीय न्यायाधीश श्री मोहनरमण भट्टराई
अध्यक्ष माननीय न्यायाधीश श्री महेश प्रसाद पुडासैनी
अध्यक्ष माननीय न्यायाधीश श्री प्रभा बस्नेत",False
071-CR-0159,सफाई,"अध्यक्ष माननीय न्यायाधीश श्री मोहनरमण भट्टराई
अध्यक्ष माननीय न्यायाधीश श्री महेश प्रसाद पुडासैनी
अध्यक्ष माननीय न्यायाधीश श्री पवनकुमार शर्मा",False
071-CR-0160,सफाई,अध्यक्ष माननीय न्यायाधीश श्री बाबुराम रेग्मी सदस्य माननीय न्यायाधीश श्री रत्नबहादुर बागचन्द सदस्य माननीय न्यायाधीश श्री चण्डीराज ढकाल,True
071-CR-0161,सफाई,"अध्यक्ष माननीय न्यायाधीश श्री मोहनरमण भट्टराई
अध्यक्ष माननीय न्यायाधीश श्री महेश प्रसाद पुडासैनी
अध्यक्ष माननीय न्यायाधीश श्री पवनकुमार शर्मा",False
071-CR-0162,ठहर,"अध्यक्ष माननीय न्यायाधीश श्री मोहनरमण भट्टराई
अध्यक्ष माननीय न्यायाधीश श्री महेश प्रसाद पुडासैनी",False
071-CR-0163,सफाई,"अध्यक्ष माननीय न्यायाधीश श्री मोहनरमण भट्टराई
अध्यक्ष माननीय न्यायाधीश श्री भूपेन्द्र प्रसाद राई
अध्यक्ष माननीय न्यायाधीश श्री पवनकुमार शर्मा",False
071-CR-0164,सफाई,"अध्यक्ष माननीय न्यायाधीश श्री मोहनरमण भट्टराई
अध्यक्ष माननीय न्यायाधीश श्री नरेन्द्र कुमार शिवाकोटी
अध्यक्ष माननीय न्यायाधीश श्री प्रभा बस्नेत",False
071-CR-0165,सफाई,"अध्यक्ष माननीय न्यायाधीश श्री मोहनरमण भट्टराई
अध्यक्ष माननीय न्यायाधीश श्री नरेन्द्र कुमार शिवाकोटी
अध्यक्ष माननीय न्यायाधीश श्री महेश प्रसाद पुडासैनी",False
071-CR-0166,सफाई,इजलास अध्यक्ष माननीय न्यायाधीश श्री भूपेन्द्र प्रसाद राई सदस्य माननीय न्यायाधीश श्री पवन कुमार शर्मा सदस्य माननीय न्यायाधीश श्री प्रभा बस्नेत,True
071-CR-0167,सफाई,"अध्यक्ष माननीय न्यायाधीश श्री मोहनरमण भट्टराई
अध्यक्ष माननीय न्यायाधीश श्री महेश प्रसाद पुडासैनी",False
071-CR-0168,सफाई,"अध्यक्ष माननीय न्यायाधीश श्री मोहनरमण भट्टराई
अध्यक्ष माननीय न्यायाधीश श्री भूपेन्द्र प्रसाद राई
अध्यक्ष माननीय न्यायाधीश श्री प्रभा बस्नेत",False
071-CR-0169,ठहर,"अध्यक्ष माननीय न्यायाधीश श्री मोहनरमण भट्टराई
अध्यक्ष माननीय न्यायाधीश श्री महेश प्रसाद पुडासैनी
अध्यक्ष माननीय न्यायाधीश श्री पवनकुमार शर्मा",False
071-CR-0170,ठहर,"अध्यक्ष माननीय न्यायाधीश श्री भूपेन्द्र प्रसाद राई
अध्यक्ष माननीय न्यायाधीश श्री पवनकुमार शर्मा",False
071-CR-0171,ठहर,"अध्यक्ष माननीय न्यायाधीश श्री भूपेन्द्र प्रसाद राई
अध्यक्ष माननीय न्यायाधीश श्री प्रभा बस्नेत
अध्यक्ष माननीय न्यायाधीश श्री पवनकुमार शर्मा",False
071-CR-0172,ठहर,"अध्यक्ष माननीय न्यायाधीश श्री नरेन्द्र कुमार शिवाकोटी
अध्यक्ष माननीय न्यायाधीश श्री प्रभा बस्नेत
अध्यक्ष माननीय न्यायाधीश श्री पवनकुमार शर्मा",False
071-CR-0173,आंशिक ठहर,"अध्यक्ष माननीय न्यायाधीश श्री मोहनरमण भट्टराई
अध्यक्ष माननीय न्यायाधीश श्री नरेन्द्र कुमार शिवाकोटी
अध्यक्ष माननीय न्यायाधीश श्री पवनकुमार शर्मा",False
071-CR-0174,ठहर,"अध्यक्ष माननीय न्यायाधीश श्री मोहनरमण भट्टराई
अध्यक्ष माननीय न्यायाधीश श्री महेश प्रसाद पुडासैनी
अध्यक्ष माननीय न्यायाधीश श्री पवनकुमार शर्मा",False
071-CR-0175,आंशिक ठहर,"अध्यक्ष माननीय न्यायाधीश श्री भूपेन्द्र प्रसाद राई
अध्यक्ष माननीय न्यायाधीश श्री महेश प्रसाद पुडासैनी
अध्यक्ष माननीय न्यायाधीश श्री पवनकुमार शर्मा",False
071-CR-0176,आंशिक ठहर,"अध्यक्ष माननीय न्यायाधीश श्री मोहनरमण भट्टराई
अध्यक्ष माननीय न्यायाधीश श्री महेश प्रसाद पुडासैनी
अध्यक्ष माननीय न्यायाधीश श्री पवनकुमार शर्मा",False
071-CR-0177,सफाई,"अध्यक्ष माननीय न्यायाधीश श्री महेश प्रसाद पुडासैनी
अध्यक्ष माननीय न्यायाधीश श्री पवनकुमार शर्मा",False
071-CR-0178,ठहर,"अध्यक्ष माननीय न्यायाधीश श्री भूपेन्द्र प्रसाद राई
अध्यक्ष माननीय न्यायाधीश श्री नरेन्द्र कुमार शिवाकोटी
अध्यक्ष माननीय न्यायाधीश श्री प्रभा बस्नेत",False
071-CR-0179,सफाई,"अध्यक्ष माननीय न्यायाधीश श्री मोहनरमण भट्टराई
अध्यक्ष माननीय न्यायाधीश श्री महेश प्रसाद पुडासैनी
अध्यक्ष माननीय न्यायाधीश श्री प्रभा बस्नेत",False
071-CR-0180,आंशिक ठहर,"अध्यक्ष माननीय न्यायाधीश श्री भूपेन्द्र प्रसाद राई
अध्यक्ष माननीय न्यायाधीश श्री नरेन्द्र कुमार शिवाकोटी
अध्यक्ष माननीय न्यायाधीश श्री पवनकुमार शर्मा",False
071-CR-0181,सफाई,"अध्यक्ष माननीय न्यायाधीश श्री मोहनरमण भट्टराई
अध्यक्ष माननीय न्यायाधीश श्री महेश प्रसाद पुडासैनी
अध्यक्ष माननीय न्यायाधीश श्री पवनकुमार शर्मा",False
071-CR-0182,सफाई,"अध्यक्ष माननीय न्यायाधीश श्री भूपेन्द्र प्रसाद राई
अध्यक्ष माननीय न्यायाधीश श्री महेश प्रसाद पुडासैनी
अध्यक्ष माननीय न्यायाधीश श्री पवनकुमार शर्मा",False
071-CR-0183,सफाई,"अध्यक्ष माननीय न्यायाधीश श्री मोहनरमण भट्टराई
अध्यक्ष माननीय न्यायाधीश श्री नरेन्द्र कुमार शिवाकोटी
अध्यक्ष माननीय न्यायाधीश श्री प्रभा बस्नेत",False
071-CR-0184,ठहर,"अध्यक्ष माननीय न्यायाधीश श्री भूपेन्द्र प्रसाद राई
अध्यक्ष माननीय न्यायाधीश श्री महेश प्रसाद पुडासैनी
अध्यक्ष माननीय न्यायाधीश श्री प्रभा बस्नेत",False
071-CR-0185,ठहर,"अध्यक्ष माननीय न्यायाधीश श्री भूपेन्द्र प्रसाद राई
अध्यक्ष माननीय न्यायाधीश श्री नरेन्द्र कुमार शिवाकोटी
अध्यक्ष माननीय न्यायाधीश श्री प्रभा बस्नेत",False
071-CR-0187,सफाई,"अध्यक्ष माननीय न्यायाधीश श्री मोहनरमण भट्टराई
अध्यक्ष माननीय न्यायाधीश श्री महेश प्रसाद पुडासैनी
अध्यक्ष माननीय न्यायाधीश श्री प्रभा बस्नेत",False
071-CR-0188,ठहर,"अध्यक्ष माननीय न्यायाधीश श्री मोहनरमण भट्टराई
अध्यक्ष माननीय न्यायाधीश श्री भूपेन्द्र प्रसाद राई
अध्यक्ष माननीय न्यायाधीश श्री महेश प्रसाद पुडासैनी",False
071-CR-0189,सफाई,"अध्यक्ष माननीय न्यायाधीश श्री नरेन्द्र कुमार शिवाकोटी
अध्यक्ष माननीय न्यायाधीश श्री प्रभा बस्नेत
अध्यक्ष माननीय न्यायाधीश श्री पवनकुमार शर्मा",False
071-CR-0190,सफाई,"अध्यक्ष माननीय न्यायाधीश श्री मोहनरमण भट्टराई
अध्यक्ष माननीय न्यायाधीश श्री नरेन्द्र कुमार शिवाकोटी
अध्यक्ष माननीय न्यायाधीश श्री प्रभा बस्नेत",False
071-CR-0191,सफाई,"अध्यक्ष माननीय न्यायाधीश श्री मोहनरमण भट्टराई
अध्यक्ष माननीय न्यायाधीश श्री नरेन्द्र कुमार शिवाकोटी",False
071-CR-0192,सफाई,"अध्यक्ष माननीय न्यायाधीश श्री नरेन्द्र कुमार शिवाकोटी
अध्यक्ष माननीय न्यायाधीश श्री प्रभा बस्नेत
अध्यक्ष माननीय न्यायाधीश श्री पवनकुमार शर्मा",False
071-CR-0193,सफाई,"अध्यक्ष माननीय न्यायाधीश श्री महेश प्रसाद पुडासैनी
अध्यक्ष माननीय न्यायाधीश श्री पवनकुमार शर्मा",False
071-CR-0194,ठहर,"अध्यक्ष माननीय न्यायाधीश श्री नरेन्द्र कुमार शिवाकोटी
अध्यक्ष माननीय न्यायाधीश श्री प्रभा बस्नेत
अध्यक्ष माननीय न्यायाधीश श्री पवनकुमार शर्मा",False
071-CR-0195,आंशिक ठहर,"अध्यक्ष माननीय न्यायाधीश श्री द्वारिकामान जोशी
अध्यक्ष माननीय न्यायाधीश श्री नारायणप्रसाद पोखरेल
अध्यक्ष माननीय न्यायाधीश श्री रत्नबहादुर बागचन्द",False
071-CR-0196,ठहर,"अध्यक्ष माननीय न्यायाधीश श्री मोहनरमण भट्टराई
अध्यक्ष माननीय न्यायाधीश श्री बाबुराम रेग्मी",False
071-CR-0197,सफाई,"अध्यक्ष माननीय न्यायाधीश श्री मोहनरमण भट्टराई
अध्यक्ष माननीय न्यायाधीश श्री भूपेन्द्र प्रसाद राई
अध्यक्ष माननीय न्यायाधीश श्री नरेन्द्र कुमार शिवाकोटी",False
071-CR-0198,सफाई,"अध्यक्ष माननीय न्यायाधीश श्री भूपेन्द्र प्रसाद राई
अध्यक्ष माननीय न्यायाधीश श्री नरेन्द्र कुमार शिवाकोटी
अध्यक्ष माननीय न्यायाधीश श्री प्रभा बस्नेत",False
071-CR-0199,आंशिक ठहर,"अध्यक्ष माननीय न्यायाधीश श्री नरेन्द्र कुमार शिवाकोटी
अध्यक्ष माननीय न्यायाधीश श्री प्रभा बस्नेत
अध्यक्ष माननीय न्यायाधीश श्री पवनकुमार शर्मा",False
071-CR-0200,ठहर,"अध्यक्ष माननीय न्यायाधीश श्री नरेन्द्र कुमार शिवाकोटी
अध्यक्ष माननीय न्यायाधीश श्री पवनकुमार शर्मा",False
071-CR-0201,सफाई,"अध्यक्ष माननीय न्यायाधीश श्री मोहनरमण भट्टराई
अध्यक्ष माननीय न्यायाधीश श्री नरेन्द्र कुमार शिवाकोटी
अध्यक्ष माननीय न्यायाधीश श्री प्रभा बस्नेत",False
071-CR-0202,ठहर,"अध्यक्ष माननीय न्यायाधीश श्री भूपेन्द्र प्रसाद राई
अध्यक्ष माननीय न्यायाधीश श्री नरेन्द्र कुमार शिवाकोटी
अध्यक्ष माननीय न्यायाधीश श्री पवनकुमार शर्मा",False
071-CR-0203,आंशिक ठहर,"अध्यक्ष माननीय न्यायाधीश श्री द्वारिकामान जोशी
अध्यक्ष माननीय न्यायाधीश श्री चण्डीराज ढकाल
अध्यक्ष माननीय न्यायाधीश श्री नारायणप्रसाद पोखरेल",False
071-CR-0204,सफाई,"अध्यक्ष माननीय न्यायाधीश श्री मोहनरमण भट्टराई
अध्यक्ष माननीय न्यायाधीश श्री प्रभा बस्नेत",False
071-CR-0205,सफाई,"अध्यक्ष माननीय न्यायाधीश श्री मोहनरमण भट्टराई
अध्यक्ष माननीय न्यायाधीश श्री भूपेन्द्र प्रसाद राई
अध्यक्ष माननीय न्यायाधीश श्री नरेन्द्र कुमार शिवाकोटी",False
071-CR-0206,ठहर,"अध्यक्ष माननीय न्यायाधीश श्री भूपेन्द्र प्रसाद राई
अध्यक्ष माननीय न्यायाधीश श्री प्रभा बस्नेत
अध्यक्ष माननीय न्यायाधीश श्री पवनकुमार शर्मा",False
071-CR-0207,ठहर,"अध्यक्ष माननीय न्यायाधीश श्री भूपेन्द्र प्रसाद राई
अध्यक्ष माननीय न्यायाधीश श्री प्रभा बस्नेत
अध्यक्ष माननीय न्यायाधीश श्री पवनकुमार शर्मा",False
071-CR-0208,सफाई,"अध्यक्ष माननीय न्यायाधीश श्री मोहनरमण भट्टराई
अध्यक्ष माननीय न्यायाधीश श्री नरेन्द्र कुमार शिवाकोटी
अध्यक्ष माननीय न्यायाधीश श्री प्रभा बस्नेत",False
071-CR-0209,ठहर,"अध्यक्ष माननीय न्यायाधीश श्री मोहनरमण भट्टराई
अध्यक्ष माननीय न्यायाधीश श्री महेश प्रसाद पुडासैनी
अध्यक्ष माननीय न्यायाधीश श्री प्रभा बस्नेत",False
071-CR-0211,ठहर,"अध्यक्ष माननीय न्यायाधीश श्री नरेन्द्र कुमार शिवाकोटी
अध्यक्ष माननीय न्यायाधीश श्री महेश प्रसाद पुडासैनी
अध्यक्ष माननीय न्यायाधीश श्री प्रभा बस्नेत",False
071-CR-0212,ठहर,"अध्यक्ष माननीय न्यायाधीश श्री भूपेन्द्र प्रसाद राई
अध्यक्ष माननीय न्यायाधीश श्री प्रभा बस्नेत",False
071-CR-0213,सफाई,"अध्यक्ष माननीय न्यायाधीश श्री मोहनरमण भट्टराई
अध्यक्ष माननीय न्यायाधीश श्री नरेन्द्र कुमार शिवाकोटी
अध्यक्ष माननीय न्यायाधीश श्री प्रभा बस्नेत",False
071-CR-0214,सफाई,सदस्य माननीय न्यायाधीश श्री भूपेन्द्र प्रसाद राई सदस्य माननीय न्यायाधीश श्री पवन कुमार शर्मा सदस्य माननीय न्यायाधीश श्री महेश प्रसाद पुडासैनी,True
071-CR-0215,आंशिक ठहर,"अध्यक्ष माननीय न्यायाधीश श्री बाबुराम रेग्मी
अध्यक्ष माननीय न्यायाधीश श्री द्वारिकामान जोशी
अध्यक्ष माननीय न्यायाधीश श्री नारायणप्रसाद पोखरेल",False
071-CR-0216,ठहर,"अध्यक्ष माननीय न्यायाधीश श्री मोहनरमण भट्टराई
अध्यक्ष माननीय न्यायाधीश श्री भूपेन्द्र प्रसाद राई
अध्यक्ष माननीय न्यायाधीश श्री महेश प्रसाद पुडासैनी",False
071-CR-0217,सफाई,"अध्यक्ष माननीय न्यायाधीश श्री भूपेन्द्र प्रसाद राई
अध्यक्ष माननीय न्यायाधीश श्री महेश प्रसाद पुडासैनी",False
071-CR-0218,ठहर,अध्यक्ष माननीय न्यायाधीश श्री मोहनरमण भट्टराई सदस्य माननीय न्यायाधीश श्री पवन कुमार शर्मा सदस्य माननीय न्यायाधीश श्री महेशप्रसाद पुडासैनी,True
071-CR-0219,सफाई,"अध्यक्ष माननीय न्यायाधीश श्री नरेन्द्र कुमार शिवाकोटी
अध्यक्ष माननीय न्यायाधीश श्री महेश प्रसाद पुडासैनी",False
071-CR-0220,सफाई,"अध्यक्ष माननीय न्यायाधीश श्री भूपेन्द्र प्रसाद राई
अध्यक्ष माननीय न्यायाधीश श्री प्रभा बस्नेत",False
071-CR-0221,सफाई,"अध्यक्ष माननीय न्यायाधीश श्री बाबुराम रेग्मी
अध्यक्ष माननीय न्यायाधीश श्री नारायणप्रसाद पोखरेल
अध्यक्ष माननीय न्यायाधीश श्री रत्नबहादुर बागचन्द",False
071-CR-0222,आंशिक ठहर,"अध्यक्ष माननीय न्यायाधीश श्री मोहनरमण भट्टराई
अध्यक्ष माननीय न्यायाधीश श्री नरेन्द्र कुमार शिवाकोटी
अध्यक्ष माननीय न्यायाधीश श्री महेश प्रसाद पुडासैनी",False
071-CR-0223,ठहर,"अध्यक्ष माननीय न्यायाधीश श्री मोहनरमण भट्टराई
अध्यक्ष माननीय न्यायाधीश श्री महेश प्रसाद पुडासैनी
अध्यक्ष माननीय न्यायाधीश श्री पवनकुमार शर्मा",False
071-CR-0224,आंशिक ठहर,"अध्यक्ष माननीय न्यायाधीश श्री द्वारिकामान जोशी
अध्यक्ष माननीय न्यायाधीश श्री चण्डीराज ढकाल
अध्यक्ष माननीय न्यायाधीश श्री नारायणप्रसाद पोखरेल",False
071-CR-0225,ठहर,"अध्यक्ष माननीय न्यायाधीश श्री भूपेन्द्र प्रसाद राई
अध्यक्ष माननीय न्यायाधीश श्री नरेन्द्र कुमार शिवाकोटी
अध्यक्ष माननीय न्यायाधीश श्री महेश प्रसाद पुडासैनी",False
071-CR-0226,ठहर,"अध्यक्ष माननीय न्यायाधीश श्री भूपेन्द्र प्रसाद राई
अध्यक्ष माननीय न्यायाधीश श्री महेश प्रसाद पुडासैनी
अध्यक्ष माननीय न्यायाधीश श्री प्रभा बस्नेत",False
071-CR-0227,सफाई,"अध्यक्ष माननीय न्यायाधीश श्री मोहनरमण भट्टराई
अध्यक्ष माननीय न्यायाधीश श्री नरेन्द्र कुमार शिवाकोटी
अध्यक्ष माननीय न्यायाधीश श्री प्रभा बस्नेत",False
071-CR-0228,ठहर,"अध्यक्ष माननीय न्यायाधीश श्री भूपेन्द्र प्रसाद राई
अध्यक्ष माननीय न्यायाधीश श्री नरेन्द्र कुमार शिवाकोटी
अध्यक्ष माननीय न्यायाधीश श्री पवनकुमार शर्मा",False
071-CR-0229,सफाई,"अध्यक्ष माननीय न्यायाधीश श्री मोहनरमण भट्टराई
अध्यक्ष माननीय न्यायाधीश श्री महेश प्रसाद पुडासैनी
अध्यक्ष माननीय न्यायाधीश श्री प्रभा बस्नेत",False
071-CR-0230,ठहर,"अध्यक्ष माननीय न्यायाधीश श्री भूपेन्द्र प्रसाद राई
अध्यक्ष माननीय न्यायाधीश श्री प्रभा बस्नेत
अध्यक्ष माननीय न्यायाधीश श्री पवनकुमार शर्मा",False
071-CR-0231,सफाई,"अध्यक्ष माननीय न्यायाधीश श्री भूपेन्द्र प्रसाद राई
अध्यक्ष माननीय न्यायाधीश श्री नरेन्द्र कुमार शिवाकोटी
अध्यक्ष माननीय न्यायाधीश श्री पवनकुमार शर्मा",False
071-CR-0232,सफाई,"अध्यक्ष माननीय न्यायाधीश श्री नरेन्द्र कुमार शिवाकोटी
अध्यक्ष माननीय न्यायाधीश श्री पवनकुमार शर्मा",False
071-CR-0233,आंशिक ठहर,"अध्यक्ष माननीय न्यायाधीश श्री नरेन्द्र कुमार शिवाकोटी
अध्यक्ष माननीय न्यायाधीश श्री महेश प्रसाद पुडासैनी
अध्यक्ष माननीय न्यायाधीश श्री प्रभा बस्नेत",False
071-CR-0234,आंशिक ठहर,"अध्यक्ष माननीय न्यायाधीश श्री मोहनरमण भट्टराई
अध्यक्ष माननीय न्यायाधीश श्री महेश प्रसाद पुडासैनी",False
071-CR-0235,ठहर,"अध्यक्ष माननीय न्यायाधीश श्री मोहनरमण भट्टराई
अध्यक्ष माननीय न्यायाधीश श्री भूपेन्द्र प्रसाद राई
अध्यक्ष माननीय न्यायाधीश श्री पवनकुमार शर्मा",False
071-CR-0236,ठहर,"अध्यक्ष माननीय न्यायाधीश श्री मोहनरमण भट्टराई
अध्यक्ष माननीय न्यायाधीश श्री महेश प्रसाद पुडासैनी
अध्यक्ष माननीय न्यायाधीश श्री प्रभा बस्नेत",False
071-CR-0237,आंशिक ठहर,"अध्यक्ष माननीय न्यायाधीश श्री मोहनरमण भट्टराई
अध्यक्ष माननीय न्यायाधीश श्री भूपेन्द्र प्रसाद राई",False
071-CR-0238,सफाई,"अध्यक्ष माननीय न्यायाधीश श्री मोहनरमण भट्टराई
अध्यक्ष माननीय न्यायाधीश श्री भूपेन्द्र प्रसाद राई
अध्यक्ष माननीय न्यायाधीश श्री महेश प्रसाद पुडासैनी",False
071-CR-0239,सफाई,"अध्यक्ष माननीय न्यायाधीश श्री भूपेन्द्र प्रसाद राई
अध्यक्ष माननीय न्यायाधीश श्री नरेन्द्र कुमार शिवाकोटी
अध्यक्ष माननीय न्यायाधीश श्री पवनकुमार शर्मा",False
071-CR-0240,ठहर,"अध्यक्ष माननीय न्यायाधीश श्री मोहनरमण भट्टराई
अध्यक्ष माननीय न्यायाधीश श्री प्रभा बस्नेत",False
071-CR-0241,सफाई,"अध्यक्ष माननीय न्यायाधीश श्री महेश प्रसाद पुडासैनी
अध्यक्ष माननीय न्यायाधीश श्री पवनकुमार शर्मा",False
071-CR-0242,ठहर,अध्यक्ष माननीय न्यायाधीश श्री मोहनरमण भट्टराई सदस्य माननीय न्यायाधीश श्री महेश प्रसाद पुडासैनी,True
071-CR-0243,सफाई,"अध्यक्ष माननीय न्यायाधीश श्री मोहनरमण भट्टराई
अध्यक्ष माननीय न्यायाधीश श्री महेश प्रसाद पुडासैनी
अध्यक्ष माननीय न्यायाधीश श्री पवनकुमार शर्मा",False
071-CR-0244,सफाई,"अध्यक्ष माननीय न्यायाधीश श्री मोहनरमण भट्टराई
अध्यक्ष माननीय न्यायाधीश श्री भूपेन्द्र प्रसाद राई
अध्यक्ष माननीय न्यायाधीश श्री पवनकुमार शर्मा",False
071-CR-0245,सफाई,"अध्यक्ष माननीय न्यायाधीश श्री भूपेन्द्र प्रसाद राई
अध्यक्ष माननीय न्यायाधीश श्री प्रभा बस्नेत
अध्यक्ष माननीय न्यायाधीश श्री पवनकुमार शर्मा",False
071-CR-0246,सफाई,"अध्यक्ष माननीय न्यायाधीश श्री मोहनरमण भट्टराई
अध्यक्ष माननीय न्यायाधीश श्री नरेन्द्र कुमार शिवाकोटी
अध्यक्ष माननीय न्यायाधीश श्री पवनकुमार शर्मा",False
071-CR-0247,ठहर,"अध्यक्ष माननीय न्यायाधीश श्री मोहनरमण भट्टराई
अध्यक्ष माननीय न्यायाधीश श्री नरेन्द्र कुमार शिवाकोटी
अध्यक्ष माननीय न्यायाधीश श्री महेश प्रसाद पुडासैनी",False
071-CR-0248,सफाई,"अध्यक्ष माननीय न्यायाधीश श्री मोहनरमण भट्टराई
अध्यक्ष माननीय न्यायाधीश श्री नरेन्द्र कुमार शिवाकोटी
अध्यक्ष माननीय न्यायाधीश श्री पवनकुमार शर्मा",False
071-CR-0249,सफाई,"अध्यक्ष माननीय न्यायाधीश श्री नरेन्द्र कुमार शिवाकोटी
अध्यक्ष माननीय न्यायाधीश श्री महेश प्रसाद पुडासैनी
अध्यक्ष माननीय न्यायाधीश श्री पवनकुमार शर्मा",False
071-CR-0250,ठहर,"अध्यक्ष माननीय न्यायाधीश श्री मोहनरमण भट्टराई
अध्यक्ष माननीय न्यायाधीश श्री भूपेन्द्र प्रसाद राई
अध्यक्ष माननीय न्यायाधीश श्री नरेन्द्र कुमार शिवाकोटी",False
071-CR-0251,सफाई,"अध्यक्ष माननीय न्यायाधीश श्री मोहनरमण भट्टराई
अध्यक्ष माननीय न्यायाधीश श्री भूपेन्द्र प्रसाद राई
अध्यक्ष माननीय न्यायाधीश श्री महेश प्रसाद पुडासैनी",False
071-CR-0252,सफाई,"अध्यक्ष माननीय न्यायाधीश श्री बाबुराम रेग्मी
अध्यक्ष माननीय न्यायाधीश श्री प्रमोदकुमार श्रेष्ठ वैद्य
अध्यक्ष माननीय न्यायाधीश श्री रत्नबहादुर बागचन्द",False
071-CR-0253,सफाई,"अध्यक्ष माननीय न्यायाधीश श्री महेश प्रसाद पुडासैनी
अध्यक्ष माननीय न्यायाधीश श्री प्रभा बस्नेत
अध्यक्ष माननीय न्यायाधीश श्री पवनकुमार शर्मा",False
071-CR-0254,सफाई,"अध्यक्ष माननीय न्यायाधीश श्री भूपेन्द्र प्रसाद राई
अध्यक्ष माननीय न्यायाधीश श्री नरेन्द्र कुमार शिवाकोटी
अध्यक्ष माननीय न्यायाधीश श्री पवनकुमार शर्मा",False
071-CR-0255,ठहर,"अध्यक्ष माननीय न्यायाधीश श्री नरेन्द्र कुमार शिवाकोटी
अध्यक्ष माननीय न्यायाधीश श्री प्रभा बस्नेत
अध्यक्ष माननीय न्यायाधीश श्री पवनकुमार शर्मा",False
071-CR-0256,ठहर,"अध्यक्ष माननीय न्यायाधीश श्री मोहनरमण भट्टराई
अध्यक्ष माननीय न्यायाधीश श्री महेश प्रसाद पुडासैनी",False
071-CR-0257,आंशिक ठहर,"अध्यक्ष माननीय न्यायाधीश श्री बाबुराम रेग्मी
अध्यक्ष माननीय न्यायाधीश श्री चण्डीराज ढकाल
अध्यक्ष माननीय न्यायाधीश श्री प्रमोदकुमार श्रेष्ठ वैद्य",False
071-CR-0258,ठहर,"अध्यक्ष माननीय न्यायाधीश श्री भूपेन्द्र प्रसाद राई
अध्यक्ष माननीय न्यायाधीश श्री नरेन्द्र कुमार शिवाकोटी
अध्यक्ष माननीय न्यायाधीश श्री प्रभा बस्नेत",False
071-CR-0259,सफाई,"अध्यक्ष माननीय न्यायाधीश श्री भूपेन्द्र प्रसाद राई
अध्यक्ष माननीय न्यायाधीश श्री नरेन्द्र कुमार शिवाकोटी",False
071-CR-0260,ठहर,"अध्यक्ष माननीय न्यायाधीश श्री मोहनरमण भट्टराई
अध्यक्ष माननीय न्यायाधीश श्री नरेन्द्र कुमार शिवाकोटी
अध्यक्ष माननीय न्यायाधीश श्री प्रभा बस्नेत",False
071-CR-0261,सफाई,"अध्यक्ष माननीय न्यायाधीश श्री मोहनरमण भट्टराई
अध्यक्ष माननीय न्यायाधीश श्री नरेन्द्र कुमार शिवाकोटी
अध्यक्ष माननीय न्यायाधीश श्री महेश प्रसाद पुडासैनी",False
071-CR-0262,सफाई,"अध्यक्ष माननीय न्यायाधीश श्री बाबुराम रेग्मी
अध्यक्ष माननीय न्यायाधीश श्री प्रभा बस्नेत
अध्यक्ष माननीय न्यायाधीश श्री पवनकुमार शर्मा",False
071-CR-0263,ठहर,"अध्यक्ष माननीय न्यायाधीश श्री भूपेन्द्र प्रसाद राई
अध्यक्ष माननीय न्यायाधीश श्री नरेन्द्र कुमार शिवाकोटी
अध्यक्ष माननीय न्यायाधीश श्री प्रभा बस्नेत",False
071-CR-0264,ठहर,"अध्यक्ष माननीय न्यायाधीश श्री मोहनरमण भट्टराई
अध्यक्ष माननीय न्यायाधीश श्री महेश प्रसाद पुडासैनी
अध्यक्ष माननीय न्यायाधीश श्री प्रभा बस्नेत",False
071-CR-0265,सफाई,"अध्यक्ष माननीय न्यायाधीश श्री भूपेन्द्र प्रसाद राई
अध्यक्ष माननीय न्यायाधीश श्री महेश प्रसाद पुडासैनी
अध्यक्ष माननीय न्यायाधीश श्री पवनकुमार शर्मा",False
071-CR-0266,ठहर,"अध्यक्ष माननीय न्यायाधीश श्री भूपेन्द्र प्रसाद राई
अध्यक्ष माननीय न्यायाधीश श्री प्रभा बस्नेत
अध्यक्ष माननीय न्यायाधीश श्री पवनकुमार शर्मा",False
071-CR-0267,आंशिक ठहर,"अध्यक्ष माननीय न्यायाधीश श्री मोहनरमण भट्टराई
अध्यक्ष माननीय न्यायाधीश श्री भूपेन्द्र प्रसाद राई
अध्यक्ष माननीय न्यायाधीश श्री महेश प्रसाद पुडासैनी",False
071-CR-0268,सफाई,"अध्यक्ष माननीय न्यायाधीश श्री मोहनरमण भट्टराई
अध्यक्ष माननीय न्यायाधीश श्री भूपेन्द्र प्रसाद राई
अध्यक्ष माननीय न्यायाधीश श्री पवनकुमार शर्मा",False
071-CR-0269,ठहर,"अध्यक्ष माननीय न्यायाधीश श्री नरेन्द्र कुमार शिवाकोटी
अध्यक्ष माननीय न्यायाधीश श्री महेश प्रसाद पुडासैनी
अध्यक्ष माननीय न्यायाधीश श्री पवनकुमार शर्मा",False
071-CR-0270,ठहर,"अध्यक्ष माननीय न्यायाधीश श्री मोहनरमण भट्टराई
अध्यक्ष माननीय न्यायाधीश श्री नरेन्द्र कुमार शिवाकोटी
अध्यक्ष माननीय न्यायाधीश श्री महेश प्रसाद पुडासैनी",False
071-CR-0271,ठहर,"अध्यक्ष माननीय न्यायाधीश श्री प्रभा बस्नेत
अध्यक्ष माननीय न्यायाधीश श्री पवनकुमार शर्मा",False
071-CR-0272,सफाई,"अध्यक्ष माननीय न्यायाधीश श्री मोहनरमण भट्टराई
अध्यक्ष माननीय न्यायाधीश श्री महेश प्रसाद पुडासैनी
अध्यक्ष माननीय न्यायाधीश श्री प्रभा बस्नेत",False
071-CR-0273,ठहर,"अध्यक्ष माननीय न्यायाधीश श्री मोहनरमण भट्टराई
अध्यक्ष माननीय न्यायाधीश श्री भूपेन्द्र प्रसाद राई
अध्यक्ष माननीय न्यायाधीश श्री महेश प्रसाद पुडासैनी",False
071-CR-0274,ठहर,"अध्यक्ष माननीय न्यायाधीश श्री नरेन्द्र कुमार शिवाकोटी
अध्यक्ष माननीय न्यायाधीश श्री प्रभा बस्नेत
अध्यक्ष माननीय न्यायाधीश श्री पवनकुमार शर्मा",False
071-CR-0275,सफाई,"अध्यक्ष माननीय न्यायाधीश श्री भूपेन्द्र प्रसाद राई
अध्यक्ष माननीय न्यायाधीश श्री नरेन्द्र कुमार शिवाकोटी
अध्यक्ष माननीय न्यायाधीश श्री पवनकुमार शर्मा",False
071-CR-0276,ठहर,इजलास अध्यक्ष माननीय न्यायाधीश श्री मोहनरमण भट्टराई सदस्य माननीय न्यायाधीश महेश प्रसाद पुडासैनी,True
071-CR-0277,ठहर,इजलास अध्यक्ष माननीय न्यायाधीश श्री मोहनरमण भट्टराई सदस्य माननीय न्यायाधीश श्री नरेन्द्र कुमार शिवाकोटी सदस्य माननीय न्यायाधीश श्री प्रभा बस्नेत,True
071-CR-0279,ठहर,"अध्यक्ष माननीय न्यायाधीश श्री मोहनरमण भट्टराई
अध्यक्ष माननीय न्यायाधीश श्री प्रभा बस्नेत",False
071-CR-0280,सफाई,"अध्यक्ष माननीय न्यायाधीश श्री मोहनरमण भट्टराई
अध्यक्ष माननीय न्यायाधीश श्री महेश प्रसाद पुडासैनी
अध्यक्ष माननीय न्यायाधीश श्री पवनकुमार शर्मा",False
071-CR-0281,ठहर,"अध्यक्ष माननीय न्यायाधीश श्री मोहनरमण भट्टराई
अध्यक्ष माननीय न्यायाधीश श्री महेश प्रसाद पुडासैनी",False
071-CR-0282,आंशिक ठहर,"अध्यक्ष माननीय न्यायाधीश श्री बाबुराम रेग्मी
अध्यक्ष माननीय न्यायाधीश श्री द्वारिकामान जोशी
अध्यक्ष माननीय न्यायाधीश श्री नारायणप्रसाद पोखरेल",False
071-CR-0283,सफाई,"अध्यक्ष माननीय न्यायाधीश श्री द्वारिकामान जोशी
अध्यक्ष माननीय न्यायाधीश श्री चण्डीराज ढकाल
अध्यक्ष माननीय न्यायाधीश श्री नारायणप्रसाद पोखरेल",False
071-CR-0284,सफाई,"अध्यक्ष माननीय न्यायाधीश श्री भूपेन्द्र प्रसाद राई
अध्यक्ष माननीय न्यायाधीश श्री नरेन्द्र कुमार शिवाकोटी
अध्यक्ष माननीय न्यायाधीश श्री प्रभा बस्नेत",False
071-CR-0285,सफाई,"अध्यक्ष माननीय न्यायाधीश श्री नरेन्द्र कुमार शिवाकोटी
अध्यक्ष माननीय न्यायाधीश श्री महेश प्रसाद पुडासैनी
अध्यक्ष माननीय न्यायाधीश श्री प्रभा बस्नेत",False
071-CR-0286,ठहर,"अध्यक्ष माननीय न्यायाधीश श्री बाबुराम रेग्मी
अध्यक्ष माननीय न्यायाधीश श्री प्रभा बस्नेत
अध्यक्ष माननीय न्यायाधीश श्री पवनकुमार शर्मा",False
071-CR-0287,ठहर,"अध्यक्ष माननीय न्यायाधीश श्री भूपेन्द्र प्रसाद राई
अध्यक्ष माननीय न्यायाधीश श्री नरेन्द्र कुमार शिवाकोटी
अध्यक्ष माननीय न्यायाधीश श्री पवनकुमार शर्मा",False
071-CR-0288,ठहर,"अध्यक्ष माननीय न्यायाधीश श्री मोहनरमण भट्टराई
अध्यक्ष माननीय न्यायाधीश श्री भूपेन्द्र प्रसाद राई
अध्यक्ष माननीय न्यायाधीश श्री पवनकुमार शर्मा",False
071-CR-0289,सफाई,"अध्यक्ष माननीय न्यायाधीश श्री बाबुराम रेग्मी
अध्यक्ष माननीय न्यायाधीश श्री नारायणप्रसाद पोखरेल
अध्यक्ष माननीय न्यायाधीश श्री रत्नबहादुर बागचन्द",False
071-CR-0290,सफाई,"अध्यक्ष माननीय न्यायाधीश श्री मोहनरमण भट्टराई
अध्यक्ष माननीय न्यायाधीश श्री नरेन्द्र कुमार शिवाकोटी
अध्यक्ष माननीय न्यायाधीश श्री पवनकुमार शर्मा",False
071-CR-0291,आंशिक ठहर,"अध्यक्ष माननीय न्यायाधीश श्री मोहनरमण भट्टराई
अध्यक्ष माननीय न्यायाधीश श्री महेश प्रसाद पुडासैनी
अध्यक्ष माननीय न्यायाधीश श्री पवनकुमार शर्मा",False
071-CR-0292,ठहर,माननीय न्यायाधीश श्री पवनकुमार शर्मा माननीय न्यायाधीश श्री प्रभा बस्नेत माननीय न्यायाधीश श्री महेश प्रसाद पुडासैनी,True
071-CR-0293,ठहर,"अध्यक्ष माननीय न्यायाधीश श्री नरेन्द्र कुमार शिवाकोटी
अध्यक्ष माननीय न्यायाधीश श्री महेश प्रसाद पुडासैनी
अध्यक्ष माननीय न्यायाधीश श्री पवनकुमार शर्मा",False
071-CR-0294,ठहर,"अध्यक्ष माननीय न्यायाधीश श्री महेश प्रसाद पुडासैनी
अध्यक्ष माननीय न्यायाधीश श्री प्रभा बस्नेत
अध्यक्ष माननीय न्यायाधीश श्री पवनकुमार शर्मा",False
071-CR-0295,ठहर,"अध्यक्ष माननीय न्यायाधीश श्री भूपेन्द्र प्रसाद राई
अध्यक्ष माननीय न्यायाधीश श्री नरेन्द्र कुमार शिवाकोटी
अध्यक्ष माननीय न्यायाधीश श्री पवनकुमार शर्मा",False
071-CR-0296,ठहर,"अध्यक्ष माननीय न्यायाधीश श्री नरेन्द्र कुमार शिवाकोटी
अध्यक्ष माननीय न्यायाधीश श्री महेश प्रसाद पुडासैनी
अध्यक्ष माननीय न्यायाधीश श्री पवनकुमार शर्मा",False
071-CR-0297,ठहर,"अध्यक्ष माननीय न्यायाधीश श्री नरेन्द्र कुमार शिवाकोटी
अध्यक्ष माननीय न्यायाधीश श्री प्रभा बस्नेत",False
071-CR-0298,ठहर,"अध्यक्ष माननीय न्यायाधीश श्री मोहनरमण भट्टराई
अध्यक्ष माननीय न्यायाधीश श्री भूपेन्द्र प्रसाद राई
अध्यक्ष माननीय न्यायाधीश श्री प्रभा बस्नेत",False
071-CR-0300,आंशिक ठहर,माननीय न्यायाधीश श्री पवनकुमार शर्मा माननीय न्यायाधीश श्री नरेन्द्र कुमार शिवाकोटी माननीय न्यायाधीश श्री महेश प्रसाद पुडासैनी,True
071-CR-0301,ठहर,"अध्यक्ष माननीय न्यायाधीश श्री नरेन्द्र कुमार शिवाकोटी
अध्यक्ष माननीय न्यायाधीश श्री महेश प्रसाद पुडासैनी
अध्यक्ष माननीय न्यायाधीश श्री प्रभा बस्नेत",False
071-CR-0302,आंशिक ठहर,"अध्यक्ष माननीय न्यायाधीश श्री भूपेन्द्र प्रसाद राई
अध्यक्ष माननीय न्यायाधीश श्री नरेन्द्र कुमार शिवाकोटी
अध्यक्ष माननीय न्यायाधीश श्री प्रभा बस्नेत",False
071-CR-0303,ठहर,"अध्यक्ष माननीय न्यायाधीश श्री भूपेन्द्र प्रसाद राई
अध्यक्ष माननीय न्यायाधीश श्री प्रभा बस्नेत
अध्यक्ष माननीय न्यायाधीश श्री पवनकुमार शर्मा",False
071-CR-0305,ठहर,"अध्यक्ष माननीय न्यायाधीश श्री नरेन्द्र कुमार शिवाकोटी
अध्यक्ष माननीय न्यायाधीश श्री प्रभा बस्नेत
अध्यक्ष माननीय न्यायाधीश श्री पवनकुमार शर्मा",False
071-CR-0306,ठहर,"अध्यक्ष माननीय न्यायाधीश श्री मोहनरमण भट्टराई
अध्यक्ष माननीय न्यायाधीश श्री पवनकुमार शर्मा",False
071-CR-0307,ठहर,"अध्यक्ष माननीय न्यायाधीश श्री मोहनरमण भट्टराई
अध्यक्ष माननीय न्यायाधीश श्री महेश प्रसाद पुडासैनी
अध्यक्ष माननीय न्यायाधीश श्री बाबुराम रेग्मी",False
071-CR-0308,सफाई,"अध्यक्ष माननीय न्यायाधीश श्री भूपेन्द्र प्रसाद राई
अध्यक्ष माननीय न्यायाधीश श्री नरेन्द्र कुमार शिवाकोटी
अध्यक्ष माननीय न्यायाधीश श्री प्रभा बस्नेत",False
071-CR-0309,सफाई,"अध्यक्ष माननीय न्यायाधीश श्री बाबुराम रेग्मी
अध्यक्ष माननीय न्यायाधीश श्री प्रमोदकुमार श्रेष्ठ वैद्य
अध्यक्ष माननीय न्यायाधीश श्री नारायणप्रसाद पोखरेल",False
071-CR-0310,आंशिक ठहर,"अध्यक्ष माननीय न्यायाधीश श्री मोहनरमण भट्टराई
अध्यक्ष माननीय न्यायाधीश श्री नरेन्द्र कुमार शिवाकोटी
अध्यक्ष माननीय न्यायाधीश श्री प्रभा बस्नेत",False
071-CR-0311,ठहर,"अध्यक्ष माननीय न्यायाधीश श्री नरेन्द्र कुमार शिवाकोटी
अध्यक्ष माननीय न्यायाधीश श्री महेश प्रसाद पुडासैनी
अध्यक्ष माननीय न्यायाधीश श्री प्रभा बस्नेत",False
071-CR-0312,सफाई,"अध्यक्ष माननीय न्यायाधीश श्री द्वारिकामान जोशी
अध्यक्ष माननीय न्यायाधीश श्री चण्डीराज ढकाल
अध्यक्ष माननीय न्यायाधीश श्री प्रमोदकुमार श्रेष्ठ वैद्य",False
071-CR-0313,सफाई,"अध्यक्ष माननीय न्यायाधीश श्री भूपेन्द्र प्रसाद राई
अध्यक्ष माननीय न्यायाधीश श्री नरेन्द्र कुमार शिवाकोटी
अध्यक्ष माननीय न्यायाधीश श्री पवनकुमार शर्मा",False
071-CR-0314,ठहर,"अध्यक्ष माननीय न्यायाधीश श्री मोहनरमण भट्टराई
अध्यक्ष माननीय न्यायाधीश श्री प्रभा बस्नेत",False
071-CR-0315,सफाई,"अध्यक्ष माननीय न्यायाधीश श्री बाबुराम रेग्मी
अध्यक्ष माननीय न्यायाधीश श्री नारायणप्रसाद पोखरेल
अध्यक्ष माननीय न्यायाधीश श्री रत्नबहादुर बागचन्द",False
071-CR-0316,ठहर,"अध्यक्ष माननीय न्यायाधीश श्री महेश प्रसाद पुडासैनी
अध्यक्ष माननीय न्यायाधीश श्री प्रभा बस्नेत
अध्यक्ष माननीय न्यायाधीश श्री पवनकुमार शर्मा",False
071-CR-0317,सफाई,"अध्यक्ष माननीय न्यायाधीश श्री नरेन्द्र कुमार शिवाकोटी
अध्यक्ष माननीय न्यायाधीश श्री प्रभा बस्नेत
अध्यक्ष माननीय न्यायाधीश श्री पवनकुमार शर्मा",False
071-CR-0318,सफाई,सदस्य माननीय न्यायाधीश श्री पवनकुमार शर्मा सदस्य माननीय न्यायाधीश श्री महेश प्रसाद पुडासैनी,True
071-CR-0319,सफाई,"अध्यक्ष माननीय न्यायाधीश श्री मोहनरमण भट्टराई
अध्यक्ष माननीय न्यायाधीश श्री महेश प्रसाद पुडासैनी
अध्यक्ष माननीय न्यायाधीश श्री प्रभा बस्नेत",False
072-CR-0001,सफाई,"अध्यक्ष माननीय न्यायाधीश श्री महेश प्रसाद पुडासैनी
अध्यक्ष माननीय न्यायाधीश श्री पवनकुमार शर्मा",False
072-CR-0002,सफाई,माननीय न्यायाधीश श्री मोहनरमण भट्टराई अध्यक्ष माननीय न्यायाधिश श्री प्रभा बस्नेत सदस्य माननीय न्यायाधीश श्री महेश प्रसाद पुडासैनी सदस्य,True
072-CR-0003,ठहर,"अध्यक्ष माननीय न्यायाधीश श्री मोहनरमण भट्टराई
अध्यक्ष माननीय न्यायाधीश श्री नरेन्द्र कुमार शिवाकोटी
अध्यक्ष माननीय न्यायाधीश श्री प्रभा बस्नेत",False
072-CR-0004,आंशिक ठहर,"अध्यक्ष माननीय न्यायाधीश श्री भूपेन्द्र प्रसाद राई
अध्यक्ष माननीय न्यायाधीश श्री प्रभा बस्नेत
अध्यक्ष माननीय न्यायाधीश श्री पवनकुमार शर्मा",False
072-CR-0005,सफाई,"अध्यक्ष माननीय न्यायाधीश श्री भूपेन्द्र प्रसाद राई
अध्यक्ष माननीय न्यायाधीश श्री प्रभा बस्नेत
अध्यक्ष माननीय न्यायाधीश श्री पवनकुमार शर्मा",False
072-CR-0006,ठहर,"अध्यक्ष माननीय न्यायाधीश श्री मोहनरमण भट्टराई
अध्यक्ष माननीय न्यायाधीश श्री नरेन्द्र कुमार शिवाकोटी
अध्यक्ष माननीय न्यायाधीश श्री महेश प्रसाद पुडासैनी",False
072-CR-0007,ठहर,"अध्यक्ष माननीय न्यायाधीश श्री नरेन्द्र कुमार शिवाकोटी
अध्यक्ष माननीय न्यायाधीश श्री महेश प्रसाद पुडासैनी
अध्यक्ष माननीय न्यायाधीश श्री पवनकुमार शर्मा",False
072-CR-0008,ठहर,"अध्यक्ष माननीय न्यायाधीश श्री महेश प्रसाद पुडासैनी
अध्यक्ष माननीय न्यायाधीश श्री पवनकुमार शर्मा",False
072-CR-0009,सफाई,"अध्यक्ष माननीय न्यायाधीश श्री मोहनरमण भट्टराई
अध्यक्ष माननीय न्यायाधीश श्री भूपेन्द्र प्रसाद राई
अध्यक्ष माननीय न्यायाधीश श्री प्रभा बस्नेत",False
072-CR-0010,ठहर,"अध्यक्ष माननीय न्यायाधीश श्री मोहनरमण भट्टराई
अध्यक्ष माननीय न्यायाधीश श्री नरेन्द्र कुमार शिवाकोटी
अध्यक्ष माननीय न्यायाधीश श्री महेश प्रसाद पुडासैनी",False
072-CR-0011,सफाई,"अध्यक्ष माननीय न्यायाधीश श्री मोहनरमण भट्टराई
अध्यक्ष माननीय न्यायाधीश श्री महेश प्रसाद पुडासैनी
अध्यक्ष माननीय न्यायाधीश श्री पवनकुमार शर्मा",False
072-CR-0012,सफाई,"अध्यक्ष माननीय न्यायाधीश श्री भूपेन्द्र प्रसाद राई
अध्यक्ष माननीय न्यायाधीश श्री प्रभा बस्नेत
अध्यक्ष माननीय न्यायाधीश श्री पवनकुमार शर्मा",False
072-CR-0013,ठहर,"अध्यक्ष माननीय न्यायाधीश श्री भूपेन्द्र प्रसाद राई
अध्यक्ष माननीय न्यायाधीश श्री नरेन्द्र कुमार शिवाकोटी
अध्यक्ष माननीय न्यायाधीश श्री पवनकुमार शर्मा",False
072-CR-0014,ठहर,"अध्यक्ष माननीय न्यायाधीश श्री मोहनरमण भट्टराई
अध्यक्ष माननीय न्यायाधीश श्री भूपेन्द्र प्रसाद राई
अध्यक्ष माननीय न्यायाधीश श्री पवनकुमार शर्मा",False
072-CR-0015,आंशिक ठहर,"अध्यक्ष माननीय न्यायाधीश श्री मोहनरमण भट्टराई
अध्यक्ष माननीय न्यायाधीश श्री भूपेन्द्र प्रसाद राई
अध्यक्ष माननीय न्यायाधीश श्री नरेन्द्र कुमार शिवाकोटी",False
072-CR-0016,ठहर,"अध्यक्ष माननीय न्यायाधीश श्री मोहनरमण भट्टराई
अध्यक्ष माननीय न्यायाधीश श्री महेश प्रसाद पुडासैनी
अध्यक्ष माननीय न्यायाधीश श्री प्रभा बस्नेत",False
072-CR-0017,ठहर,"अध्यक्ष माननीय न्यायाधीश श्री मोहनरमण भट्टराई
अध्यक्ष माननीय न्यायाधीश श्री महेश प्रसाद पुडासैनी
अध्यक्ष माननीय न्यायाधीश श्री पवनकुमार शर्मा",False
072-CR-0018,आंशिक ठहर,"अध्यक्ष माननीय न्यायाधीश श्री भूपेन्द्र प्रसाद राई
अध्यक्ष माननीय न्यायाधीश श्री नरेन्द्र कुमार शिवाकोटी
अध्यक्ष माननीय न्यायाधीश श्री पवनकुमार शर्मा",False
072-CR-0019,आंशिक ठहर,"अध्यक्ष माननीय न्यायाधीश श्री मोहनरमण भट्टराई
अध्यक्ष माननीय न्यायाधीश श्री नरेन्द्र कुमार शिवाकोटी
अध्यक्ष माननीय न्यायाधीश श्री महेश प्रसाद पुडासैनी",False
072-CR-0020,ठहर,"अध्यक्ष माननीय न्यायाधीश श्री मोहनरमण भट्टराई
अध्यक्ष माननीय न्यायाधीश श्री महेश प्रसाद पुडासैनी
अध्यक्ष माननीय न्यायाधीश श्री पवनकुमार शर्मा",False
072-CR-0021,ठहर,"अध्यक्ष माननीय न्यायाधीश श्री भूपेन्द्र प्रसाद राई
अध्यक्ष माननीय न्यायाधीश श्री महेश प्रसाद पुडासैनी
अध्यक्ष माननीय न्यायाधीश श्री प्रभा बस्नेत",False
072-CR-0022,ठहर,"अध्यक्ष माननीय न्यायाधीश श्री मोहनरमण भट्टराई
अध्यक्ष माननीय न्यायाधीश श्री प्रभा बस्नेत",False
072-CR-0023,आंशिक ठहर,"अध्यक्ष माननीय न्यायाधीश श्री मोहनरमण भट्टराई
अध्यक्ष माननीय न्यायाधीश श्री भूपेन्द्र प्रसाद राई
अध्यक्ष माननीय न्यायाधीश श्री प्रभा बस्नेत",False
072-CR-0024,ठहर,"अध्यक्ष माननीय न्यायाधीश श्री मोहनरमण भट्टराई
अध्यक्ष माननीय न्यायाधीश श्री नरेन्द्र कुमार शिवाकोटी
अध्यक्ष माननीय न्यायाधीश श्री बाबुराम रेग्मी",False
072-CR-0025,सफाई,"अध्यक्ष माननीय न्यायाधीश श्री बाबुराम रेग्मी
अध्यक्ष माननीय न्यायाधीश श्री चण्डीराज ढकाल
अध्यक्ष माननीय न्यायाधीश श्री रत्नबहादुर बागचन्द",False
072-CR-0026,सफाई,"अध्यक्ष माननीय न्यायाधीश श्री महेश प्रसाद पुडासैनी
अध्यक्ष माननीय न्यायाधीश श्री बाबुराम रेग्मी",False
072-CR-0027,ठहर,"अध्यक्ष माननीय न्यायाधीश श्री द्वारिकामान जोशी
अध्यक्ष माननीय न्यायाधीश श्री चण्डीराज ढकाल
अध्यक्ष माननीय न्यायाधीश श्री नारायणप्रसाद पोखरेल",False
072-CR-0028,सफाई,माननीय न्यायाधीश श्री पवनकुमार शर्मा माननीय न्यायाधीश श्री बाबुराम रेग्मी माननीय न्यायाधीश श्री महेश प्रसाद पुडासैनी,True
072-CR-0029,ठहर,"अध्यक्ष माननीय न्यायाधीश श्री भूपेन्द्र प्रसाद राई
अध्यक्ष माननीय न्यायाधीश श्री नरेन्द्र कुमार शिवाकोटी
अध्यक्ष माननीय न्यायाधीश श्री पवनकुमार शर्मा",False
072-CR-0030,ठहर,"अध्यक्ष माननीय न्यायाधीश श्री भूपेन्द्र प्रसाद राई
अध्यक्ष माननीय न्यायाधीश श्री नरेन्द्र कुमार शिवाकोटी
अध्यक्ष माननीय न्यायाधीश श्री प्रभा बस्नेत",False
072-CR-0031,ठहर,"अध्यक्ष माननीय न्यायाधीश श्री नरेन्द्र कुमार शिवाकोटी
अध्यक्ष माननीय न्यायाधीश श्री प्रभा बस्नेत
अध्यक्ष माननीय न्यायाधीश श्री पवनकुमार शर्मा",False
072-CR-0032,ठहर,"अध्यक्ष माननीय न्यायाधीश श्री भूपेन्द्र प्रसाद राई
अध्यक्ष माननीय न्यायाधीश श्री प्रभा बस्नेत
अध्यक्ष माननीय न्यायाधीश श्री पवनकुमार शर्मा",False
072-CR-0033,ठहर,"अध्यक्ष माननीय न्यायाधीश श्री मोहनरमण भट्टराई
अध्यक्ष माननीय न्यायाधीश श्री बाबुराम रेग्मी",False
072-CR-0034,ठहर,"अध्यक्ष माननीय न्यायाधीश श्री नरेन्द्र कुमार शिवाकोटी
अध्यक्ष माननीय न्यायाधीश श्री पवनकुमार शर्मा",False
072-CR-0035,सफाई,"अध्यक्ष माननीय न्यायाधीश श्री बाबुराम रेग्मी
अध्यक्ष माननीय न्यायाधीश श्री प्रमोदकुमार श्रेष्ठ वैद्य
अध्यक्ष माननीय न्यायाधीश श्री नारायणप्रसाद पोखरेल",False
072-CR-0036,ठहर,"अध्यक्ष माननीय न्यायाधीश श्री मोहनरमण भट्टराई
अध्यक्ष माननीय न्यायाधीश श्री भूपेन्द्र प्रसाद राई
अध्यक्ष माननीय न्यायाधीश श्री महेश प्रसाद पुडासैनी",False
072-CR-0037,ठहर,"अध्यक्ष माननीय न्यायाधीश श्री मोहनरमण भट्टराई
अध्यक्ष माननीय न्यायाधीश श्री महेश प्रसाद पुडासैनी
अध्यक्ष माननीय न्यायाधीश श्री पवनकुमार शर्मा",False
072-CR-0038,सफाई,"अध्यक्ष माननीय न्यायाधीश श्री मोहनरमण भट्टराई
अध्यक्ष माननीय न्यायाधीश श्री नरेन्द्र कुमार शिवाकोटी",False
072-CR-0039,ठहर,"अध्यक्ष माननीय न्यायाधीश श्री भूपेन्द्र प्रसाद राई
अध्यक्ष माननीय न्यायाधीश श्री महेश प्रसाद पुडासैनी
अध्यक्ष माननीय न्यायाधीश श्री पवनकुमार शर्मा",False
072-CR-0041,ठहर,माननीय न्यायाधीश श्री पवनकुमार शर्मा माननीय न्यायाधीश श्री नरेन्द्र कुमार शिवाकोटी माननीय न्यायाधीश श्री महेश प्रसाद पुडासैनी,True
072-CR-0042,ठहर,"अध्यक्ष माननीय न्यायाधीश श्री मोहनरमण भट्टराई
अध्यक्ष माननीय न्यायाधीश श्री बाबुराम रेग्मी",False
072-CR-0043,ठहर,"अध्यक्ष माननीय न्यायाधीश श्री नरेन्द्र कुमार शिवाकोटी
अध्यक्ष माननीय न्यायाधीश श्री महेश प्रसाद पुडासैनी
अध्यक्ष माननीय न्यायाधीश श्री पवनकुमार शर्मा",False
072-CR-0044,ठहर,"अध्यक्ष माननीय न्यायाधीश श्री नरेन्द्र कुमार शिवाकोटी
अध्यक्ष माननीय न्यायाधीश श्री बाबुराम रेग्मी",False
072-CR-0045,ठहर,"अध्यक्ष माननीय न्यायाधीश श्री प्रभा बस्नेत
अध्यक्ष माननीय न्यायाधीश श्री पवनकुमार शर्मा",False
072-CR-0046,सफाई,"अध्यक्ष माननीय न्यायाधीश श्री श्रीकान्त पौडेल
सदस्य माननीय न्यायाधीश डा. श्री खुशी प्रसाद थारु
सदस्य माननीय न्यायाधीश श्री शालिग्राम कोइराला",False
072-CR-0047,ठहर,"अध्यक्ष माननीय न्यायाधीश श्री नरेन्द्र कुमार शिवाकोटी
अध्यक्ष माननीय न्यायाधीश श्री महेश प्रसाद पुडासैनी
अध्यक्ष माननीय न्यायाधीश श्री पवनकुमार शर्मा",False
072-CR-0048,सफाई,"अध्यक्ष माननीय न्यायाधीश श्री भूपेन्द्र प्रसाद राई
अध्यक्ष माननीय न्यायाधीश श्री प्रभा बस्नेत
अध्यक्ष माननीय न्यायाधीश श्री पवनकुमार शर्मा",False
072-CR-0049,ठहर,"अध्यक्ष माननीय न्यायाधीश श्री मोहनरमण भट्टराई
अध्यक्ष माननीय न्यायाधीश श्री महेश प्रसाद पुडासैनी
अध्यक्ष माननीय न्यायाधीश श्री पवनकुमार शर्मा",False
072-CR-0050,ठहर,"अध्यक्ष माननीय न्यायाधीश श्री भूपेन्द्र प्रसाद राई
अध्यक्ष माननीय न्यायाधीश श्री नरेन्द्र कुमार शिवाकोटी
अध्यक्ष माननीय न्यायाधीश श्री पवनकुमार शर्मा",False
072-CR-0051,ठहर,"अध्यक्ष माननीय न्यायाधीश श्री नरेन्द्र कुमार शिवाकोटी
अध्यक्ष माननीय न्यायाधीश श्री महेश प्रसाद पुडासैनी
अध्यक्ष माननीय न्यायाधीश श्री प्रभा बस्नेत",False
072-CR-0052,ठहर,"अध्यक्ष माननीय न्यायाधीश श्री मोहनरमण भट्टराई
अध्यक्ष माननीय न्यायाधीश श्री नरेन्द्र कुमार शिवाकोटी
अध्यक्ष माननीय न्यायाधीश श्री प्रभा बस्नेत",False
072-CR-0053,सफाई,"अध्यक्ष माननीय न्यायाधीश श्री चण्डीराज ढकाल
अध्यक्ष माननीय न्यायाधीश श्री प्रमोदकुमार श्रेष्ठ वैद्य
अध्यक्ष माननीय न्यायाधीश श्री रत्नबहादुर बागचन्द",False
072-CR-0054,सफाई,अध्यक्ष माननीय न्यायाधीश श्री मोहनरमण भट्टराई सदस्य माननीय न्यायाधीश श्री भूपेन्द्र प्रसाद राई,True
072-CR-0055,सफाई,"अध्यक्ष माननीय न्यायाधीश श्री बाबुराम रेग्मी
अध्यक्ष माननीय न्यायाधीश श्री द्वारिकामान जोशी
अध्यक्ष माननीय न्यायाधीश श्री प्रमोदकुमार श्रेष्ठ वैद्य",False
072-CR-0056,सफाई,"अध्यक्ष माननीय न्यायाधीश श्री बाबुराम रेग्मी
अध्यक्ष माननीय न्यायाधीश श्री चण्डीराज ढकाल
अध्यक्ष माननीय न्यायाधीश श्री रत्नबहादुर बागचन्द",False
072-CR-0057,आंशिक ठहर,"अध्यक्ष माननीय न्यायाधीश श्री नरेन्द्र कुमार शिवाकोटी
अध्यक्ष माननीय न्यायाधीश श्री प्रभा बस्नेत
अध्यक्ष माननीय न्यायाधीश श्री पवनकुमार शर्मा",False
072-CR-0058,ठहर,"अध्यक्ष माननीय न्यायाधीश श्री महेश प्रसाद पुडासैनी
अध्यक्ष माननीय न्यायाधीश श्री प्रभा बस्नेत
अध्यक्ष माननीय न्यायाधीश श्री पवनकुमार शर्मा",False
072-CR-0059,आंशिक ठहर,"अध्यक्ष माननीय न्यायाधीश श्री चण्डीराज ढकाल
अध्यक्ष माननीय न्यायाधीश श्री प्रमोदकुमार श्रेष्ठ वैद्य
अध्यक्ष माननीय न्यायाधीश श्री रत्नबहादुर बागचन्द",False
072-CR-0060,सफाई,"अध्यक्ष माननीय न्यायाधीश श्री बाबुराम रेग्मी
अध्यक्ष माननीय न्यायाधीश श्री द्वारिकामान जोशी
अध्यक्ष माननीय न्यायाधीश श्री प्रमोदकुमार श्रेष्ठ वैद्य",False
072-CR-0061,आंशिक ठहर,"अध्यक्ष माननीय न्यायाधीश श्री बाबुराम रेग्मी
अध्यक्ष माननीय न्यायाधीश श्री चण्डीराज ढकाल",False
072-CR-0062,आंशिक ठहर,"अध्यक्ष माननीय न्यायाधीश श्री शिवराज अधिकारी
सदस्य माननीय न्यायाधीश श्री बालेन्द्र रुपाखेती
सदस्य माननीय न्यायाधीश डा. सदस्य माननीय न्यायाधीश श्री रवि शर्मा अर्याल",False
072-CR-0063,सफाई,"अध्यक्ष माननीय न्यायाधीश श्री बाबुराम रेग्मी
अध्यक्ष माननीय न्यायाधीश श्री द्वारिकामान जोशी
अध्यक्ष माननीय न्यायाधीश श्री प्रमोदकुमार श्रेष्ठ वैद्य",False
072-CR-0064,आंशिक ठहर,"अध्यक्ष माननीय न्यायाधीश श्री बाबुराम रेग्मी
अध्यक्ष माननीय न्यायाधीश श्री प्रमोदकुमार श्रेष्ठ वैद्य
अध्यक्ष माननीय न्यायाधीश श्री रत्नबहादुर बागचन्द",False
072-CR-0065,सफाई,"अध्यक्ष माननीय न्यायाधीश श्री द्वारिकामान जोशी
अध्यक्ष माननीय न्यायाधीश श्री चण्डीराज ढकाल
अध्यक्ष माननीय न्यायाधीश श्री नारायणप्रसाद पोखरेल",False
072-CR-0066,सफाई,"अध्यक्ष माननीय न्यायाधीश श्री बाबुराम रेग्मी
अध्यक्ष माननीय न्यायाधीश श्री चण्डीराज ढकाल",False
072-CR-0067,ठहर,"अध्यक्ष माननीय न्यायाधीश श्री बाबुराम रेग्मी
अध्यक्ष माननीय न्यायाधीश श्री नारायणप्रसाद पोखरेल
अध्यक्ष माननीय न्यायाधीश श्री रत्नबहादुर बागचन्द",False
072-CR-0068,ठहर,"अध्यक्ष माननीय न्यायाधीश श्री मोहनरमण भट्टराई
अध्यक्ष माननीय न्यायाधीश श्री भूपेन्द्र प्रसाद राई
अध्यक्ष माननीय न्यायाधीश श्री प्रभा बस्नेत",False
072-CR-0069,ठहर,"अध्यक्ष माननीय न्यायाधीश श्री मोहनरमण भट्टराई
अध्यक्ष माननीय न्यायाधीश श्री महेश प्रसाद पुडासैनी
अध्यक्ष माननीय न्यायाधीश श्री बाबुराम रेग्मी",False
072-CR-0070,आंशिक ठहर,"अध्यक्ष माननीय न्यायाधीश श्री चण्डीराज ढकाल
अध्यक्ष माननीय न्यायाधीश श्री प्रमोदकुमार श्रेष्ठ वैद्य
अध्यक्ष माननीय न्यायाधीश श्री रत्नबहादुर बागचन्द",False
072-CR-0071,ठहर,"अध्यक्ष माननीय न्यायाधीश श्री द्वारिकामान जोशी
अध्यक्ष माननीय न्यायाधीश श्री चण्डीराज ढकाल
अध्यक्ष माननीय न्यायाधीश श्री रत्नबहादुर बागचन्द",False
072-CR-0072,आंशिक ठहर,"अध्यक्ष माननीय न्यायाधीश श्री बाबुराम रेग्मी
अध्यक्ष माननीय न्यायाधीश श्री प्रमोदकुमार श्रेष्ठ वैद्य
अध्यक्ष माननीय न्यायाधीश श्री नारायणप्रसाद पोखरेल",False
072-CR-0073,आंशिक ठहर,"अध्यक्ष माननीय न्यायाधीश श्री बाबुराम रेग्मी
अध्यक्ष माननीय न्यायाधीश श्री प्रमोदकुमार श्रेष्ठ वैद्य
अध्यक्ष माननीय न्यायाधीश श्री रत्नबहादुर बागचन्द",False
072-CR-0074,ठहर,"अध्यक्ष माननीय न्यायाधीश श्री बाबुराम रेग्मी
अध्यक्ष माननीय न्यायाधीश श्री चण्डीराज ढकाल
अध्यक्ष माननीय न्यायाधीश श्री नारायणप्रसाद पोखरेल",False
072-CR-0075,सफाई,"अध्यक्ष माननीय न्यायाधीश श्री बाबुराम रेग्मी
अध्यक्ष माननीय न्यायाधीश श्री द्वारिकामान जोशी
अध्यक्ष माननीय न्यायाधीश श्री प्रमोदकुमार श्रेष्ठ वैद्य",False
072-CR-0076,ठहर,"अध्यक्ष माननीय न्यायाधीश श्री मोहनरमण भट्टराई
अध्यक्ष माननीय न्यायाधीश श्री बाबुराम रेग्मी
अध्यक्ष माननीय न्यायाधीश श्री प्रभा बस्नेत",False
072-CR-0077,सफाई,"अध्यक्ष माननीय न्यायाधीश श्री मोहनरमण भट्टराई
अध्यक्ष माननीय न्यायाधीश श्री बाबुराम रेग्मी
अध्यक्ष माननीय न्यायाधीश श्री प्रभा बस्नेत",False
072-CR-0079,ठहर,"अध्यक्ष माननीय न्यायाधीश श्री बाबुराम रेग्मी
अध्यक्ष माननीय न्यायाधीश श्री रत्नबहादुर बागचन्द",False
072-CR-0081,सफाई,"अध्यक्ष माननीय न्यायाधीश श्री चण्डीराज ढकाल
अध्यक्ष माननीय न्यायाधीश श्री प्रमोदकुमार श्रेष्ठ वैद्य
अध्यक्ष माननीय न्यायाधीश श्री रत्नबहादुर बागचन्द",False
072-CR-0082,सफाई,"अध्यक्ष माननीय न्यायाधीश श्री चण्डीराज ढकाल
अध्यक्ष माननीय न्यायाधीश श्री प्रमोदकुमार श्रेष्ठ वैद्य
अध्यक्ष माननीय न्यायाधीश श्री रत्नबहादुर बागचन्द",False
072-CR-0083,ठहर,"अध्यक्ष माननीय न्यायाधीश श्री नरेन्द्र कुमार शिवाकोटी
अध्यक्ष माननीय न्यायाधीश श्री महेश प्रसाद पुडासैनी
अध्यक्ष माननीय न्यायाधीश श्री पवनकुमार शर्मा",False
072-CR-0084,सफाई,"अध्यक्ष माननीय न्यायाधीश श्री भूपेन्द्र प्रसाद राई
अध्यक्ष माननीय न्यायाधीश श्री प्रभा बस्नेत
अध्यक्ष माननीय न्यायाधीश श्री पवनकुमार शर्मा",False
072-CR-0085,सफाई,"अध्यक्ष माननीय न्यायाधीश श्री प्रभा बस्नेत
अध्यक्ष माननीय न्यायाधीश श्री पवनकुमार शर्मा",False
072-CR-0086,सफाई,"अध्यक्ष माननीय न्यायाधीश श्री चण्डीराज ढकाल
अध्यक्ष माननीय न्यायाधीश श्री नारायणप्रसाद पोखरेल
अध्यक्ष माननीय न्यायाधीश श्री रत्नबहादुर बागचन्द",False
072-CR-0087,सफाई,"अध्यक्ष माननीय न्यायाधीश श्री नरेन्द्र कुमार शिवाकोटी
अध्यक्ष माननीय न्यायाधीश श्री प्रभा बस्नेत
अध्यक्ष माननीय न्यायाधीश श्री पवनकुमार शर्मा",False
072-CR-0088,सफाई,"अध्यक्ष माननीय न्यायाधीश श्री मोहनरमण भट्टराई
अध्यक्ष माननीय न्यायाधीश श्री नरेन्द्र कुमार शिवाकोटी",False
072-CR-0090,ठहर,"अध्यक्ष माननीय न्यायाधीश श्री मोहनरमण भट्टराई
अध्यक्ष माननीय न्यायाधीश श्री नरेन्द्र कुमार शिवाकोटी
अध्यक्ष माननीय न्यायाधीश श्री पवनकुमार शर्मा",False
072-CR-0091,सफाई,"अध्यक्ष माननीय न्यायाधीश श्री नरेन्द्र कुमार शिवाकोटी
अध्यक्ष माननीय न्यायाधीश श्री प्रभा बस्नेत
अध्यक्ष माननीय न्यायाधीश श्री पवनकुमार शर्मा",False
072-CR-0092,सफाई,"अध्यक्ष माननीय न्यायाधीश श्री बाबुराम रेग्मी
अध्यक्ष माननीय न्यायाधीश श्री चण्डीराज ढकाल
अध्यक्ष माननीय न्यायाधीश श्री नारायणप्रसाद पोखरेल",False
072-CR-0093,सफाई,"अध्यक्ष माननीय न्यायाधीश श्री बाबुराम रेग्मी
अध्यक्ष माननीय न्यायाधीश श्री द्वारिकामान जोशी
अध्यक्ष माननीय न्यायाधीश श्री प्रमोदकुमार श्रेष्ठ वैद्य",False
072-CR-0094,ठहर,"अध्यक्ष माननीय न्यायाधीश श्री भूपेन्द्र प्रसाद राई
अध्यक्ष माननीय न्यायाधीश श्री नरेन्द्र कुमार शिवाकोटी
अध्यक्ष माननीय न्यायाधीश श्री पवनकुमार शर्मा",False
072-CR-0095,ठहर,"अध्यक्ष माननीय न्यायाधीश श्री बाबुराम रेग्मी
अध्यक्ष माननीय न्यायाधीश श्री प्रमोदकुमार श्रेष्ठ वैद्य
अध्यक्ष माननीय न्यायाधीश श्री रत्नबहादुर बागचन्द",False
072-CR-0096,ठहर,"अध्यक्ष माननीय न्यायाधीश श्री मोहनरमण भट्टराई
अध्यक्ष माननीय न्यायाधीश श्री बाबुराम रेग्मी
अध्यक्ष माननीय न्यायाधीश श्री प्रभा बस्नेत",False
072-CR-0097,ठहर,"अध्यक्ष माननीय न्यायाधीश श्री मोहनरमण भट्टराई
अध्यक्ष माननीय न्यायाधीश श्री भूपेन्द्र प्रसाद राई
अध्यक्ष माननीय न्यायाधीश श्री महेश प्रसाद पुडासैनी",False
072-CR-0098,ठहर,माननीय न्यायाधीश श्री भूपेन्द्र प्रसाद राई माननीय न्यायाधीश श्री पवनकुमार शर्मा माननीय न्यायाधीश श्री नरेन्द्र कुमार शिवाकोटी,True
072-CR-0099,सफाई,"अध्यक्ष माननीय न्यायाधीश श्री बाबुराम रेग्मी
अध्यक्ष माननीय न्यायाधीश श्री प्रमोदकुमार श्रेष्ठ वैद्य
अध्यक्ष माननीय न्यायाधीश श्री रत्नबहादुर बागचन्द",False
072-CR-0100,ठहर,"अध्यक्ष माननीय न्यायाधीश श्री बाबुराम रेग्मी
अध्यक्ष माननीय न्यायाधीश श्री चण्डीराज ढकाल",False
072-CR-0101,सफाई,"अध्यक्ष माननीय न्यायाधीश श्री चण्डीराज ढकाल
अध्यक्ष माननीय न्यायाधीश श्री प्रमोदकुमार श्रेष्ठ वैद्य
अध्यक्ष माननीय न्यायाधीश श्री रत्नबहादुर बागचन्द",False
072-CR-0102,ठहर,"अध्यक्ष माननीय न्यायाधीश श्री भूपेन्द्र प्रसाद राई
अध्यक्ष माननीय न्यायाधीश श्री नरेन्द्र कुमार शिवाकोटी
अध्यक्ष माननीय न्यायाधीश श्री पवनकुमार शर्मा",False
072-CR-0103,आंशिक ठहर,"अध्यक्ष माननीय न्यायाधीश श्री श्रीकान्त पौडेल
सदस्य माननीय न्यायाधीश डा. श्री खुशी प्रसाद थारु
सदस्य माननीय न्यायाधीश श्री यमुना भट्टराई",False
072-CR-0104,ठहर,"अध्यक्ष माननीय न्यायाधीश श्री नरेन्द्र कुमार शिवाकोटी
अध्यक्ष माननीय न्यायाधीश श्री महेश प्रसाद पुडासैनी
अध्यक्ष माननीय न्यायाधीश श्री पवनकुमार शर्मा",False
072-CR-0105,ठहर,"अध्यक्ष माननीय न्यायाधीश श्री द्वारिकामान जोशी
अध्यक्ष माननीय न्यायाधीश श्री प्रमोदकुमार श्रेष्ठ वैद्य
अध्यक्ष माननीय न्यायाधीश श्री नारायणप्रसाद पोखरेल",False
072-CR-0106,आंशिक ठहर,"अध्यक्ष माननीय न्यायाधीश श्री मोहनरमण भट्टराई
अध्यक्ष माननीय न्यायाधीश श्री नरेन्द्र कुमार शिवाकोटी
अध्यक्ष माननीय न्यायाधीश श्री महेश प्रसाद पुडासैनी",False
072-CR-0107,सफाई,"अध्यक्ष माननीय न्यायाधीश श्री द्वारिकामान जोशी
अध्यक्ष माननीय न्यायाधीश श्री प्रमोदकुमार श्रेष्ठ वैद्य
अध्यक्ष माननीय न्यायाधीश श्री रत्नबहादुर बागचन्द",False
072-CR-0108,ठहर,"अध्यक्ष माननीय न्यायाधीश श्री भूपेन्द्र प्रसाद राई
अध्यक्ष माननीय न्यायाधीश श्री प्रभा बस्नेत
अध्यक्ष माननीय न्यायाधीश श्री पवनकुमार शर्मा",False
072-CR-0109,आंशिक ठहर,"अध्यक्ष माननीय न्यायाधीश श्री द्वारिकामान जोशी
अध्यक्ष माननीय न्यायाधीश श्री चण्डीराज ढकाल
अध्यक्ष माननीय न्यायाधीश श्री नारायणप्रसाद पोखरेल",False
072-CR-0110,ठहर,"अध्यक्ष माननीय न्यायाधीश श्री द्वारिकामान जोशी
अध्यक्ष माननीय न्यायाधीश श्री प्रमोदकुमार श्रेष्ठ वैद्य",False
072-CR-0111,सफाई,"अध्यक्ष माननीय न्यायाधीश श्री मोहनरमण भट्टराई
अध्यक्ष माननीय न्यायाधीश श्री महेश प्रसाद पुडासैनी
अध्यक्ष माननीय न्यायाधीश श्री प्रभा बस्नेत",False
072-CR-0112,ठहर,"अध्यक्ष माननीय न्यायाधीश श्री बाबुराम रेग्मी
अध्यक्ष माननीय न्यायाधीश श्री नारायणप्रसाद पोखरेल
अध्यक्ष माननीय न्यायाधीश श्री रत्नबहादुर बागचन्द",False
072-CR-0113,सफाई,"अध्यक्ष माननीय न्यायाधीश श्री बाबुराम रेग्मी
अध्यक्ष माननीय न्यायाधीश श्री चण्डीराज ढकाल
अध्यक्ष माननीय न्यायाधीश श्री नारायणप्रसाद पोखरेल",False
072-CR-0114,ठहर,"अध्यक्ष माननीय न्यायाधीश श्री द्वारिकामान जोशी
अध्यक्ष माननीय न्यायाधीश श्री प्रमोदकुमार श्रेष्ठ वैद्य
अध्यक्ष माननीय न्यायाधीश श्री रत्नबहादुर बागचन्द",False
072-CR-0115,ठहर,"अध्यक्ष माननीय न्यायाधीश श्री बाबुराम रेग्मी
अध्यक्ष माननीय न्यायाधीश श्री चण्डीराज ढकाल
अध्यक्ष माननीय न्यायाधीश श्री रत्नबहादुर बागचन्द",False
072-CR-0116,सफाई,"अध्यक्ष माननीय न्यायाधीश श्री भूपेन्द्र प्रसाद राई
अध्यक्ष माननीय न्यायाधीश श्री प्रभा बस्नेत
अध्यक्ष माननीय न्यायाधीश श्री पवनकुमार शर्मा",False
072-CR-0117,सफाई,"अध्यक्ष माननीय न्यायाधीश श्री बाबुराम रेग्मी
अध्यक्ष माननीय न्यायाधीश श्री द्वारिकामान जोशी
अध्यक्ष माननीय न्यायाधीश श्री प्रमोदकुमार श्रेष्ठ वैद्य",False
072-CR-0118,ठहर,"अध्यक्ष माननीय न्यायाधीश श्री मोहनरमण भट्टराई
अध्यक्ष माननीय न्यायाधीश श्री बाबुराम रेग्मी
अध्यक्ष माननीय न्यायाधीश श्री प्रभा बस्नेत",False
072-CR-0119,सफाई,"अध्यक्ष माननीय न्यायाधीश श्री भूपेन्द्र प्रसाद राई
अध्यक्ष माननीय न्यायाधीश श्री नरेन्द्र कुमार शिवाकोटी
अध्यक्ष माननीय न्यायाधीश श्री पवनकुमार शर्मा",False
072-CR-0120,ठहर,"अध्यक्ष माननीय न्यायाधीश श्री मोहनरमण भट्टराई
अध्यक्ष माननीय न्यायाधीश श्री नरेन्द्र कुमार शिवाकोटी
अध्यक्ष माननीय न्यायाधीश श्री महेश प्रसाद पुडासैनी",False
072-CR-0121,ठहर,अध्यक्ष माननीय न्यायाधिश श्री मोहन रमण भट्टराई सदस्य माननीय न्यायाधीश श्री नरेन्द्र कुमार शिवाकोटी सदस्य माननीय न्यायाधीश श्री महेश प्रसाद पुडासैनी,True
072-CR-0122,आंशिक ठहर,"अध्यक्ष माननीय न्यायाधीश श्री बाबुराम रेग्मी
अध्यक्ष माननीय न्यायाधीश श्री चण्डीराज ढकाल",False
072-CR-0123,ठहर,"अध्यक्ष माननीय न्यायाधीश श्री द्वारिकामान जोशी
अध्यक्ष माननीय न्यायाधीश श्री चण्डीराज ढकाल
अध्यक्ष माननीय न्यायाधीश श्री नारायणप्रसाद पोखरेल",False
072-CR-0124,सफाई,"अध्यक्ष माननीय न्यायाधीश श्री बाबुराम रेग्मी
अध्यक्ष माननीय न्यायाधीश श्री चण्डीराज ढकाल
अध्यक्ष माननीय न्यायाधीश श्री प्रमोदकुमार श्रेष्ठ वैद्य",False
072-CR-0125,ठहर,"अध्यक्ष माननीय न्यायाधीश श्री भूपेन्द्र प्रसाद राई
अध्यक्ष माननीय न्यायाधीश श्री नरेन्द्र कुमार शिवाकोटी
अध्यक्ष माननीय न्यायाधीश श्री प्रभा बस्नेत",False
072-CR-0126,सफाई,"अध्यक्ष माननीय न्यायाधीश श्री द्वारिकामान जोशी
अध्यक्ष माननीय न्यायाधीश श्री चण्डीराज ढकाल
अध्यक्ष माननीय न्यायाधीश श्री प्रमोदकुमार श्रेष्ठ वैद्य",False
072-CR-0127,ठहर,"अध्यक्ष माननीय न्यायाधीश श्री मोहनरमण भट्टराई
अध्यक्ष माननीय न्यायाधीश श्री नरेन्द्र कुमार शिवाकोटी",False
072-CR-0128,ठहर,"अध्यक्ष माननीय न्यायाधीश श्री मोहनरमण भट्टराई
अध्यक्ष माननीय न्यायाधीश श्री नरेन्द्र कुमार शिवाकोटी
अध्यक्ष माननीय न्यायाधीश श्री महेश प्रसाद पुडासैनी",False
072-CR-0129,ठहर,"अध्यक्ष माननीय न्यायाधीश श्री भूपेन्द्र प्रसाद राई
अध्यक्ष माननीय न्यायाधीश श्री महेश प्रसाद पुडासैनी
अध्यक्ष माननीय न्यायाधीश श्री प्रभा बस्नेत",False
072-CR-0130,ठहर,"अध्यक्ष माननीय न्यायाधीश श्री मोहनरमण भट्टराई
अध्यक्ष माननीय न्यायाधीश श्री भूपेन्द्र प्रसाद राई
अध्यक्ष माननीय न्यायाधीश श्री प्रभा बस्नेत",False
072-CR-0131,सफाई,"अध्यक्ष माननीय न्यायाधीश श्री मोहनरमण भट्टराई
अध्यक्ष माननीय न्यायाधीश श्री नरेन्द्र कुमार शिवाकोटी
अध्यक्ष माननीय न्यायाधीश श्री पवनकुमार शर्मा",False
072-CR-0132,सफाई,"अध्यक्ष माननीय न्यायाधीश श्री भूपेन्द्र प्रसाद राई
अध्यक्ष माननीय न्यायाधीश श्री नरेन्द्र कुमार शिवाकोटी
अध्यक्ष माननीय न्यायाधीश श्री पवनकुमार शर्मा",False
072-CR-0133,ठहर,"अध्यक्ष माननीय न्यायाधीश श्री मोहनरमण भट्टराई
अध्यक्ष माननीय न्यायाधीश श्री महेश प्रसाद पुडासैनी
अध्यक्ष माननीय न्यायाधीश श्री पवनकुमार शर्मा",False
072-CR-0134,ठहर,"अध्यक्ष माननीय न्यायाधीश श्री मोहनरमण भट्टराई
अध्यक्ष माननीय न्यायाधीश श्री महेश प्रसाद पुडासैनी
अध्यक्ष माननीय न्यायाधीश श्री बाबुराम रेग्मी",False
072-CR-0135,सफाई,"अध्यक्ष माननीय न्यायाधीश श्री मोहनरमण भट्टराई
अध्यक्ष माननीय न्यायाधीश श्री पवनकुमार शर्मा",False
072-CR-0136,ठहर,"अध्यक्ष माननीय न्यायाधीश श्री मोहनरमण भट्टराई
अध्यक्ष माननीय न्यायाधीश श्री नरेन्द्र कुमार शिवाकोटी
अध्यक्ष माननीय न्यायाधीश श्री महेश प्रसाद पुडासैनी",False
072-CR-0137,ठहर,"अध्यक्ष माननीय न्यायाधीश श्री मोहनरमण भट्टराई
अध्यक्ष माननीय न्यायाधीश श्री महेश प्रसाद पुडासैनी
अध्यक्ष माननीय न्यायाधीश श्री पवनकुमार शर्मा",False
072-CR-0138,ठहर,"अध्यक्ष माननीय न्यायाधीश श्री नरेन्द्र कुमार शिवाकोटी
अध्यक्ष माननीय न्यायाधीश श्री महेश प्रसाद पुडासैनी
अध्यक्ष माननीय न्यायाधीश श्री पवनकुमार शर्मा",False
072-CR-0139,ठहर,"अध्यक्ष माननीय न्यायाधीश श्री बाबुराम रेग्मी
अध्यक्ष माननीय न्यायाधीश श्री चण्डीराज ढकाल",False
072-CR-0140,ठहर,"अध्यक्ष माननीय न्यायाधीश श्री मोहनरमण भट्टराई
अध्यक्ष माननीय न्यायाधीश श्री बाबुराम रेग्मी",False
072-CR-0141,सफाई,"अध्यक्ष माननीय न्यायाधीश श्री भूपेन्द्र प्रसाद राई
अध्यक्ष माननीय न्यायाधीश श्री महेश प्रसाद पुडासैनी
अध्यक्ष माननीय न्यायाधीश श्री प्रभा बस्नेत",False
072-CR-0142,सफाई,"अध्यक्ष माननीय न्यायाधीश श्री भूपेन्द्र प्रसाद राई
अध्यक्ष माननीय न्यायाधीश श्री प्रभा बस्नेत
अध्यक्ष माननीय न्यायाधीश श्री पवनकुमार शर्मा",False
072-CR-0143,सफाई,"अध्यक्ष माननीय न्यायाधीश श्री महेश प्रसाद पुडासैनी
अध्यक्ष माननीय न्यायाधीश श्री प्रभा बस्नेत
अध्यक्ष माननीय न्यायाधीश श्री पवनकुमार शर्मा",False
072-CR-0144,सफाई,"अध्यक्ष माननीय न्यायाधीश श्री मोहनरमण भट्टराई
अध्यक्ष माननीय न्यायाधीश श्री नरेन्द्र कुमार शिवाकोटी",False
072-CR-0145,ठहर,माननीय न्यायाधीश श्री पवनकुमार शर्मा माननीय न्यायाधीश श्री नरेन्द्रकुमार शिवाकोटी माननीय न्यायाधीश श्री प्रभा बस्नेत,True
072-CR-0146,ठहर,"अध्यक्ष माननीय न्यायाधीश श्री शिवराज अधिकारी
सदस्य माननीय न्यायाधीश श्री बालेन्द्र रुपाखेती
सदस्य माननीय न्यायाधीश श्री शान्तिसिंह थापा",False
072-CR-0147,ठहर,"अध्यक्ष माननीय न्यायाधीश श्री बाबुराम रेग्मी
अध्यक्ष माननीय न्यायाधीश श्री प्रमोदकुमार श्रेष्ठ वैद्य
अध्यक्ष माननीय न्यायाधीश श्री रत्नबहादुर बागचन्द",False
072-CR-0148,आंशिक ठहर,"अध्यक्ष माननीय न्यायाधीश श्री मोहनरमण भट्टराई
अध्यक्ष माननीय न्यायाधीश श्री भूपेन्द्र प्रसाद राई
अध्यक्ष माननीय न्यायाधीश श्री प्रभा बस्नेत",False
072-CR-0149,ठहर,"अध्यक्ष माननीय न्यायाधीश श्री बाबुराम रेग्मी
अध्यक्ष माननीय न्यायाधीश श्री चण्डीराज ढकाल
अध्यक्ष माननीय न्यायाधीश श्री प्रमोदकुमार श्रेष्ठ वैद्य",False
072-CR-0150,ठहर,"अध्यक्ष माननीय न्यायाधीश श्री मोहनरमण भट्टराई
अध्यक्ष माननीय न्यायाधीश श्री प्रभा बस्नेत
अध्यक्ष माननीय न्यायाधीश श्री पवनकुमार शर्मा",False
072-CR-0151,ठहर,इजलास अध्यक्ष माननीय न्यायाधिश श्री मोहन रमण भट्टराई सदस्य माननीय न्यायाधीश श्री पवन कुमार शर्मा सदस्य माननीय न्यायाधीश श्री महेश प्रसाद पुडासैनी,True
072-CR-0152,ठहर,"अध्यक्ष माननीय न्यायाधीश श्री मोहनरमण भट्टराई
अध्यक्ष माननीय न्यायाधीश श्री भूपेन्द्र प्रसाद राई
अध्यक्ष माननीय न्यायाधीश श्री प्रभा बस्नेत",False
072-CR-0153,ठहर,इजलास अध्यक्ष माननीय न्यायाधीश श्री मोहन रमण भट्टराई सदस्य माननीय न्यायाधीश श्री भूपेन्द्र प्रसाद राई सदस्य माननीय न्यायाधीश श्री महेश प्रसाद पुडासैनि,True
072-CR-0154,ठहर,इजलास अध्यक्ष माननीय न्यायाधीश श्री मोहनरमण भट्टराई सदस्य माननिय न्यायाधीश श्री भूपेन्द्र प्रसाद राई,True
072-CR-0155,ठहर,"अध्यक्ष माननीय न्यायाधीश श्री नरेन्द्र कुमार शिवाकोटी
अध्यक्ष माननीय न्यायाधीश श्री पवनकुमार शर्मा",False
072-CR-0156,ठहर,"अध्यक्ष माननीय न्यायाधीश श्री चण्डीराज ढकाल
अध्यक्ष माननीय न्यायाधीश श्री प्रमोदकुमार श्रेष्ठ वैद्य
अध्यक्ष माननीय न्यायाधीश श्री रत्नबहादुर बागचन्द",False
072-CR-0157,ठहर,"अध्यक्ष माननीय न्यायाधीश श्री मोहनरमण भट्टराई
अध्यक्ष माननीय न्यायाधीश श्री प्रभा बस्नेत",False
072-CR-0158,ठहर,"अध्यक्ष माननीय न्यायाधीश श्री मोहनरमण भट्टराई
अध्यक्ष माननीय न्यायाधीश श्री नरेन्द्र कुमार शिवाकोटी
अध्यक्ष माननीय न्यायाधीश श्री पवनकुमार शर्मा",False
072-CR-0159,ठहर,"अध्यक्ष माननीय न्यायाधीश श्री बाबुराम रेग्मी
अध्यक्ष माननीय न्यायाधीश श्री प्रभा बस्नेत
अध्यक्ष माननीय न्यायाधीश श्री पवनकुमार शर्मा",False
073-CR-0001,आंशिक ठहर,"अध्यक्ष माननीय न्यायाधीश श्री मोहनरमण भट्टराई
अध्यक्ष माननीय न्यायाधीश श्री महेश प्रसाद पुडासैनी
अध्यक्ष माननीय न्यायाधीश श्री बाबुराम रेग्मी",False
073-CR-0002,सफाई,"अध्यक्ष माननीय न्यायाधीश श्री मोहनरमण भट्टराई
अध्यक्ष माननीय न्यायाधीश श्री नरेन्द्र कुमार शिवाकोटी
अध्यक्ष माननीय न्यायाधीश श्री पवनकुमार शर्मा",False
073-CR-0003,ठहर,"अध्यक्ष माननीय न्यायाधीश श्री बाबुराम रेग्मी
अध्यक्ष माननीय न्यायाधीश श्री प्रमोदकुमार श्रेष्ठ वैद्य",False
073-CR-0004,ठहर,"अध्यक्ष माननीय न्यायाधीश श्री भूपेन्द्र प्रसाद राई
अध्यक्ष माननीय न्यायाधीश श्री प्रभा बस्नेत
अध्यक्ष माननीय न्यायाधीश श्री पवनकुमार शर्मा",False
073-CR-0006,ठहर,इजलास अध्यक्ष माननीय न्यायाधिश श्री मोहन रमण भट्टराई सदस्य माननीय न्यायाधीश श्री प्रभा बस्नेत सदस्य माननीय न्यायाधीश श्री महेश प्रसाद पुडासैनी,True
073-CR-0007,ठहर,"अध्यक्ष माननीय न्यायाधीश श्री नरेन्द्र कुमार शिवाकोटी
अध्यक्ष माननीय न्यायाधीश श्री महेश प्रसाद पुडासैनी
अध्यक्ष माननीय न्यायाधीश श्री प्रभा बस्नेत",False
073-CR-0008,सफाई,"अध्यक्ष माननीय न्यायाधीश श्री बाबुराम रेग्मी
अध्यक्ष माननीय न्यायाधीश श्री चण्डीराज ढकाल
अध्यक्ष माननीय न्यायाधीश श्री नारायणप्रसाद पोखरेल",False
073-CR-0009,ठहर,"अध्यक्ष माननीय न्यायाधीश श्री बाबुराम रेग्मी
अध्यक्ष माननीय न्यायाधीश श्री चण्डीराज ढकाल
अध्यक्ष माननीय न्यायाधीश श्री रत्नबहादुर बागचन्द",False
073-CR-0010,सफाई,सदस्य माननीय न्यायाधीश श्री पवन कुमार शर्मा सदस्य माननीय न्यायाधीश श्री बाबुराम रेग्मी,True
073-CR-0011,सफाई,"अध्यक्ष माननीय न्यायाधीश श्री बाबुराम रेग्मी
अध्यक्ष माननीय न्यायाधीश श्री चण्डीराज ढकाल
अध्यक्ष माननीय न्यायाधीश श्री नारायणप्रसाद पोखरेल",False
073-CR-0012,ठहर,"अध्यक्ष माननीय न्यायाधीश श्री शिवराज अधिकारी
सदस्य माननीय न्यायाधीश श्री शान्तिसिंह थापा
सदस्य माननीय न्यायाधीश श्री चन्द्रबहादुर सारु",False
073-CR-0013,ठहर,"अध्यक्ष माननीय न्यायाधीश श्री बाबुराम रेग्मी
अध्यक्ष माननीय न्यायाधीश श्री प्रमोदकुमार श्रेष्ठ वैद्य
अध्यक्ष माननीय न्यायाधीश श्री नारायणप्रसाद पोखरेल",False
073-CR-0014,ठहर,इजलास अध्यक्ष माननीय न्यायाधिश श्री मोहन रमण भट्टराई सदस्य माननीय न्यायाधीश श्री नरेन्द्रकुमार शिवाकोटी सदस्य माननीय न्यायाधीश श्री प्रभा बस्नेत,True
073-CR-0015,सफाई,"अध्यक्ष माननीय न्यायाधीश श्री चण्डीराज ढकाल
अध्यक्ष माननीय न्यायाधीश श्री प्रमोदकुमार श्रेष्ठ वैद्य
अध्यक्ष माननीय न्यायाधीश श्री रत्नबहादुर बागचन्द",False
073-CR-0016,आंशिक ठहर,"अध्यक्ष माननीय न्यायाधीश श्री द्वारिकामान जोशी
अध्यक्ष माननीय न्यायाधीश श्री नारायणप्रसाद पोखरेल
अध्यक्ष माननीय न्यायाधीश श्री रत्नबहादुर बागचन्द",False
073-CR-0017,आंशिक ठहर,"अध्यक्ष माननीय न्यायाधीश श्री बाबुराम रेग्मी
अध्यक्ष माननीय न्यायाधीश श्री द्वारिकामान जोशी
अध्यक्ष माननीय न्यायाधीश श्री प्रमोदकुमार श्रेष्ठ वैद्य",False
073-CR-0018,आंशिक ठहर,"अध्यक्ष माननीय न्यायाधीश श्री बाबुराम रेग्मी
अध्यक्ष माननीय न्यायाधीश श्री चण्डीराज ढकाल
अध्यक्ष माननीय न्यायाधीश श्री रत्नबहादुर बागचन्द",False
073-CR-0019,ठहर,"अध्यक्ष माननीय न्यायाधीश श्री मोहनरमण भट्टराई
अध्यक्ष माननीय न्यायाधीश श्री नरेन्द्र कुमार शिवाकोटी
अध्यक्ष माननीय न्यायाधीश श्री महेश प्रसाद पुडासैनी",False
073-CR-0020,ठहर,"अध्यक्ष माननीय न्यायाधीश श्री बाबुराम रेग्मी
अध्यक्ष माननीय न्यायाधीश श्री चण्डीराज ढकाल
अध्यक्ष माननीय न्यायाधीश श्री नारायणप्रसाद पोखरेल",False
073-CR-0021,ठहर,"अध्यक्ष माननीय न्यायाधीश श्री बाबुराम रेग्मी
अध्यक्ष माननीय न्यायाधीश श्री चण्डीराज ढकाल
अध्यक्ष माननीय न्यायाधीश श्री नारायणप्रसाद पोखरेल",False
073-CR-0022,ठहर,"अध्यक्ष माननीय न्यायाधीश श्री द्वारिकामान जोशी
अध्यक्ष माननीय न्यायाधीश श्री चण्डीराज ढकाल",False
073-CR-0023,ठहर,"सदस्य माननीय न्यायाधीश श्री अब्दुल अजिज मुसलमान
सदस्य माननीय न्यायाधीश श्री शान्तिसिंह थापा
सदस्य माननीय न्यायाधीश श्री चन्द्रबहादुर सारु",False
073-CR-0024,ठहर,"अध्यक्ष माननीय न्यायाधीश श्री बाबुराम रेग्मी
अध्यक्ष माननीय न्यायाधीश श्री द्वारिकामान जोशी
अध्यक्ष माननीय न्यायाधीश श्री प्रमोदकुमार श्रेष्ठ वैद्य",False
073-CR-0025,सफाई,"अध्यक्ष माननीय न्यायाधीश श्री मोहनरमण भट्टराई
अध्यक्ष माननीय न्यायाधीश श्री नरेन्द्र कुमार शिवाकोटी
अध्यक्ष माननीय न्यायाधीश श्री पवनकुमार शर्मा",False
073-CR-0026,ठहर,"अध्यक्ष माननीय न्यायाधीश श्री मोहनरमण भट्टराई
अध्यक्ष माननीय न्यायाधीश श्री नरेन्द्र कुमार शिवाकोटी",False
073-CR-0027,ठहर,"अध्यक्ष माननीय न्यायाधीश श्री बाबुराम रेग्मी
अध्यक्ष माननीय न्यायाधीश श्री प्रमोदकुमार श्रेष्ठ वैद्य
अध्यक्ष माननीय न्यायाधीश श्री नारायणप्रसाद पोखरेल",False
073-CR-0028,ठहर,"अध्यक्ष माननीय न्यायाधीश श्री मोहनरमण भट्टराई
अध्यक्ष माननीय न्यायाधीश श्री भूपेन्द्र प्रसाद राई
अध्यक्ष माननीय न्यायाधीश श्री प्रभा बस्नेत",False
073-CR-0029,ठहर,"अध्यक्ष माननीय न्यायाधीश श्री शिवराज अधिकारी
सदस्य माननीय न्यायाधीश श्री बालेन्द्र रुपाखेती
सदस्य माननीय न्यायाधीश डा. सदस्य माननीय न्यायाधीश श्री रवि शर्मा अर्याल",False
073-CR-0030,ठहर,"अध्यक्ष माननीय न्यायाधीश श्री मोहनरमण भट्टराई
अध्यक्ष माननीय न्यायाधीश श्री नरेन्द्र कुमार शिवाकोटी",False
073-CR-0031,सफाई,"अध्यक्ष माननीय न्यायाधीश श्री भूपेन्द्र प्रसाद राई
अध्यक्ष माननीय न्यायाधीश श्री प्रभा बस्नेत
अध्यक्ष माननीय न्यायाधीश श्री पवनकुमार शर्मा",False
073-CR-0032,सफाई,"अध्यक्ष माननीय न्यायाधीश श्री श्रीकान्त पौडेल
सदस्य माननीय न्यायाधीश श्री शालिग्राम कोइराला
सदस्य माननीय न्यायाधीश श्री बलभद्र बास्तोला",False
073-CR-0033,सफाई,"अध्यक्ष माननीय न्यायाधीश श्री बाबुराम रेग्मी
अध्यक्ष माननीय न्यायाधीश श्री चण्डीराज ढकाल
अध्यक्ष माननीय न्यायाधीश श्री नारायणप्रसाद पोखरेल",False
073-CR-0034,आंशिक ठहर,"अध्यक्ष माननीय न्यायाधीश श्री द्वारिकामान जोशी
अध्यक्ष माननीय न्यायाधीश श्री नारायणप्रसाद पोखरेल
अध्यक्ष माननीय न्यायाधीश श्री रत्नबहादुर बागचन्द",False
073-CR-0035,ठहर,"अध्यक्ष माननीय न्यायाधीश श्री बाबुराम रेग्मी
अध्यक्ष माननीय न्यायाधीश श्री प्रमोदकुमार श्रेष्ठ वैद्य
अध्यक्ष माननीय न्यायाधीश श्री नारायणप्रसाद पोखरेल",False
073-CR-0036,सफाई,"अध्यक्ष माननीय न्यायाधीश श्री भूपेन्द्र प्रसाद राई
अध्यक्ष माननीय न्यायाधीश श्री महेश प्रसाद पुडासैनी
अध्यक्ष माननीय न्यायाधीश श्री पवनकुमार शर्मा",False
073-CR-0037,सफाई,"अध्यक्ष माननीय न्यायाधीश श्री बाबुराम रेग्मी
अध्यक्ष माननीय न्यायाधीश श्री नारायणप्रसाद पोखरेल",False
073-CR-0038,सफाई,"अध्यक्ष माननीय न्यायाधीश श्री नरेन्द्र कुमार शिवाकोटी
अध्यक्ष माननीय न्यायाधीश श्री प्रभा बस्नेत
अध्यक्ष माननीय न्यायाधीश श्री पवनकुमार शर्मा",False
073-CR-0039,ठहर,माननीय न्यायाधीश श्री भूपेन्द्र प्रसाद राई माननीय न्यायाधीश श्री प्रभा बस्नेत माननीय न्यायाधीश श्री महेश प्रसाद पुडासैनी,True
073-CR-0040,ठहर,"अध्यक्ष माननीय न्यायाधीश श्री द्वारिकामान जोशी
अध्यक्ष माननीय न्यायाधीश श्री चण्डीराज ढकाल
अध्यक्ष माननीय न्यायाधीश श्री नारायणप्रसाद पोखरेल",False
073-CR-0041,सफाई,"अध्यक्ष माननीय न्यायाधीश श्री बाबुराम रेग्मी
अध्यक्ष माननीय न्यायाधीश श्री प्रमोदकुमार श्रेष्ठ वैद्य
अध्यक्ष माननीय न्यायाधीश श्री रत्नबहादुर बागचन्द",False
073-CR-0042,ठहर,"अध्यक्ष माननीय न्यायाधीश श्री भूपेन्द्र प्रसाद राई
अध्यक्ष माननीय न्यायाधीश श्री प्रभा बस्नेत",False
073-CR-0043,ठहर,"अध्यक्ष माननीय न्यायाधीश श्री श्रीकान्त पौडेल
सदस्य माननीय न्यायाधीश श्री बलभद्र बास्तोला",False
073-CR-0044,ठहर,"अध्यक्ष माननीय न्यायाधीश श्री शिवराज अधिकारी
सदस्य माननीय न्यायाधीश श्री बालेन्द्र रुपाखेती
सदस्य माननीय न्यायाधीश डा. सदस्य माननीय न्यायाधीश श्री रवि शर्मा अर्याल",False
073-CR-0045,ठहर,"अध्यक्ष माननीय न्यायाधीश श्री मोहनरमण भट्टराई
अध्यक्ष माननीय न्यायाधीश श्री भूपेन्द्र प्रसाद राई
अध्यक्ष माननीय न्यायाधीश श्री प्रभा बस्नेत",False
073-CR-0046,सफाई,"अध्यक्ष माननीय न्यायाधीश श्री चण्डीराज ढकाल
अध्यक्ष माननीय न्यायाधीश श्री प्रमोदकुमार श्रेष्ठ वैद्य
अध्यक्ष माननीय न्यायाधीश श्री रत्नबहादुर बागचन्द",False
073-CR-0047,ठहर,"अध्यक्ष माननीय न्यायाधीश श्री द्वारिकामान जोशी
अध्यक्ष माननीय न्यायाधीश श्री प्रमोदकुमार श्रेष्ठ वैद्य
अध्यक्ष माननीय न्यायाधीश श्री रत्नबहादुर बागचन्द",False
073-CR-0048,सफाई,"अध्यक्ष माननीय न्यायाधीश श्री द्वारिकामान जोशी
अध्यक्ष माननीय न्यायाधीश श्री चण्डीराज ढकाल
अध्यक्ष माननीय न्यायाधीश श्री रत्नबहादुर बागचन्द",False
073-CR-0049,ठहर,"अध्यक्ष माननीय न्यायाधीश श्री भूपेन्द्र प्रसाद राई
अध्यक्ष माननीय न्यायाधीश श्री महेश प्रसाद पुडासैनी
अध्यक्ष माननीय न्यायाधीश श्री प्रभा बस्नेत",False
073-CR-0051,आंशिक ठहर,"अध्यक्ष माननीय न्यायाधीश श्री मोहनरमण भट्टराई
अध्यक्ष माननीय न्यायाधीश श्री नरेन्द्र कुमार शिवाकोटी",False
073-CR-0052,सफाई,"अध्यक्ष माननीय न्यायाधीश श्री मोहनरमण भट्टराई
अध्यक्ष माननीय न्यायाधीश श्री नरेन्द्र कुमार शिवाकोटी",False
073-CR-0053,ठहर,"अध्यक्ष माननीय न्यायाधीश श्री मोहनरमण भट्टराई
अध्यक्ष माननीय न्यायाधीश श्री प्रभा बस्नेत
अध्यक्ष माननीय न्यायाधीश श्री पवनकुमार शर्मा",False
073-CR-0054,ठहर,"अध्यक्ष माननीय न्यायाधीश श्री बाबुराम रेग्मी
अध्यक्ष माननीय न्यायाधीश श्री प्रमोदकुमार श्रेष्ठ वैद्य
अध्यक्ष माननीय न्यायाधीश श्री नारायणप्रसाद पोखरेल",False
073-CR-0055,ठहर,"अध्यक्ष माननीय न्यायाधीश श्री बाबुराम रेग्मी
अध्यक्ष माननीय न्यायाधीश श्री प्रमोदकुमार श्रेष्ठ वैद्य
अध्यक्ष माननीय न्यायाधीश श्री नारायणप्रसाद पोखरेल",False
073-CR-0056,ठहर,"अध्यक्ष माननीय न्यायाधीश श्री द्वारिकामान जोशी
अध्यक्ष माननीय न्यायाधीश श्री प्रमोदकुमार श्रेष्ठ वैद्य
अध्यक्ष माननीय न्यायाधीश श्री रत्नबहादुर बागचन्द",False
073-CR-0057,सफाई,इजलास अध्यक्ष माननीय न्यायाधीश श्री मोहनरमण भट्टराई सदस्य माननीय न्यायाधीश श्री भूपेन्द्र प्रसाद राई,True
073-CR-0058,सफाई,"अध्यक्ष माननीय न्यायाधीश श्री बाबुराम रेग्मी
अध्यक्ष माननीय न्यायाधीश श्री चण्डीराज ढकाल
अध्यक्ष माननीय न्यायाधीश श्री नारायणप्रसाद पोखरेल",False
073-CR-0059,आंशिक ठहर,"अध्यक्ष माननीय न्यायाधीश श्री बाबुराम रेग्मी
अध्यक्ष माननीय न्यायाधीश श्री चण्डीराज ढकाल
अध्यक्ष माननीय न्यायाधीश श्री रत्नबहादुर बागचन्द",False
073-CR-0060,सफाई,"अध्यक्ष माननीय न्यायाधीश श्री बाबुराम रेग्मी
अध्यक्ष माननीय न्यायाधीश श्री चण्डीराज ढकाल
अध्यक्ष माननीय न्यायाधीश श्री प्रमोदकुमार श्रेष्ठ वैद्य",False
073-CR-0061,आंशिक ठहर,"अध्यक्ष माननीय न्यायाधीश श्री बाबुराम रेग्मी
अध्यक्ष माननीय न्यायाधीश श्री चण्डीराज ढकाल
अध्यक्ष माननीय न्यायाधीश श्री रत्नबहादुर बागचन्द",False
073-CR-0062,आंशिक ठहर,"अध्यक्ष माननीय न्यायाधीश श्री चण्डीराज ढकाल
अध्यक्ष माननीय न्यायाधीश श्री प्रमोदकुमार श्रेष्ठ वैद्य
अध्यक्ष माननीय न्यायाधीश श्री नारायणप्रसाद पोखरेल",False
073-CR-0063,सफाई,"अध्यक्ष माननीय न्यायाधीश श्री नरेन्द्र कुमार शिवाकोटी
अध्यक्ष माननीय न्यायाधीश श्री प्रभा बस्नेत
अध्यक्ष माननीय न्यायाधीश श्री पवनकुमार शर्मा",False
073-CR-0064,ठहर,"अध्यक्ष माननीय न्यायाधीश श्री द्वारिकामान जोशी
अध्यक्ष माननीय न्यायाधीश श्री चण्डीराज ढकाल
अध्यक्ष माननीय न्यायाधीश श्री नारायणप्रसाद पोखरेल",False
073-CR-0065,सफाई,"अध्यक्ष माननीय न्यायाधीश श्री बाबुराम रेग्मी
अध्यक्ष माननीय न्यायाधीश श्री चण्डीराज ढकाल
अध्यक्ष माननीय न्यायाधीश श्री नारायणप्रसाद पोखरेल",False
073-CR-0066,सफाई,"अध्यक्ष माननीय न्यायाधीश श्री बाबुराम रेग्मी
अध्यक्ष माननीय न्यायाधीश श्री प्रमोदकुमार श्रेष्ठ वैद्य
अध्यक्ष माननीय न्यायाधीश श्री रत्नबहादुर बागचन्द",False
073-CR-0067,सफाई,"अध्यक्ष माननीय न्यायाधीश श्री द्वारिकामान जोशी
अध्यक्ष माननीय न्यायाधीश श्री प्रमोदकुमार श्रेष्ठ वैद्य
अध्यक्ष माननीय न्यायाधीश श्री नारायणप्रसाद पोखरेल",False
073-CR-0068,ठहर,"अध्यक्ष माननीय न्यायाधीश श्री बाबुराम रेग्मी
अध्यक्ष माननीय न्यायाधीश श्री चण्डीराज ढकाल
अध्यक्ष माननीय न्यायाधीश श्री नारायणप्रसाद पोखरेल",False
073-CR-0069,आंशिक ठहर,"सदस्य माननीय न्यायाधीश श्री कृष्ण गिरी
सदस्य माननीय न्यायाधीश श्री शान्तिसिंह थापा
सदस्य माननीय न्यायाधीश श्री चन्द्रबहादुर सारु",False
073-CR-0070,ठहर,"अध्यक्ष माननीय न्यायाधीश श्री मोहनरमण भट्टराई
अध्यक्ष माननीय न्यायाधीश श्री भूपेन्द्र प्रसाद राई
अध्यक्ष माननीय न्यायाधीश श्री प्रभा बस्नेत",False
073-CR-0071,ठहर,"अध्यक्ष माननीय न्यायाधीश श्री बाबुराम रेग्मी
अध्यक्ष माननीय न्यायाधीश श्री प्रमोदकुमार श्रेष्ठ वैद्य",False
073-CR-0072,ठहर,"अध्यक्ष माननीय न्यायाधीश श्री द्वारिकामान जोशी
अध्यक्ष माननीय न्यायाधीश श्री चण्डीराज ढकाल
अध्यक्ष माननीय न्यायाधीश श्री नारायणप्रसाद पोखरेल",False
073-CR-0073,सफाई,"अध्यक्ष माननीय न्यायाधीश श्री बाबुराम रेग्मी
अध्यक्ष माननीय न्यायाधीश श्री चण्डीराज ढकाल",False
073-CR-0074,ठहर,"अध्यक्ष माननीय न्यायाधीश श्री मोहनरमण भट्टराई
अध्यक्ष माननीय न्यायाधीश श्री बाबुराम रेग्मी",False
073-CR-0075,ठहर,"अध्यक्ष माननीय न्यायाधीश श्री बाबुराम रेग्मी
अध्यक्ष माननीय न्यायाधीश श्री प्रमोदकुमार श्रेष्ठ वैद्य
अध्यक्ष माननीय न्यायाधीश श्री रत्नबहादुर बागचन्द",False
073-CR-0076,ठहर,"अध्यक्ष माननीय न्यायाधीश श्री नरेन्द्र कुमार शिवाकोटी
अध्यक्ष माननीय न्यायाधीश श्री महेश प्रसाद पुडासैनी
अध्यक्ष माननीय न्यायाधीश श्री पवनकुमार शर्मा",False
073-CR-0077,ठहर,"अध्यक्ष माननीय न्यायाधीश श्री द्वारिकामान जोशी
अध्यक्ष माननीय न्यायाधीश श्री प्रमोदकुमार श्रेष्ठ वैद्य",False
073-CR-0079,ठहर,"अध्यक्ष माननीय न्यायाधीश श्री मोहनरमण भट्टराई
अध्यक्ष माननीय न्यायाधीश श्री भूपेन्द्र प्रसाद राई",False
073-CR-0080,ठहर,"अध्यक्ष माननीय न्यायाधीश श्री मोहनरमण भट्टराई
अध्यक्ष माननीय न्यायाधीश श्री महेश प्रसाद पुडासैनी",False
073-CR-0081,सफाई,"अध्यक्ष माननीय न्यायाधीश श्री भूपेन्द्र प्रसाद राई
अध्यक्ष माननीय न्यायाधीश श्री महेश प्रसाद पुडासैनी
अध्यक्ष माननीय न्यायाधीश श्री पवनकुमार शर्मा",False
073-CR-0082,सफाई,"अध्यक्ष माननीय न्यायाधीश श्री बाबुराम रेग्मी
अध्यक्ष माननीय न्यायाधीश श्री प्रमोदकुमार श्रेष्ठ वैद्य
अध्यक्ष माननीय न्यायाधीश श्री रत्नबहादुर बागचन्द",False
073-CR-0083,ठहर,"अध्यक्ष माननीय न्यायाधीश श्री शिवराज अधिकारी
सदस्य माननीय न्यायाधीश श्री शान्तिसिंह थापा
सदस्य माननीय न्यायाधीश श्री चन्द्रबहादुर सारु",False
073-CR-0084,सफाई,"अध्यक्ष माननीय न्यायाधीश श्री चण्डीराज ढकाल
अध्यक्ष माननीय न्यायाधीश श्री प्रमोदकुमार श्रेष्ठ वैद्य
अध्यक्ष माननीय न्यायाधीश श्री रत्नबहादुर बागचन्द",False
073-CR-0085,ठहर,"अध्यक्ष माननीय न्यायाधीश श्री बाबुराम रेग्मी
अध्यक्ष माननीय न्यायाधीश श्री चण्डीराज ढकाल
अध्यक्ष माननीय न्यायाधीश श्री नारायणप्रसाद पोखरेल",False
073-CR-0086,सफाई,"अध्यक्ष माननीय न्यायाधीश श्री बाबुराम रेग्मी
अध्यक्ष माननीय न्यायाधीश श्री प्रमोदकुमार श्रेष्ठ वैद्य",False
073-CR-0087,आंशिक ठहर,"अध्यक्ष माननीय न्यायाधीश श्री द्वारिकामान जोशी
अध्यक्ष माननीय न्यायाधीश श्री चण्डीराज ढकाल
अध्यक्ष माननीय न्यायाधीश श्री नारायणप्रसाद पोखरेल",False
073-CR-0088,ठहर,"अध्यक्ष माननीय न्यायाधीश श्री मोहनरमण भट्टराई
अध्यक्ष माननीय न्यायाधीश श्री नरेन्द्र कुमार शिवाकोटी
अध्यक्ष माननीय न्यायाधीश श्री महेश प्रसाद पुडासैनी",False
073-CR-0089,आंशिक ठहर,"अध्यक्ष माननीय न्यायाधीश श्री द्वारिकामान जोशी
अध्यक्ष माननीय न्यायाधीश श्री प्रमोदकुमार श्रेष्ठ वैद्य",False
073-CR-0090,ठहर,"सदस्य माननीय न्यायाधीश श्री कृष्ण गिरी
सदस्य माननीय न्यायाधीश श्री शान्तिसिंह थापा
सदस्य माननीय न्यायाधीश श्री चन्द्रबहादुर सारु",False
073-CR-0091,आंशिक ठहर,"अध्यक्ष माननीय न्यायाधीश श्री द्वारिकामान जोशी
अध्यक्ष माननीय न्यायाधीश श्री प्रमोदकुमार श्रेष्ठ वैद्य
अध्यक्ष माननीय न्यायाधीश श्री नारायणप्रसाद पोखरेल",False
073-CR-0092,सफाई,"अध्यक्ष माननीय न्यायाधीश श्री बाबुराम रेग्मी
अध्यक्ष माननीय न्यायाधीश श्री प्रमोदकुमार श्रेष्ठ वैद्य
अध्यक्ष माननीय न्यायाधीश श्री नारायणप्रसाद पोखरेल",False
073-CR-0093,ठहर,"अध्यक्ष माननीय न्यायाधीश श्री द्वारिकामान जोशी
अध्यक्ष माननीय न्यायाधीश श्री चण्डीराज ढकाल
अध्यक्ष माननीय न्यायाधीश श्री नारायणप्रसाद पोखरेल",False
073-CR-0094,ठहर,"अध्यक्ष माननीय न्यायाधीश श्री चण्डीराज ढकाल
अध्यक्ष माननीय न्यायाधीश श्री नारायणप्रसाद पोखरेल",False
073-CR-0095,ठहर,"अध्यक्ष माननीय न्यायाधीश श्री द्वारिकामान जोशी
अध्यक्ष माननीय न्यायाधीश श्री नारायणप्रसाद पोखरेल
अध्यक्ष माननीय न्यायाधीश श्री रत्नबहादुर बागचन्द",False
073-CR-0096,ठहर,"अध्यक्ष माननीय न्यायाधीश श्री द्वारिकामान जोशी
अध्यक्ष माननीय न्यायाधीश श्री प्रमोदकुमार श्रेष्ठ वैद्य
अध्यक्ष माननीय न्यायाधीश श्री नारायणप्रसाद पोखरेल",False
073-CR-0097,ठहर,"अध्यक्ष माननीय न्यायाधीश श्री महेश प्रसाद पुडासैनी
अध्यक्ष माननीय न्यायाधीश श्री प्रभा बस्नेत
अध्यक्ष माननीय न्यायाधीश श्री पवनकुमार शर्मा",False
073-CR-0098,सफाई,"अध्यक्ष माननीय न्यायाधीश श्री बाबुराम रेग्मी
अध्यक्ष माननीय न्यायाधीश श्री द्वारिकामान जोशी
अध्यक्ष माननीय न्यायाधीश श्री प्रमोदकुमार श्रेष्ठ वैद्य",False
073-CR-0099,ठहर,"अध्यक्ष माननीय न्यायाधीश श्री बाबुराम रेग्मी
अध्यक्ष माननीय न्यायाधीश श्री प्रमोदकुमार श्रेष्ठ वैद्य
अध्यक्ष माननीय न्यायाधीश श्री रत्नबहादुर बागचन्द",False
073-CR-0100,ठहर,"अध्यक्ष माननीय न्यायाधीश श्री बाबुराम रेग्मी
अध्यक्ष माननीय न्यायाधीश श्री चण्डीराज ढकाल
अध्यक्ष माननीय न्यायाधीश श्री नारायणप्रसाद पोखरेल",False
073-CR-0101,सफाई,"अध्यक्ष माननीय न्यायाधीश श्री बाबुराम रेग्मी
अध्यक्ष माननीय न्यायाधीश श्री प्रमोदकुमार श्रेष्ठ वैद्य",False
073-CR-0102,आंशिक ठहर,"अध्यक्ष माननीय न्यायाधीश श्री बाबुराम रेग्मी
अध्यक्ष माननीय न्यायाधीश श्री प्रमोदकुमार श्रेष्ठ वैद्य
अध्यक्ष माननीय न्यायाधीश श्री नारायणप्रसाद पोखरेल",False
073-CR-0103,ठहर,"अध्यक्ष माननीय न्यायाधीश श्री बाबुराम रेग्मी
अध्यक्ष माननीय न्यायाधीश श्री प्रमोदकुमार श्रेष्ठ वैद्य",False
073-CR-0104,सफाई,"अध्यक्ष माननीय न्यायाधीश श्री बाबुराम रेग्मी
अध्यक्ष माननीय न्यायाधीश श्री प्रमोदकुमार श्रेष्ठ वैद्य
अध्यक्ष माननीय न्यायाधीश श्री रत्नबहादुर बागचन्द",False
073-CR-0105,ठहर,"अध्यक्ष माननीय न्यायाधीश श्री बाबुराम रेग्मी
अध्यक्ष माननीय न्यायाधीश श्री चण्डीराज ढकाल
अध्यक्ष माननीय न्यायाधीश श्री रत्नबहादुर बागचन्द",False
073-CR-0106,सफाई,"अध्यक्ष माननीय न्यायाधीश श्री बाबुराम रेग्मी
अध्यक्ष माननीय न्यायाधीश श्री चण्डीराज ढकाल
अध्यक्ष माननीय न्यायाधीश श्री नारायणप्रसाद पोखरेल",False
073-CR-0107,ठहर,"अध्यक्ष माननीय न्यायाधीश श्री बाबुराम रेग्मी
अध्यक्ष माननीय न्यायाधीश श्री प्रमोदकुमार श्रेष्ठ वैद्य",False
073-CR-0108,ठहर,"अध्यक्ष माननीय न्यायाधीश श्री प्रभा बस्नेत
अध्यक्ष माननीय न्यायाधीश श्री पवनकुमार शर्मा",False
073-CR-0109,ठहर,"अध्यक्ष माननीय न्यायाधीश श्री बाबुराम रेग्मी
अध्यक्ष माननीय न्यायाधीश श्री प्रमोदकुमार श्रेष्ठ वैद्य
अध्यक्ष माननीय न्यायाधीश श्री नारायणप्रसाद पोखरेल",False
073-CR-0110,आंशिक ठहर,"अध्यक्ष माननीय न्यायाधीश श्री चण्डीराज ढकाल
अध्यक्ष माननीय न्यायाधीश श्री नारायणप्रसाद पोखरेल
अध्यक्ष माननीय न्यायाधीश श्री रत्नबहादुर बागचन्द",False
073-CR-0111,ठहर,"अध्यक्ष माननीय न्यायाधीश श्री मोहनरमण भट्टराई
अध्यक्ष माननीय न्यायाधीश श्री महेश प्रसाद पुडासैनी",False
073-CR-0112,ठहर,"अध्यक्ष माननीय न्यायाधीश श्री बाबुराम रेग्मी
अध्यक्ष माननीय न्यायाधीश श्री चण्डीराज ढकाल
अध्यक्ष माननीय न्यायाधीश श्री नारायणप्रसाद पोखरेल",False
073-CR-0113,ठहर,"अध्यक्ष माननीय न्यायाधीश श्री बाबुराम रेग्मी
अध्यक्ष माननीय न्यायाधीश श्री द्वारिकामान जोशी",False
073-CR-0114,ठहर,"अध्यक्ष माननीय न्यायाधीश श्री द्वारिकामान जोशी
अध्यक्ष माननीय न्यायाधीश श्री चण्डीराज ढकाल
अध्यक्ष माननीय न्यायाधीश श्री नारायणप्रसाद पोखरेल",False
073-CR-0115,सफाई,"अध्यक्ष माननीय न्यायाधीश श्री नरेन्द्र कुमार शिवाकोटी
अध्यक्ष माननीय न्यायाधीश श्री महेश प्रसाद पुडासैनी
अध्यक्ष माननीय न्यायाधीश श्री पवनकुमार शर्मा",False
073-CR-0116,ठहर,"अध्यक्ष माननीय न्यायाधीश श्री द्वारिकामान जोशी
अध्यक्ष माननीय न्यायाधीश श्री प्रमोदकुमार श्रेष्ठ वैद्य
अध्यक्ष माननीय न्यायाधीश श्री नारायणप्रसाद पोखरेल",False
073-CR-0117,ठहर,"अध्यक्ष माननीय न्यायाधीश श्री बाबुराम रेग्मी
अध्यक्ष माननीय न्यायाधीश श्री प्रमोदकुमार श्रेष्ठ वैद्य
अध्यक्ष माननीय न्यायाधीश श्री रत्नबहादुर बागचन्द",False
073-CR-0118,सफाई,"अध्यक्ष माननीय न्यायाधीश श्री बाबुराम रेग्मी
अध्यक्ष माननीय न्यायाधीश श्री चण्डीराज ढकाल
अध्यक्ष माननीय न्यायाधीश श्री नारायणप्रसाद पोखरेल",False
073-CR-0119,ठहर,"सदस्य माननीय न्यायाधीश श्री कृष्ण गिरी
सदस्य माननीय न्यायाधीश श्री शान्तिसिंह थापा
सदस्य माननीय न्यायाधीश श्री चन्द्रबहादुर सारु",False
073-CR-0120,आंशिक ठहर,"अध्यक्ष माननीय न्यायाधीश श्री प्रमोदकुमार श्रेष्ठ वैद्य
अध्यक्ष माननीय न्यायाधीश श्री नारायणप्रसाद पोखरेल
अध्यक्ष माननीय न्यायाधीश श्री रत्नबहादुर बागचन्द",False
073-CR-0121,ठहर,"अध्यक्ष माननीय न्यायाधीश श्री द्वारिकामान जोशी
अध्यक्ष माननीय न्यायाधीश श्री चण्डीराज ढकाल
अध्यक्ष माननीय न्यायाधीश श्री नारायणप्रसाद पोखरेल",False
073-CR-0122,ठहर,"अध्यक्ष माननीय न्यायाधीश श्री द्वारिकामान जोशी
अध्यक्ष माननीय न्यायाधीश श्री चण्डीराज ढकाल
अध्यक्ष माननीय न्यायाधीश श्री रत्नबहादुर बागचन्द",False
073-CR-0123,ठहर,"अध्यक्ष माननीय न्यायाधीश श्री बाबुराम रेग्मी
अध्यक्ष माननीय न्यायाधीश श्री द्वारिकामान जोशी
अध्यक्ष माननीय न्यायाधीश श्री प्रमोदकुमार श्रेष्ठ वैद्य",False
073-CR-0124,सफाई,"अध्यक्ष माननीय न्यायाधीश श्री द्वारिकामान जोशी
अध्यक्ष माननीय न्यायाधीश श्री प्रमोदकुमार श्रेष्ठ वैद्य
अध्यक्ष माननीय न्यायाधीश श्री नारायणप्रसाद पोखरेल",False
073-CR-0125,सफाई,"अध्यक्ष माननीय न्यायाधीश श्री बाबुराम रेग्मी
अध्यक्ष माननीय न्यायाधीश श्री नारायणप्रसाद पोखरेल",False
073-CR-0126,ठहर,"अध्यक्ष माननीय न्यायाधीश श्री द्वारिकामान जोशी
अध्यक्ष माननीय न्यायाधीश श्री चण्डीराज ढकाल
अध्यक्ष माननीय न्यायाधीश श्री नारायणप्रसाद पोखरेल",False
073-CR-0127,आंशिक ठहर,"अध्यक्ष माननीय न्यायाधीश श्री द्वारिकामान जोशी
अध्यक्ष माननीय न्यायाधीश श्री चण्डीराज ढकाल
अध्यक्ष माननीय न्यायाधीश श्री रत्नबहादुर बागचन्द",False
073-CR-0128,सफाई,"अध्यक्ष माननीय न्यायाधीश श्री द्वारिकामान जोशी
अध्यक्ष माननीय न्यायाधीश श्री चण्डीराज ढकाल
अध्यक्ष माननीय न्यायाधीश श्री रत्नबहादुर बागचन्द",False
073-CR-0129,ठहर,"अध्यक्ष माननीय न्यायाधीश श्री बाबुराम रेग्मी
अध्यक्ष माननीय न्यायाधीश श्री प्रमोदकुमार श्रेष्ठ वैद्य",False
073-CR-0130,ठहर,"अध्यक्ष माननीय न्यायाधीश श्री द्वारिकामान जोशी
अध्यक्ष माननीय न्यायाधीश श्री नारायणप्रसाद पोखरेल
अध्यक्ष माननीय न्यायाधीश श्री रत्नबहादुर बागचन्द",False
073-CR-0131,ठहर,"अध्यक्ष माननीय न्यायाधीश श्री चण्डीराज ढकाल
अध्यक्ष माननीय न्यायाधीश श्री प्रमोदकुमार श्रेष्ठ वैद्य
अध्यक्ष माननीय न्यायाधीश श्री रत्नबहादुर बागचन्द",False
073-CR-0132,सफाई,"अध्यक्ष माननीय न्यायाधीश श्री बाबुराम रेग्मी
अध्यक्ष माननीय न्यायाधीश श्री द्वारिकामान जोशी
अध्यक्ष माननीय न्यायाधीश श्री प्रमोदकुमार श्रेष्ठ वैद्य",False
073-CR-0133,सफाई,"अध्यक्ष माननीय न्यायाधीश श्री द्वारिकामान जोशी
अध्यक्ष माननीय न्यायाधीश श्री प्रमोदकुमार श्रेष्ठ वैद्य
अध्यक्ष माननीय न्यायाधीश श्री रत्नबहादुर बागचन्द",False
073-CR-0134,आंशिक ठहर,"अध्यक्ष माननीय न्यायाधीश श्री बाबुराम रेग्मी
अध्यक्ष माननीय न्यायाधीश श्री चण्डीराज ढकाल
अध्यक्ष माननीय न्यायाधीश श्री रत्नबहादुर बागचन्द",False
073-CR-0135,सफाई,"अध्यक्ष माननीय न्यायाधीश श्री बाबुराम रेग्मी
अध्यक्ष माननीय न्यायाधीश श्री चण्डीराज ढकाल
अध्यक्ष माननीय न्यायाधीश श्री नारायणप्रसाद पोखरेल",False
073-CR-0136,सफाई,"अध्यक्ष माननीय न्यायाधीश श्री बाबुराम रेग्मी
अध्यक्ष माननीय न्यायाधीश श्री चण्डीराज ढकाल
अध्यक्ष माननीय न्यायाधीश श्री नारायणप्रसाद पोखरेल",False
073-CR-0137,ठहर,"अध्यक्ष माननीय न्यायाधीश श्री द्वारिकामान जोशी
अध्यक्ष माननीय न्यायाधीश श्री नारायणप्रसाद पोखरेल",False
073-CR-0138,ठहर,"अध्यक्ष माननीय न्यायाधीश श्री मोहनरमण भट्टराई
अध्यक्ष माननीय न्यायाधीश श्री नरेन्द्र कुमार शिवाकोटी
अध्यक्ष माननीय न्यायाधीश श्री प्रभा बस्नेत",False
073-CR-0139,ठहर,"अध्यक्ष माननीय न्यायाधीश श्री बाबुराम रेग्मी
अध्यक्ष माननीय न्यायाधीश श्री प्रमोदकुमार श्रेष्ठ वैद्य
अध्यक्ष माननीय न्यायाधीश श्री रत्नबहादुर बागचन्द",False
073-CR-0140,ठहर,"अध्यक्ष माननीय न्यायाधीश श्री बाबुराम रेग्मी
अध्यक्ष माननीय न्यायाधीश श्री द्वारिकामान जोशी
अध्यक्ष माननीय न्यायाधीश श्री प्रमोदकुमार श्रेष्ठ वैद्य",False
073-CR-0141,ठहर,"अध्यक्ष माननीय न्यायाधीश श्री बाबुराम रेग्मी
अध्यक्ष माननीय न्यायाधीश श्री चण्डीराज ढकाल
अध्यक्ष माननीय न्यायाधीश श्री नारायणप्रसाद पोखरेल",False
073-CR-0142,ठहर,"अध्यक्ष माननीय न्यायाधीश श्री बाबुराम रेग्मी
अध्यक्ष माननीय न्यायाधीश श्री चण्डीराज ढकाल",False
073-CR-0143,सफाई,"अध्यक्ष माननीय न्यायाधीश श्री श्रीकान्त पौडेल
सदस्य माननीय न्यायाधीश डा. श्री खुशी प्रसाद थारु",False
073-CR-0144,ठहर,"अध्यक्ष माननीय न्यायाधीश श्री शिवराज अधिकारी
सदस्य माननीय न्यायाधीश श्री बालेन्द्र रुपाखेती
सदस्य माननीय न्यायाधीश डा. सदस्य माननीय न्यायाधीश श्री रवि शर्मा अर्याल",False
073-CR-0145,ठहर,"अध्यक्ष माननीय न्यायाधीश श्री द्वारिकामान जोशी
अध्यक्ष माननीय न्यायाधीश श्री प्रमोदकुमार श्रेष्ठ वैद्य
अध्यक्ष माननीय न्यायाधीश श्री नारायणप्रसाद पोखरेल",False
073-CR-0146,ठहर,"अध्यक्ष माननीय न्यायाधीश श्री बाबुराम रेग्मी
अध्यक्ष माननीय न्यायाधीश श्री द्वारिकामान जोशी",False
073-CR-0147,ठहर,"अध्यक्ष माननीय न्यायाधीश श्री प्रभा बस्नेत
अध्यक्ष माननीय न्यायाधीश श्री पवनकुमार शर्मा",False
073-CR-0148,ठहर,"अध्यक्ष माननीय न्यायाधीश श्री बाबुराम रेग्मी
अध्यक्ष माननीय न्यायाधीश श्री रत्नबहादुर बागचन्द",False
073-CR-0149,सफाई,"अध्यक्ष माननीय न्यायाधीश श्री प्रमोदकुमार श्रेष्ठ वैद्य
अध्यक्ष माननीय न्यायाधीश श्री नारायणप्रसाद पोखरेल
अध्यक्ष माननीय न्यायाधीश श्री रत्नबहादुर बागचन्द",False
073-CR-0150,ठहर,"अध्यक्ष माननीय न्यायाधीश श्री बाबुराम रेग्मी
अध्यक्ष माननीय न्यायाधीश श्री चण्डीराज ढकाल
अध्यक्ष माननीय न्यायाधीश श्री रत्नबहादुर बागचन्द",False
073-CR-0151,ठहर,"अध्यक्ष माननीय न्यायाधीश श्री बाबुराम रेग्मी
अध्यक्ष माननीय न्यायाधीश श्री रत्नबहादुर बागचन्द",False
073-CR-0152,ठहर,"अध्यक्ष माननीय न्यायाधीश श्री बाबुराम रेग्मी
अध्यक्ष माननीय न्यायाधीश श्री द्वारिकामान जोशी
अध्यक्ष माननीय न्यायाधीश श्री प्रमोदकुमार श्रेष्ठ वैद्य",False
073-CR-0153,ठहर,"अध्यक्ष माननीय न्यायाधीश श्री श्रीकान्त पौडेल
सदस्य माननीय न्यायाधीश श्री शालिग्राम कोइराला
सदस्य माननीय न्यायाधीश श्री बलभद्र बास्तोला",False
073-CR-0154,सफाई,"अध्यक्ष माननीय न्यायाधीश श्री बाबुराम रेग्मी
अध्यक्ष माननीय न्यायाधीश श्री चण्डीराज ढकाल
अध्यक्ष माननीय न्यायाधीश श्री नारायणप्रसाद पोखरेल",False
073-CR-0155,ठहर,"अध्यक्ष माननीय न्यायाधीश श्री बाबुराम रेग्मी
अध्यक्ष माननीय न्यायाधीश श्री द्वारिकामान जोशी
अध्यक्ष माननीय न्यायाधीश श्री प्रमोदकुमार श्रेष्ठ वैद्य",False
073-CR-0156,सफाई,"अध्यक्ष माननीय न्यायाधीश श्री बाबुराम रेग्मी
अध्यक्ष माननीय न्यायाधीश श्री प्रमोदकुमार श्रेष्ठ वैद्य
अध्यक्ष माननीय न्यायाधीश श्री रत्नबहादुर बागचन्द",False
073-CR-0157,ठहर,"अध्यक्ष माननीय न्यायाधीश श्री चण्डीराज ढकाल
अध्यक्ष माननीय न्यायाधीश श्री प्रमोदकुमार श्रेष्ठ वैद्य
अध्यक्ष माननीय न्यायाधीश श्री रत्नबहादुर बागचन्द",False
073-CR-0158,ठहर,"अध्यक्ष माननीय न्यायाधीश श्री बाबुराम रेग्मी
अध्यक्ष माननीय न्यायाधीश श्री चण्डीराज ढकाल
अध्यक्ष माननीय न्यायाधीश श्री नारायणप्रसाद पोखरेल",False
073-CR-0159,ठहर,"अध्यक्ष माननीय न्यायाधीश श्री बाबुराम रेग्मी
अध्यक्ष माननीय न्यायाधीश श्री प्रमोदकुमार श्रेष्ठ वैद्य",False
073-CR-0160,सफाई,"अध्यक्ष माननीय न्यायाधीश श्री बाबुराम रेग्मी
अध्यक्ष माननीय न्यायाधीश श्री चण्डीराज ढकाल",False
073-CR-0161,ठहर,"अध्यक्ष माननीय न्यायाधीश श्री द्वारिकामान जोशी
अध्यक्ष माननीय न्यायाधीश श्री प्रमोदकुमार श्रेष्ठ वैद्य
अध्यक्ष माननीय न्यायाधीश श्री रत्नबहादुर बागचन्द",False
073-CR-0162,ठहर,"अध्यक्ष माननीय न्यायाधीश श्री द्वारिकामान जोशी
अध्यक्ष माननीय न्यायाधीश श्री प्रमोदकुमार श्रेष्ठ वैद्य
अध्यक्ष माननीय न्यायाधीश श्री रत्नबहादुर बागचन्द",False
073-CR-0163,आंशिक ठहर,"अध्यक्ष माननीय न्यायाधीश श्री बाबुराम रेग्मी
अध्यक्ष माननीय न्यायाधीश श्री द्वारिकामान जोशी
अध्यक्ष माननीय न्यायाधीश श्री रत्नबहादुर बागचन्द",False
073-CR-0164,आंशिक ठहर,"अध्यक्ष माननीय न्यायाधीश श्री बाबुराम रेग्मी
अध्यक्ष माननीय न्यायाधीश श्री प्रमोदकुमार श्रेष्ठ वैद्य
अध्यक्ष माननीय न्यायाधीश श्री रत्नबहादुर बागचन्द",False
073-CR-0165,ठहर,"सदस्य माननीय न्यायाधीश श्री कृष्ण गिरी
सदस्य माननीय न्यायाधीश श्री शान्तिसिंह थापा
सदस्य माननीय न्यायाधीश श्री चन्द्रबहादुर सारु",False
073-CR-0166,ठहर,"अध्यक्ष माननीय न्यायाधीश श्री बाबुराम रेग्मी
अध्यक्ष माननीय न्यायाधीश श्री प्रमोदकुमार श्रेष्ठ वैद्य
अध्यक्ष माननीय न्यायाधीश श्री रत्नबहादुर बागचन्द",False
073-CR-0167,ठहर,"अध्यक्ष माननीय न्यायाधीश श्री बाबुराम रेग्मी
अध्यक्ष माननीय न्यायाधीश श्री चण्डीराज ढकाल
अध्यक्ष माननीय न्यायाधीश श्री नारायणप्रसाद पोखरेल",False
073-CR-0168,सफाई,"अध्यक्ष माननीय न्यायाधीश श्री बाबुराम रेग्मी
अध्यक्ष माननीय न्यायाधीश श्री प्रमोदकुमार श्रेष्ठ वैद्य
अध्यक्ष माननीय न्यायाधीश श्री नारायणप्रसाद पोखरेल",False
073-CR-0169,ठहर,"अध्यक्ष माननीय न्यायाधीश श्री बाबुराम रेग्मी
अध्यक्ष माननीय न्यायाधीश श्री प्रमोदकुमार श्रेष्ठ वैद्य
अध्यक्ष माननीय न्यायाधीश श्री रत्नबहादुर बागचन्द",False
073-CR-0170,आंशिक ठहर,सदस्य माननीय न्यायाधीश श्री द्वारिकामान जोशी सदस्य माननीय न्यायाधीश श्री चण्डीराज ढकाल,True
074-CR-0001,ठहर,"अध्यक्ष माननीय न्यायाधीश श्री श्रीकान्त पौडेल
सदस्य माननीय न्यायाधीश श्री यमुना भट्टराई
सदस्य माननीय न्यायाधीश श्री शालिग्राम कोइराला",False
074-CR-0002,ठहर,"अध्यक्ष माननीय न्यायाधीश श्री बाबुराम रेग्मी
अध्यक्ष माननीय न्यायाधीश श्री प्रमोदकुमार श्रेष्ठ वैद्य
अध्यक्ष माननीय न्यायाधीश श्री नारायणप्रसाद पोखरेल",False
074-CR-0003,ठहर,"अध्यक्ष माननीय न्यायाधीश श्री श्रीकान्त पौडेल
सदस्य माननीय न्यायाधीश श्री यमुना भट्टराई
सदस्य माननीय न्यायाधीश श्री शालिग्राम कोइराला",False
074-CR-0004,ठहर,"अध्यक्ष माननीय न्यायाधीश श्री चण्डीराज ढकाल
अध्यक्ष माननीय न्यायाधीश श्री रत्नबहादुर बागचन्द",False
074-CR-0005,ठहर,"अध्यक्ष माननीय न्यायाधीश श्री बाबुराम रेग्मी
अध्यक्ष माननीय न्यायाधीश श्री प्रमोदकुमार श्रेष्ठ वैद्य",False
074-CR-0006,सफाई,"अध्यक्ष माननीय न्यायाधीश श्री बाबुराम रेग्मी
अध्यक्ष माननीय न्यायाधीश श्री प्रमोदकुमार श्रेष्ठ वैद्य
अध्यक्ष माननीय न्यायाधीश श्री नारायणप्रसाद पोखरेल",False
074-CR-0007,सफाई,"अध्यक्ष माननीय न्यायाधीश श्री बाबुराम रेग्मी
अध्यक्ष माननीय न्यायाधीश श्री द्वारिकामान जोशी
अध्यक्ष माननीय न्यायाधीश श्री प्रमोदकुमार श्रेष्ठ वैद्य",False
074-CR-0008,सफाई,"अध्यक्ष माननीय न्यायाधीश श्री बाबुराम रेग्मी
अध्यक्ष माननीय न्यायाधीश श्री द्वारिकामान जोशी
अध्यक्ष माननीय न्यायाधीश श्री प्रमोदकुमार श्रेष्ठ वैद्य",False
074-CR-0009,ठहर,"अध्यक्ष माननीय न्यायाधीश श्री बाबुराम रेग्मी
अध्यक्ष माननीय न्यायाधीश श्री प्रमोदकुमार श्रेष्ठ वैद्य
अध्यक्ष माननीय न्यायाधीश श्री नारायणप्रसाद पोखरेल",False
074-CR-0010,सफाई,"अध्यक्ष माननीय न्यायाधीश श्री शिवराज अधिकारी
सदस्य माननीय न्यायाधीश श्री बालेन्द्र रुपाखेती
सदस्य माननीय न्यायाधीश डा. सदस्य माननीय न्यायाधीश श्री रवि शर्मा अर्याल",False
074-CR-0011,आंशिक ठहर,"अध्यक्ष माननीय न्यायाधीश श्री प्रमोदकुमार श्रेष्ठ वैद्य
अध्यक्ष माननीय न्यायाधीश श्री रत्नबहादुर बागचन्द",False
074-CR-0012,ठहर,"अध्यक्ष माननीय न्यायाधीश श्री द्वारिकामान जोशी
अध्यक्ष माननीय न्यायाधीश श्री प्रमोदकुमार श्रेष्ठ वैद्य
अध्यक्ष माननीय न्यायाधीश श्री नारायणप्रसाद पोखरेल",False
074-CR-0013,ठहर,"अध्यक्ष माननीय न्यायाधीश श्री द्वारिकामान जोशी
अध्यक्ष माननीय न्यायाधीश श्री चण्डीराज ढकाल
अध्यक्ष माननीय न्यायाधीश श्री नारायणप्रसाद पोखरेल",False
074-CR-0014,ठहर,"अध्यक्ष माननीय न्यायाधीश श्री बाबुराम रेग्मी
अध्यक्ष माननीय न्यायाधीश श्री प्रमोदकुमार श्रेष्ठ वैद्य
अध्यक्ष माननीय न्यायाधीश श्री नारायणप्रसाद पोखरेल",False
074-CR-0015,ठहर,"अध्यक्ष माननीय न्यायाधीश श्री बाबुराम रेग्मी
अध्यक्ष माननीय न्यायाधीश श्री चण्डीराज ढकाल
अध्यक्ष माननीय न्यायाधीश श्री प्रमोदकुमार श्रेष्ठ वैद्य",False
074-CR-0016,सफाई,"अध्यक्ष माननीय न्यायाधीश श्री बाबुराम रेग्मी
अध्यक्ष माननीय न्यायाधीश श्री द्वारिकामान जोशी
अध्यक्ष माननीय न्यायाधीश श्री प्रमोदकुमार श्रेष्ठ वैद्य",False
074-CR-0017,ठहर,"अध्यक्ष माननीय न्यायाधीश श्री द्वारिकामान जोशी
अध्यक्ष माननीय न्यायाधीश श्री नारायणप्रसाद पोखरेल
अध्यक्ष माननीय न्यायाधीश श्री रत्नबहादुर बागचन्द",False
074-CR-0018,आंशिक ठहर,"अध्यक्ष माननीय न्यायाधीश श्री बाबुराम रेग्मी
अध्यक्ष माननीय न्यायाधीश श्री चण्डीराज ढकाल
अध्यक्ष माननीय न्यायाधीश श्री रत्नबहादुर बागचन्द",False
074-CR-0019,सफाई,"अध्यक्ष माननीय न्यायाधीश श्री चण्डीराज ढकाल
अध्यक्ष माननीय न्यायाधीश श्री प्रमोदकुमार श्रेष्ठ वैद्य
अध्यक्ष माननीय न्यायाधीश श्री रत्नबहादुर बागचन्द",False
074-CR-0020,ठहर,"अध्यक्ष माननीय न्यायाधीश श्री बाबुराम रेग्मी
अध्यक्ष माननीय न्यायाधीश श्री द्वारिकामान जोशी
अध्यक्ष माननीय न्यायाधीश श्री प्रमोदकुमार श्रेष्ठ वैद्य",False
074-CR-0021,ठहर,"अध्यक्ष माननीय न्यायाधीश श्री द्वारिकामान जोशी
अध्यक्ष माननीय न्यायाधीश श्री चण्डीराज ढकाल
अध्यक्ष माननीय न्यायाधीश श्री नारायणप्रसाद पोखरेल",False
074-CR-0022,ठहर,"अध्यक्ष माननीय न्यायाधीश श्री बाबुराम रेग्मी
अध्यक्ष माननीय न्यायाधीश श्री द्वारिकामान जोशी
अध्यक्ष माननीय न्यायाधीश श्री प्रमोदकुमार श्रेष्ठ वैद्य",False
074-CR-0023,ठहर,"अध्यक्ष माननीय न्यायाधीश श्री द्वारिकामान जोशी
अध्यक्ष माननीय न्यायाधीश श्री चण्डीराज ढकाल
अध्यक्ष माननीय न्यायाधीश श्री रत्नबहादुर बागचन्द",False
074-CR-0024,आंशिक ठहर,"अध्यक्ष माननीय न्यायाधीश श्री द्वारिकामान जोशी
अध्यक्ष माननीय न्यायाधीश श्री प्रमोदकुमार श्रेष्ठ वैद्य
अध्यक्ष माननीय न्यायाधीश श्री नारायणप्रसाद पोखरेल",False
074-CR-0025,आंशिक ठहर,"सदस्य माननीय न्यायाधीश श्री रमेशकुमार पोखरेल
सदस्य माननीय न्यायाधीश श्री शालिग्राम कोइराला
सदस्य माननीय न्यायाधीश श्री बलभद्र बास्तोला",False
074-CR-0026,ठहर,"अध्यक्ष माननीय न्यायाधीश श्री द्वारिकामान जोशी
अध्यक्ष माननीय न्यायाधीश श्री प्रमोदकुमार श्रेष्ठ वैद्य
अध्यक्ष माननीय न्यायाधीश श्री रत्नबहादुर बागचन्द",False
074-CR-0027,ठहर,"अध्यक्ष माननीय न्यायाधीश श्री द्वारिकामान जोशी
अध्यक्ष माननीय न्यायाधीश श्री चण्डीराज ढकाल
अध्यक्ष माननीय न्यायाधीश श्री नारायणप्रसाद पोखरेल",False
074-CR-0028,ठहर,"अध्यक्ष माननीय न्यायाधीश श्री बाबुराम रेग्मी
अध्यक्ष माननीय न्यायाधीश श्री नारायणप्रसाद पोखरेल",False
074-CR-0029,सफाई,"अध्यक्ष माननीय न्यायाधीश श्री शिवराज अधिकारी
सदस्य माननीय न्यायाधीश श्री चन्द्रबहादुर सारु",False
074-CR-0030,ठहर,"अध्यक्ष माननीय न्यायाधीश श्री द्वारिकामान जोशी
अध्यक्ष माननीय न्यायाधीश श्री नारायणप्रसाद पोखरेल",False
074-CR-0031,ठहर,"अध्यक्ष माननीय न्यायाधीश श्री द्वारिकामान जोशी
अध्यक्ष माननीय न्यायाधीश श्री प्रमोदकुमार श्रेष्ठ वैद्य
अध्यक्ष माननीय न्यायाधीश श्री नारायणप्रसाद पोखरेल",False
074-CR-0032,ठहर,"सदस्य माननीय न्यायाधीश श्री कृष्ण गिरी
सदस्य माननीय न्यायाधीश श्री शान्तिसिंह थापा
सदस्य माननीय न्यायाधीश श्री चन्द्रबहादुर सारु",False
074-CR-0033,ठहर,"अध्यक्ष माननीय न्यायाधीश श्री बाबुराम रेग्मी
अध्यक्ष माननीय न्यायाधीश श्री द्वारिकामान जोशी
अध्यक्ष माननीय न्यायाधीश श्री प्रमोदकुमार श्रेष्ठ वैद्य",False
074-CR-0034,ठहर,"अध्यक्ष माननीय न्यायाधीश श्री द्वारिकामान जोशी
अध्यक्ष माननीय न्यायाधीश श्री चण्डीराज ढकाल
अध्यक्ष माननीय न्यायाधीश श्री रत्नबहादुर बागचन्द",False
074-CR-0035,ठहर,"अध्यक्ष माननीय न्यायाधीश श्री द्वारिकामान जोशी
अध्यक्ष माननीय न्यायाधीश श्री प्रमोदकुमार श्रेष्ठ वैद्य
अध्यक्ष माननीय न्यायाधीश श्री रत्नबहादुर बागचन्द",False
074-CR-0036,ठहर,"अध्यक्ष माननीय न्यायाधीश श्री बाबुराम रेग्मी
अध्यक्ष माननीय न्यायाधीश श्री चण्डीराज ढकाल
अध्यक्ष माननीय न्यायाधीश श्री रत्नबहादुर बागचन्द",False
074-CR-0037,सफाई,"सदस्य माननीय न्यायाधीश डा. श्री खुशी प्रसाद थारु
सदस्य माननीय न्यायाधीश श्री शालिग्राम कोइराला
सदस्य माननीय न्यायाधीश श्री बलभद्र बास्तोला",False
074-CR-0038,ठहर,"अध्यक्ष माननीय न्यायाधीश श्री द्वारिकामान जोशी
अध्यक्ष माननीय न्यायाधीश श्री नारायणप्रसाद पोखरेल",False
074-CR-0039,ठहर,"अध्यक्ष माननीय न्यायाधीश श्री चण्डीराज ढकाल
अध्यक्ष माननीय न्यायाधीश श्री प्रमोदकुमार श्रेष्ठ वैद्य
अध्यक्ष माननीय न्यायाधीश श्री रत्नबहादुर बागचन्द",False
074-CR-0040,ठहर,"अध्यक्ष माननीय न्यायाधीश श्री बाबुराम रेग्मी
अध्यक्ष माननीय न्यायाधीश श्री द्वारिकामान जोशी
अध्यक्ष माननीय न्यायाधीश श्री प्रमोदकुमार श्रेष्ठ वैद्य",False
074-CR-0041,ठहर,"अध्यक्ष माननीय न्यायाधीश श्री बाबुराम रेग्मी
अध्यक्ष माननीय न्यायाधीश श्री द्वारिकामान जोशी",False
074-CR-0042,आंशिक ठहर,"अध्यक्ष माननीय न्यायाधीश श्री बाबुराम रेग्मी
अध्यक्ष माननीय न्यायाधीश श्री प्रमोदकुमार श्रेष्ठ वैद्य
अध्यक्ष माननीय न्यायाधीश श्री रत्नबहादुर बागचन्द",False
074-CR-0043,ठहर,"अध्यक्ष माननीय न्यायाधीश श्री द्वारिकामान जोशी
अध्यक्ष माननीय न्यायाधीश श्री प्रमोदकुमार श्रेष्ठ वैद्य
अध्यक्ष माननीय न्यायाधीश श्री नारायणप्रसाद पोखरेल",False
074-CR-0044,आंशिक ठहर,"अध्यक्ष माननीय न्यायाधीश श्री चण्डीराज ढकाल
अध्यक्ष माननीय न्यायाधीश श्री प्रमोदकुमार श्रेष्ठ वैद्य
अध्यक्ष माननीय न्यायाधीश श्री नारायणप्रसाद पोखरेल",False
074-CR-0045,ठहर,"अध्यक्ष माननीय न्यायाधीश श्री बाबुराम रेग्मी
अध्यक्ष माननीय न्यायाधीश श्री प्रमोदकुमार श्रेष्ठ वैद्य
अध्यक्ष माननीय न्यायाधीश श्री नारायणप्रसाद पोखरेल",False
074-CR-0046,ठहर,"अध्यक्ष माननीय न्यायाधीश श्री बाबुराम रेग्मी
अध्यक्ष माननीय न्यायाधीश श्री प्रमोदकुमार श्रेष्ठ वैद्य
अध्यक्ष माननीय न्यायाधीश श्री नारायणप्रसाद पोखरेल",False
074-CR-0047,आंशिक ठहर,"अध्यक्ष माननीय न्यायाधीश श्री बाबुराम रेग्मी
अध्यक्ष माननीय न्यायाधीश श्री चण्डीराज ढकाल
अध्यक्ष माननीय न्यायाधीश श्री नारायणप्रसाद पोखरेल",False
074-CR-0048,ठहर,"अध्यक्ष माननीय न्यायाधीश श्री बाबुराम रेग्मी
अध्यक्ष माननीय न्यायाधीश श्री चण्डीराज ढकाल",False
074-CR-0049,आंशिक ठहर,"अध्यक्ष माननीय न्यायाधीश श्री बाबुराम रेग्मी
अध्यक्ष माननीय न्यायाधीश श्री प्रमोदकुमार श्रेष्ठ वैद्य
अध्यक्ष माननीय न्यायाधीश श्री नारायणप्रसाद पोखरेल",False
074-CR-0050,आंशिक ठहर,"अध्यक्ष माननीय न्यायाधीश श्री श्रीकान्त पौडेल
सदस्य माननीय न्यायाधीश डा. श्री खुशी प्रसाद थारु
सदस्य माननीय न्यायाधीश श्री बलभद्र बास्तोला",False
074-CR-0051,आंशिक ठहर,"अध्यक्ष माननीय न्यायाधीश श्री बाबुराम रेग्मी
अध्यक्ष माननीय न्यायाधीश श्री द्वारिकामान जोशी
अध्यक्ष माननीय न्यायाधीश श्री प्रमोदकुमार श्रेष्ठ वैद्य",False
074-CR-0052,आंशिक ठहर,"अध्यक्ष माननीय न्यायाधीश श्री द्वारिकामान जोशी
अध्यक्ष माननीय न्यायाधीश श्री चण्डीराज ढकाल",False
074-CR-0053,सफाई,"सदस्य माननीय न्यायाधीश श्री कृष्ण गिरी
सदस्य माननीय न्यायाधीश श्री शान्तिसिंह थापा
सदस्य माननीय न्यायाधीश श्री चन्द्रबहादुर सारु",False
074-CR-0054,ठहर,"अध्यक्ष माननीय न्यायाधीश श्री द्वारिकामान जोशी
अध्यक्ष माननीय न्यायाधीश श्री चण्डीराज ढकाल
अध्यक्ष माननीय न्यायाधीश श्री रत्नबहादुर बागचन्द",False
074-CR-0055,सफाई,"अध्यक्ष माननीय न्यायाधीश श्री बाबुराम रेग्मी
अध्यक्ष माननीय न्यायाधीश श्री द्वारिकामान जोशी
अध्यक्ष माननीय न्यायाधीश श्री प्रमोदकुमार श्रेष्ठ वैद्य",False
074-CR-0056,सफाई,"अध्यक्ष माननीय न्यायाधीश श्री बाबुराम रेग्मी
अध्यक्ष माननीय न्यायाधीश श्री प्रमोदकुमार श्रेष्ठ वैद्य
अध्यक्ष माननीय न्यायाधीश श्री रत्नबहादुर बागचन्द",False
074-CR-0057,आंशिक ठहर,"अध्यक्ष माननीय न्यायाधीश श्री बाबुराम रेग्मी
अध्यक्ष माननीय न्यायाधीश श्री चण्डीराज ढकाल
अध्यक्ष माननीय न्यायाधीश श्री रत्नबहादुर बागचन्द",False
074-CR-0058,ठहर,"अध्यक्ष माननीय न्यायाधीश श्री बाबुराम रेग्मी
अध्यक्ष माननीय न्यायाधीश श्री द्वारिकामान जोशी
अध्यक्ष माननीय न्यायाधीश श्री प्रमोदकुमार श्रेष्ठ वैद्य",False
074-CR-0059,ठहर,"अध्यक्ष माननीय न्यायाधीश श्री बाबुराम रेग्मी
अध्यक्ष माननीय न्यायाधीश श्री चण्डीराज ढकाल
अध्यक्ष माननीय न्यायाधीश श्री नारायणप्रसाद पोखरेल",False
074-CR-0060,ठहर,"अध्यक्ष माननीय न्यायाधीश श्री द्वारिकामान जोशी
अध्यक्ष माननीय न्यायाधीश श्री प्रमोदकुमार श्रेष्ठ वैद्य
अध्यक्ष माननीय न्यायाधीश श्री रत्नबहादुर बागचन्द",False
074-CR-0061,ठहर,"अध्यक्ष माननीय न्यायाधीश श्री श्रीकान्त पौडेल
सदस्य माननीय न्यायाधीश श्री शालिग्राम कोइराला
सदस्य माननीय न्यायाधीश श्री बलभद्र बास्तोला",False
074-CR-0062,आंशिक ठहर,"अध्यक्ष माननीय न्यायाधीश श्री श्रीकान्त पौडेल
सदस्य माननीय न्यायाधीश डा. श्री खुशी प्रसाद थारु",False
074-CR-0063,सफाई,"अध्यक्ष माननीय न्यायाधीश श्री बाबुराम रेग्मी
अध्यक्ष माननीय न्यायाधीश श्री प्रमोदकुमार श्रेष्ठ वैद्य",False
074-CR-0064,ठहर,"सदस्य माननीय न्यायाधीश श्री कृष्ण गिरी
सदस्य माननीय न्यायाधीश श्री शान्तिसिंह थापा
सदस्य माननीय न्यायाधीश श्री चन्द्रबहादुर सारु",False
074-CR-0065,ठहर,"अध्यक्ष माननीय न्यायाधीश श्री बाबुराम रेग्मी
अध्यक्ष माननीय न्यायाधीश श्री द्वारिकामान जोशी
अध्यक्ष माननीय न्यायाधीश श्री प्रमोदकुमार श्रेष्ठ वैद्य",False
074-CR-0066,ठहर,"अध्यक्ष माननीय न्यायाधीश श्री द्वारिकामान जोशी
अध्यक्ष माननीय न्यायाधीश श्री प्रमोदकुमार श्रेष्ठ वैद्य
अध्यक्ष माननीय न्यायाधीश श्री नारायणप्रसाद पोखरेल",False
074-CR-0067,सफाई,"अध्यक्ष माननीय न्यायाधीश श्री बाबुराम रेग्मी
अध्यक्ष माननीय न्यायाधीश श्री चण्डीराज ढकाल",False
074-CR-0068,ठहर,"अध्यक्ष माननीय न्यायाधीश श्री प्रेमराज कार्की
सदस्य माननीय न्यायाधीश श्री बालेन्द्र रुपाखेती",False
074-CR-0069,आंशिक ठहर,"अध्यक्ष माननीय न्यायाधीश श्री बाबुराम रेग्मी
अध्यक्ष माननीय न्यायाधीश श्री प्रमोदकुमार श्रेष्ठ वैद्य
अध्यक्ष माननीय न्यायाधीश श्री रत्नबहादुर बागचन्द",False
074-CR-0070,सफाई,"अध्यक्ष माननीय न्यायाधीश श्री बाबुराम रेग्मी
अध्यक्ष माननीय न्यायाधीश श्री चण्डीराज ढकाल
अध्यक्ष माननीय न्यायाधीश श्री नारायणप्रसाद पोखरेल",False
074-CR-0071,ठहर,"अध्यक्ष माननीय न्यायाधीश श्री शिवराज अधिकारी
सदस्य माननीय न्यायाधीश श्री बालेन्द्र रुपाखेती",False
074-CR-0072,सफाई,"अध्यक्ष माननीय न्यायाधीश श्री बाबुराम रेग्मी
अध्यक्ष माननीय न्यायाधीश श्री प्रमोदकुमार श्रेष्ठ वैद्य
अध्यक्ष माननीय न्यायाधीश श्री रत्नबहादुर बागचन्द",False
074-CR-0073,ठहर,"अध्यक्ष माननीय न्यायाधीश श्री द्वारिकामान जोशी
अध्यक्ष माननीय न्यायाधीश श्री चण्डीराज ढकाल
अध्यक्ष माननीय न्यायाधीश श्री नारायणप्रसाद पोखरेल",False
074-CR-0074,ठहर,"अध्यक्ष माननीय न्यायाधीश श्री द्वारिकामान जोशी
अध्यक्ष माननीय न्यायाधीश श्री प्रमोदकुमार श्रेष्ठ वैद्य
अध्यक्ष माननीय न्यायाधीश श्री रत्नबहादुर बागचन्द",False
074-CR-0075,ठहर,"अध्यक्ष माननीय न्यायाधीश श्री द्वारिकामान जोशी
अध्यक्ष माननीय न्यायाधीश श्री चण्डीराज ढकाल
अध्यक्ष माननीय न्यायाधीश श्री नारायणप्रसाद पोखरेल",False
074-CR-0076,ठहर,"अध्यक्ष माननीय न्यायाधीश श्री द्वारिकामान जोशी
अध्यक्ष माननीय न्यायाधीश श्री प्रमोदकुमार श्रेष्ठ वैद्य
अध्यक्ष माननीय न्यायाधीश श्री रत्नबहादुर बागचन्द",False
074-CR-0077,आंशिक ठहर,"अध्यक्ष माननीय न्यायाधीश श्री बाबुराम रेग्मी
अध्यक्ष माननीय न्यायाधीश श्री द्वारिकामान जोशी
अध्यक्ष माननीय न्यायाधीश श्री प्रमोदकुमार श्रेष्ठ वैद्य",False
074-CR-0078,ठहर,"अध्यक्ष माननीय न्यायाधीश श्री बाबुराम रेग्मी
अध्यक्ष माननीय न्यायाधीश श्री द्वारिकामान जोशी
अध्यक्ष माननीय न्यायाधीश श्री प्रमोदकुमार श्रेष्ठ वैद्य",False
074-CR-0079,आंशिक ठहर,"अध्यक्ष माननीय न्यायाधीश श्री बाबुराम रेग्मी
अध्यक्ष माननीय न्यायाधीश श्री प्रमोदकुमार श्रेष्ठ वैद्य
अध्यक्ष माननीय न्यायाधीश श्री नारायणप्रसाद पोखरेल",False
074-CR-0080,ठहर,"अध्यक्ष माननीय न्यायाधीश श्री द्वारिकामान जोशी
अध्यक्ष माननीय न्यायाधीश श्री प्रमोदकुमार श्रेष्ठ वैद्य
अध्यक्ष माननीय न्यायाधीश श्री नारायणप्रसाद पोखरेल",False
074-CR-0081,आंशिक ठहर,"अध्यक्ष माननीय न्यायाधीश श्री द्वारिकामान जोशी
अध्यक्ष माननीय न्यायाधीश श्री प्रमोदकुमार श्रेष्ठ वैद्य
अध्यक्ष माननीय न्यायाधीश श्री नारायणप्रसाद पोखरेल",False
074-CR-0082,सफाई,"अध्यक्ष माननीय न्यायाधीश श्री श्रीकान्त पौडेल
सदस्य माननीय न्यायाधीश श्री यमुना भट्टराई
सदस्य माननीय न्यायाधीश श्री शालिग्राम कोइराला",False
074-CR-0083,ठहर,"अध्यक्ष माननीय न्यायाधीश श्री बाबुराम रेग्मी
अध्यक्ष माननीय न्यायाधीश श्री चण्डीराज ढकाल
अध्यक्ष माननीय न्यायाधीश श्री रत्नबहादुर बागचन्द",False
074-CR-0084,ठहर,"अध्यक्ष माननीय न्यायाधीश श्री बाबुराम रेग्मी
अध्यक्ष माननीय न्यायाधीश श्री द्वारिकामान जोशी
अध्यक्ष माननीय न्यायाधीश श्री प्रमोदकुमार श्रेष्ठ वैद्य",False
074-CR-0085,ठहर,"अध्यक्ष माननीय न्यायाधीश श्री बाबुराम रेग्मी
अध्यक्ष माननीय न्यायाधीश श्री चण्डीराज ढकाल
अध्यक्ष माननीय न्यायाधीश श्री रत्नबहादुर बागचन्द",False
074-CR-0086,ठहर,"अध्यक्ष माननीय न्यायाधीश श्री बाबुराम रेग्मी
अध्यक्ष माननीय न्यायाधीश श्री चण्डीराज ढकाल
अध्यक्ष माननीय न्यायाधीश श्री नारायणप्रसाद पोखरेल",False
074-CR-0087,ठहर,"सदस्य माननीय न्यायाधीश श्री कृष्ण गिरी
सदस्य माननीय न्यायाधीश श्री बालेन्द्र रुपाखेती
सदस्य माननीय न्यायाधीश डा. सदस्य माननीय न्यायाधीश श्री रवि शर्मा अर्याल",False
074-CR-0088,ठहर,"सदस्य माननीय न्यायाधीश श्री कृष्ण गिरी
सदस्य माननीय न्यायाधीश श्री शान्तिसिंह थापा
सदस्य माननीय न्यायाधीश श्री चन्द्रबहादुर सारु",False
074-CR-0089,ठहर,"अध्यक्ष माननीय न्यायाधीश श्री बाबुराम रेग्मी
अध्यक्ष माननीय न्यायाधीश श्री द्वारिकामान जोशी
अध्यक्ष माननीय न्यायाधीश श्री प्रमोदकुमार श्रेष्ठ वैद्य",False
074-CR-0090,ठहर,"अध्यक्ष माननीय न्यायाधीश श्री शिवराज अधिकारी
सदस्य माननीय न्यायाधीश श्री बालेन्द्र रुपाखेती
सदस्य माननीय न्यायाधीश डा. सदस्य माननीय न्यायाधीश श्री रवि शर्मा अर्याल",False
074-CR-0091,ठहर,"अध्यक्ष माननीय न्यायाधीश श्री द्वारिकामान जोशी
अध्यक्ष माननीय न्यायाधीश श्री चण्डीराज ढकाल
अध्यक्ष माननीय न्यायाधीश श्री रत्नबहादुर बागचन्द",False
074-CR-0092,ठहर,"अध्यक्ष माननीय न्यायाधीश श्री बाबुराम रेग्मी
अध्यक्ष माननीय न्यायाधीश श्री द्वारिकामान जोशी
अध्यक्ष माननीय न्यायाधीश श्री प्रमोदकुमार श्रेष्ठ वैद्य",False
074-CR-0093,ठहर,"अध्यक्ष माननीय न्यायाधीश श्री बाबुराम रेग्मी
अध्यक्ष माननीय न्यायाधीश श्री द्वारिकामान जोशी
अध्यक्ष माननीय न्यायाधीश श्री प्रमोदकुमार श्रेष्ठ वैद्य",False
074-CR-0094,सफाई,सदस्य माननीय न्यायाधीश श्री अब्दुल अजिज मुसलमान सदस्य माननीय न्यायाधीश श्री नित्यानन्द पाण्डेय,True
074-CR-0095,ठहर,"अध्यक्ष माननीय न्यायाधीश श्री बाबुराम रेग्मी
अध्यक्ष माननीय न्यायाधीश श्री प्रमोदकुमार श्रेष्ठ वैद्य
अध्यक्ष माननीय न्यायाधीश श्री रत्नबहादुर बागचन्द",False
074-CR-0096,ठहर,"अध्यक्ष माननीय न्यायाधीश श्री द्वारिकामान जोशी
अध्यक्ष माननीय न्यायाधीश श्री प्रमोदकुमार श्रेष्ठ वैद्य",False
074-CR-0097,सफाई,"अध्यक्ष माननीय न्यायाधीश श्री प्रेमराज कार्की
सदस्य माननीय न्यायाधीश श्री अब्दुल अजिज मुसलमान
सदस्य माननीय न्यायाधीश श्री चन्द्रबहादुर सारु",False
074-CR-0098,आंशिक ठहर,"अध्यक्ष माननीय न्यायाधीश श्री श्रीकान्त पौडेल
सदस्य माननीय न्यायाधीश श्री यमुना भट्टराई
सदस्य माननीय न्यायाधीश श्री शालिग्राम कोइराला",False
074-CR-0099,ठहर,"अध्यक्ष माननीय न्यायाधीश श्री द्वारिकामान जोशी
अध्यक्ष माननीय न्यायाधीश श्री चण्डीराज ढकाल
अध्यक्ष माननीय न्यायाधीश श्री नारायणप्रसाद पोखरेल",False
074-CR-0100,आंशिक ठहर,"सदस्य माननीय न्यायाधीश श्री बालेन्द्र रुपाखेती
सदस्य माननीय न्यायाधीश श्री शान्तिसिंह थापा
सदस्य माननीय न्यायाधीश श्री चन्द्रबहादुर सारु",False
074-CR-0101,सफाई,"अध्यक्ष माननीय न्यायाधीश श्री बाबुराम रेग्मी
अध्यक्ष माननीय न्यायाधीश श्री प्रमोदकुमार श्रेष्ठ वैद्य
अध्यक्ष माननीय न्यायाधीश श्री नारायणप्रसाद पोखरेल",False
074-CR-0102,आंशिक ठहर,"सदस्य माननीय न्यायाधीश श्री कृष्ण गिरी
सदस्य माननीय न्यायाधीश श्री शान्तिसिंह थापा
सदस्य माननीय न्यायाधीश श्री चन्द्रबहादुर सारु",False
074-CR-0103,ठहर,"अध्यक्ष माननीय न्यायाधीश श्री शिवराज अधिकारी
सदस्य माननीय न्यायाधीश श्री बालेन्द्र रुपाखेती",False
074-CR-0104,आंशिक ठहर,"अध्यक्ष माननीय न्यायाधीश श्री शिवराज अधिकारी
सदस्य माननीय न्यायाधीश श्री बालेन्द्र रुपाखेती
सदस्य माननीय न्यायाधीश श्री शान्तिसिंह थापा",False
074-CR-0105,ठहर,"अध्यक्ष माननीय न्यायाधीश श्री बाबुराम रेग्मी
अध्यक्ष माननीय न्यायाधीश श्री द्वारिकामान जोशी
अध्यक्ष माननीय न्यायाधीश श्री प्रमोदकुमार श्रेष्ठ वैद्य",False
074-CR-0106,ठहर,"सदस्य माननीय न्यायाधीश श्री कृष्ण गिरी
सदस्य माननीय न्यायाधीश श्री शान्तिसिंह थापा
सदस्य माननीय न्यायाधीश श्री चन्द्रबहादुर सारु",False
074-CR-0107,आंशिक ठहर,"अध्यक्ष माननीय न्यायाधीश श्री बाबुराम रेग्मी
अध्यक्ष माननीय न्यायाधीश श्री द्वारिकामान जोशी
अध्यक्ष माननीय न्यायाधीश श्री प्रमोदकुमार श्रेष्ठ वैद्य",False
074-CR-0108,सफाई,"अध्यक्ष माननीय न्यायाधीश श्री द्वारिकामान जोशी
अध्यक्ष माननीय न्यायाधीश श्री चण्डीराज ढकाल
अध्यक्ष माननीय न्यायाधीश श्री रत्नबहादुर बागचन्द",False
074-CR-0109,आंशिक ठहर,"अध्यक्ष माननीय न्यायाधीश श्री बाबुराम रेग्मी
अध्यक्ष माननीय न्यायाधीश श्री द्वारिकामान जोशी
अध्यक्ष माननीय न्यायाधीश श्री प्रमोदकुमार श्रेष्ठ वैद्य",False
074-CR-0110,ठहर,"अध्यक्ष माननीय न्यायाधीश श्री द्वारिकामान जोशी
अध्यक्ष माननीय न्यायाधीश श्री चण्डीराज ढकाल
अध्यक्ष माननीय न्यायाधीश श्री नारायणप्रसाद पोखरेल",False
074-CR-0111,ठहर,"अध्यक्ष माननीय न्यायाधीश श्री बाबुराम रेग्मी
अध्यक्ष माननीय न्यायाधीश श्री चण्डीराज ढकाल
अध्यक्ष माननीय न्यायाधीश श्री नारायणप्रसाद पोखरेल",False
074-CR-0112,ठहर,"अध्यक्ष माननीय न्यायाधीश श्री बाबुराम रेग्मी
अध्यक्ष माननीय न्यायाधीश श्री द्वारिकामान जोशी
अध्यक्ष माननीय न्यायाधीश श्री प्रमोदकुमार श्रेष्ठ वैद्य",False
074-CR-0113,ठहर,"अध्यक्ष माननीय न्यायाधीश श्री द्वारिकामान जोशी
अध्यक्ष माननीय न्यायाधीश श्री चण्डीराज ढकाल
अध्यक्ष माननीय न्यायाधीश श्री नारायणप्रसाद पोखरेल",False
074-CR-0114,ठहर,"अध्यक्ष माननीय न्यायाधीश श्री शिवराज अधिकारी
सदस्य माननीय न्यायाधीश श्री शान्तिसिंह थापा
सदस्य माननीय न्यायाधीश श्री चन्द्रबहादुर सारु",False
074-CR-0115,ठहर,"अध्यक्ष माननीय न्यायाधीश श्री शिवराज अधिकारी
सदस्य माननीय न्यायाधीश श्री बालेन्द्र रुपाखेती
सदस्य माननीय न्यायाधीश डा. सदस्य माननीय न्यायाधीश श्री रवि शर्मा अर्याल",False
074-CR-0116,ठहर,"सदस्य माननीय न्यायाधीश श्री अब्दुल अजिज मुसलमान
सदस्य माननीय न्यायाधीश श्री नित्यानन्द पाण्डेय",False
074-CR-0117,ठहर,"अध्यक्ष माननीय न्यायाधीश श्री बाबुराम रेग्मी
अध्यक्ष माननीय न्यायाधीश श्री चण्डीराज ढकाल
अध्यक्ष माननीय न्यायाधीश श्री रत्नबहादुर बागचन्द",False
074-CR-0118,आंशिक ठहर,"अध्यक्ष माननीय न्यायाधीश श्री बाबुराम रेग्मी
अध्यक्ष माननीय न्यायाधीश श्री द्वारिकामान जोशी
अध्यक्ष माननीय न्यायाधीश श्री प्रमोदकुमार श्रेष्ठ वैद्य",False
074-CR-0119,ठहर,"अध्यक्ष माननीय न्यायाधीश श्री शिवराज अधिकारी
सदस्य माननीय न्यायाधीश श्री बालेन्द्र रुपाखेती
सदस्य माननीय न्यायाधीश डा. सदस्य माननीय न्यायाधीश श्री रवि शर्मा अर्याल",False
074-CR-0120,ठहर,"सदस्य माननीय न्यायाधीश श्री कृष्ण गिरी
सदस्य माननीय न्यायाधीश श्री बालेन्द्र रुपाखेती
सदस्य माननीय न्यायाधीश डा. सदस्य माननीय न्यायाधीश श्री रवि शर्मा अर्याल",False
074-CR-0121,ठहर,"सदस्य माननीय न्यायाधीश श्री नित्यानन्द पाण्डेय
सदस्य माननीय न्यायाधीश श्री शान्तिसिंह थापा
सदस्य माननीय न्यायाधीश श्री चन्द्रबहादुर सारु",False
074-CR-0122,ठहर,"सदस्य माननीय न्यायाधीश श्री कृष्ण गिरी
सदस्य माननीय न्यायाधीश श्री शान्तिसिंह थापा
सदस्य माननीय न्यायाधीश श्री चन्द्रबहादुर सारु",False
074-CR-0123,आंशिक ठहर,"सदस्य माननीय न्यायाधीश श्री बालेन्द्र रुपाखेती
सदस्य माननीय न्यायाधीश डा. सदस्य माननीय न्यायाधीश श्री रवि शर्मा अर्याल",False
074-CR-0124,ठहर,"अध्यक्ष माननीय न्यायाधीश श्री शिवराज अधिकारी
सदस्य माननीय न्यायाधीश श्री बालेन्द्र रुपाखेती
सदस्य माननीय न्यायाधीश डा. सदस्य माननीय न्यायाधीश श्री रवि शर्मा अर्याल",False
074-CR-0125,ठहर,"अध्यक्ष माननीय न्यायाधीश श्री प्रेमराज कार्की
सदस्य माननीय न्यायाधीश श्री शान्तिसिंह थापा
सदस्य माननीय न्यायाधीश श्री चन्द्रबहादुर सारु",False
074-CR-0126,ठहर,"सदस्य माननीय न्यायाधीश श्री कृष्ण गिरी
सदस्य माननीय न्यायाधीश श्री शान्तिसिंह थापा
सदस्य माननीय न्यायाधीश श्री चन्द्रबहादुर सारु",False
074-CR-0127,ठहर,"अध्यक्ष माननीय न्यायाधीश श्री द्वारिकामान जोशी
अध्यक्ष माननीय न्यायाधीश श्री नारायणप्रसाद पोखरेल
अध्यक्ष माननीय न्यायाधीश श्री रत्नबहादुर बागचन्द",False
074-CR-0128,सफाई,"अध्यक्ष माननीय न्यायाधीश श्री प्रेमराज कार्की
सदस्य माननीय न्यायाधीश श्री अब्दुल अजिज मुसलमान
सदस्य माननीय न्यायाधीश श्री चन्द्रबहादुर सारु",False
074-CR-0129,ठहर,"अध्यक्ष माननीय न्यायाधीश श्री शिवराज अधिकारी
सदस्य माननीय न्यायाधीश श्री बालेन्द्र रुपाखेती
सदस्य माननीय न्यायाधीश डा. सदस्य माननीय न्यायाधीश श्री रवि शर्मा अर्याल",False
074-CR-0130,सफाई,"सदस्य माननीय न्यायाधीश श्री कृष्ण गिरी
सदस्य माननीय न्यायाधीश श्री शान्तिसिंह थापा
सदस्य माननीय न्यायाधीश श्री चन्द्रबहादुर सारु",False
074-CR-0131,ठहर,"अध्यक्ष माननीय न्यायाधीश श्री बाबुराम रेग्मी
अध्यक्ष माननीय न्यायाधीश श्री प्रमोदकुमार श्रेष्ठ वैद्य",False
074-CR-0132,ठहर,"अध्यक्ष माननीय न्यायाधीश श्री बाबुराम रेग्मी
अध्यक्ष माननीय न्यायाधीश श्री प्रमोदकुमार श्रेष्ठ वैद्य",False
074-CR-0133,ठहर,"अध्यक्ष माननीय न्यायाधीश श्री द्वारिकामान जोशी
अध्यक्ष माननीय न्यायाधीश श्री प्रमोदकुमार श्रेष्ठ वैद्य
अध्यक्ष माननीय न्यायाधीश श्री नारायणप्रसाद पोखरेल",False
074-CR-0134,ठहर,"अध्यक्ष माननीय न्यायाधीश श्री द्वारिकामान जोशी
अध्यक्ष माननीय न्यायाधीश श्री प्रमोदकुमार श्रेष्ठ वैद्य
अध्यक्ष माननीय न्यायाधीश श्री रत्नबहादुर बागचन्द",False
074-CR-0135,ठहर,"अध्यक्ष माननीय न्यायाधीश श्री बाबुराम रेग्मी
अध्यक्ष माननीय न्यायाधीश श्री चण्डीराज ढकाल
अध्यक्ष माननीय न्यायाधीश श्री रत्नबहादुर बागचन्द",False
074-CR-0136,ठहर,"सदस्य माननीय न्यायाधीश श्री कृष्ण गिरी
सदस्य माननीय न्यायाधीश श्री बालेन्द्र रुपाखेती",False
074-CR-0137,सफाई,"अध्यक्ष माननीय न्यायाधीश श्री द्वारिकामान जोशी
अध्यक्ष माननीय न्यायाधीश श्री प्रमोदकुमार श्रेष्ठ वैद्य
अध्यक्ष माननीय न्यायाधीश श्री नारायणप्रसाद पोखरेल",False
074-CR-0138,ठहर,"अध्यक्ष माननीय न्यायाधीश श्री द्वारिकामान जोशी
अध्यक्ष माननीय न्यायाधीश श्री रत्नबहादुर बागचन्द",False
074-CR-0139,सफाई,"अध्यक्ष माननीय न्यायाधीश श्री प्रेमराज कार्की
सदस्य माननीय न्यायाधीश श्री अब्दुल अजिज मुसलमान
सदस्य माननीय न्यायाधीश श्री नित्यानन्द पाण्डेय",False
074-CR-0140,ठहर,"अध्यक्ष माननीय न्यायाधीश श्री बाबुराम रेग्मी
अध्यक्ष माननीय न्यायाधीश श्री प्रमोदकुमार श्रेष्ठ वैद्य
अध्यक्ष माननीय न्यायाधीश श्री नारायणप्रसाद पोखरेल",False
074-CR-0141,आंशिक ठहर,"सदस्य माननीय न्यायाधीश श्री कृष्ण गिरी
सदस्य माननीय न्यायाधीश श्री शान्तिसिंह थापा
सदस्य माननीय न्यायाधीश श्री चन्द्रबहादुर सारु",False
074-CR-0142,ठहर,"अध्यक्ष माननीय न्यायाधीश श्री द्वारिकामान जोशी
अध्यक्ष माननीय न्यायाधीश श्री प्रमोदकुमार श्रेष्ठ वैद्य
अध्यक्ष माननीय न्यायाधीश श्री रत्नबहादुर बागचन्द",False
074-CR-0143,ठहर,"अध्यक्ष माननीय न्यायाधीश श्री द्वारिकामान जोशी
अध्यक्ष माननीय न्यायाधीश श्री प्रमोदकुमार श्रेष्ठ वैद्य
अध्यक्ष माननीय न्यायाधीश श्री नारायणप्रसाद पोखरेल",False
074-CR-0144,आंशिक ठहर,"अध्यक्ष माननीय न्यायाधीश श्री बाबुराम रेग्मी
अध्यक्ष माननीय न्यायाधीश श्री द्वारिकामान जोशी
अध्यक्ष माननीय न्यायाधीश श्री प्रमोदकुमार श्रेष्ठ वैद्य",False
074-CR-0145,आंशिक ठहर,"अध्यक्ष माननीय न्यायाधीश श्री प्रेमराज कार्की
सदस्य माननीय न्यायाधीश श्री बालेन्द्र रुपाखेती
सदस्य माननीय न्यायाधीश श्री नित्यानन्द पाण्डेय",False
074-CR-0146,ठहर,"अध्यक्ष माननीय न्यायाधीश श्री बाबुराम रेग्मी
अध्यक्ष माननीय न्यायाधीश श्री द्वारिकामान जोशी
अध्यक्ष माननीय न्यायाधीश श्री प्रमोदकुमार श्रेष्ठ वैद्य",False
074-CR-0147,ठहर,"अध्यक्ष माननीय न्यायाधीश श्री बाबुराम रेग्मी
अध्यक्ष माननीय न्यायाधीश श्री द्वारिकामान जोशी
अध्यक्ष माननीय न्यायाधीश श्री प्रमोदकुमार श्रेष्ठ वैद्य",False
074-CR-0148,ठहर,"अध्यक्ष माननीय न्यायाधीश श्री द्वारिकामान जोशी
अध्यक्ष माननीय न्यायाधीश श्री नारायणप्रसाद पोखरेल",False
074-CR-0149,ठहर,"सदस्य माननीय न्यायाधीश श्री कृष्ण गिरी
सदस्य माननीय न्यायाधीश श्री शान्तिसिंह थापा
सदस्य माननीय न्यायाधीश श्री चन्द्रबहादुर सारु",False
074-CR-0150,आंशिक ठहर,"सदस्य माननीय न्यायाधीश श्री अब्दुल अजिज मुसलमान
सदस्य माननीय न्यायाधीश श्री शान्तिसिंह थापा",False
074-CR-0151,ठहर,"अध्यक्ष माननीय न्यायाधीश श्री बाबुराम रेग्मी
अध्यक्ष माननीय न्यायाधीश श्री प्रमोदकुमार श्रेष्ठ वैद्य
अध्यक्ष माननीय न्यायाधीश श्री नारायणप्रसाद पोखरेल",False
074-CR-0152,ठहर,"अध्यक्ष माननीय न्यायाधीश श्री द्वारिकामान जोशी
अध्यक्ष माननीय न्यायाधीश श्री चण्डीराज ढकाल
अध्यक्ष माननीय न्यायाधीश श्री रत्नबहादुर बागचन्द",False
074-CR-0153,ठहर,"अध्यक्ष माननीय न्यायाधीश श्री बाबुराम रेग्मी
अध्यक्ष माननीय न्यायाधीश श्री प्रमोदकुमार श्रेष्ठ वैद्य
अध्यक्ष माननीय न्यायाधीश श्री नारायणप्रसाद पोखरेल",False
074-CR-0154,ठहर,"अध्यक्ष माननीय न्यायाधीश श्री बाबुराम रेग्मी
अध्यक्ष माननीय न्यायाधीश श्री द्वारिकामान जोशी
अध्यक्ष माननीय न्यायाधीश श्री प्रमोदकुमार श्रेष्ठ वैद्य",False
074-CR-0155,ठहर,"अध्यक्ष माननीय न्यायाधीश श्री श्रीकान्त पौडेल
सदस्य माननीय न्यायाधीश श्री यमुना भट्टराई
सदस्य माननीय न्यायाधीश श्री शालिग्राम कोइराला",False
074-CR-0156,ठहर,"अध्यक्ष माननीय न्यायाधीश श्री द्वारिकामान जोशी
अध्यक्ष माननीय न्यायाधीश श्री प्रमोदकुमार श्रेष्ठ वैद्य
अध्यक्ष माननीय न्यायाधीश श्री नारायणप्रसाद पोखरेल",False
074-CR-0157,सफाई,"अध्यक्ष माननीय न्यायाधीश श्री बाबुराम रेग्मी
अध्यक्ष माननीय न्यायाधीश श्री द्वारिकामान जोशी
अध्यक्ष माननीय न्यायाधीश श्री प्रमोदकुमार श्रेष्ठ वैद्य",False
074-CR-0158,ठहर,"अध्यक्ष माननीय न्यायाधीश श्री बाबुराम रेग्मी
अध्यक्ष माननीय न्यायाधीश श्री द्वारिकामान जोशी",False
074-CR-0159,सफाई,"अध्यक्ष माननीय न्यायाधीश श्री श्रीकान्त पौडेल
सदस्य माननीय न्यायाधीश डा. श्री खुशी प्रसाद थारु
सदस्य माननीय न्यायाधीश श्री यमुना भट्टराई",False
074-CR-0160,ठहर,"अध्यक्ष माननीय न्यायाधीश श्री बाबुराम रेग्मी
अध्यक्ष माननीय न्यायाधीश श्री चण्डीराज ढकाल
अध्यक्ष माननीय न्यायाधीश श्री प्रमोदकुमार श्रेष्ठ वैद्य",False
074-CR-0161,ठहर,"अध्यक्ष माननीय न्यायाधीश श्री बाबुराम रेग्मी
अध्यक्ष माननीय न्यायाधीश श्री नारायणप्रसाद पोखरेल",False
074-CR-0162,ठहर,"अध्यक्ष माननीय न्यायाधीश श्री बाबुराम रेग्मी
अध्यक्ष माननीय न्यायाधीश श्री चण्डीराज ढकाल",False
074-CR-0163,ठहर,"अध्यक्ष माननीय न्यायाधीश श्री द्वारिकामान जोशी
अध्यक्ष माननीय न्यायाधीश श्री चण्डीराज ढकाल
अध्यक्ष माननीय न्यायाधीश श्री रत्नबहादुर बागचन्द",False
074-CR-0164,ठहर,"सदस्य माननीय न्यायाधीश डा. श्री खुशी प्रसाद थारु
सदस्य माननीय न्यायाधीश श्री यमुना भट्टराई
सदस्य माननीय न्यायाधीश श्री बलभद्र बास्तोला",False
074-CR-0165,ठहर,"अध्यक्ष माननीय न्यायाधीश श्री द्वारिकामान जोशी
अध्यक्ष माननीय न्यायाधीश श्री प्रमोदकुमार श्रेष्ठ वैद्य
अध्यक्ष माननीय न्यायाधीश श्री रत्नबहादुर बागचन्द",False
074-CR-0166,ठहर,"सदस्य माननीय न्यायाधीश श्री कृष्ण गिरी
सदस्य माननीय न्यायाधीश श्री शान्तिसिंह थापा
सदस्य माननीय न्यायाधीश श्री चन्द्रबहादुर सारु",False
074-CR-0167,आंशिक ठहर,"सदस्य माननीय न्यायाधीश डा. श्री खुशी प्रसाद थारु
सदस्य माननीय न्यायाधीश श्री शालिग्राम कोइराला
सदस्य माननीय न्यायाधीश श्री बलभद्र बास्तोला",False
074-CR-0168,ठहर,"अध्यक्ष माननीय न्यायाधीश श्री बाबुराम रेग्मी
अध्यक्ष माननीय न्यायाधीश श्री द्वारिकामान जोशी
अध्यक्ष माननीय न्यायाधीश श्री प्रमोदकुमार श्रेष्ठ वैद्य",False
074-CR-0169,आंशिक ठहर,"अध्यक्ष माननीय न्यायाधीश श्री शिवराज अधिकारी
सदस्य माननीय न्यायाधीश श्री बालेन्द्र रुपाखेती",False
074-CR-0170,ठहर,"अध्यक्ष माननीय न्यायाधीश श्री द्वारिकामान जोशी
अध्यक्ष माननीय न्यायाधीश श्री प्रमोदकुमार श्रेष्ठ वैद्य
अध्यक्ष माननीय न्यायाधीश श्री रत्नबहादुर बागचन्द",False
074-CR-0171,ठहर,"अध्यक्ष माननीय न्यायाधीश श्री बाबुराम रेग्मी
अध्यक्ष माननीय न्यायाधीश श्री चण्डीराज ढकाल
अध्यक्ष माननीय न्यायाधीश श्री प्रमोदकुमार श्रेष्ठ वैद्य",False
074-CR-0172,ठहर,"सदस्य माननीय न्यायाधीश श्री शान्तिसिंह थापा
सदस्य माननीय न्यायाधीश श्री चन्द्रबहादुर सारु
सदस्य माननीय न्यायाधीश डा. सदस्य माननीय न्यायाधीश श्री रवि शर्मा अर्याल",False
074-CR-0173,ठहर,"अध्यक्ष माननीय न्यायाधीश श्री शिवराज अधिकारी
सदस्य माननीय न्यायाधीश श्री बालेन्द्र रुपाखेती
सदस्य माननीय न्यायाधीश डा. सदस्य माननीय न्यायाधीश श्री रवि शर्मा अर्याल",False
074-CR-0174,ठहर,"अध्यक्ष माननीय न्यायाधीश श्री बाबुराम रेग्मी
अध्यक्ष माननीय न्यायाधीश श्री द्वारिकामान जोशी
अध्यक्ष माननीय न्यायाधीश श्री प्रमोदकुमार श्रेष्ठ वैद्य",False
074-CR-0175,ठहर,"अध्यक्ष माननीय न्यायाधीश श्री द्वारिकामान जोशी
अध्यक्ष माननीय न्यायाधीश श्री चण्डीराज ढकाल
अध्यक्ष माननीय न्यायाधीश श्री रत्नबहादुर बागचन्द",False
074-CR-0176,ठहर,"अध्यक्ष माननीय न्यायाधीश श्री बाबुराम रेग्मी
अध्यक्ष माननीय न्यायाधीश श्री प्रमोदकुमार श्रेष्ठ वैद्य
अध्यक्ष माननीय न्यायाधीश श्री नारायणप्रसाद पोखरेल",False
074-CR-0177,ठहर,"अध्यक्ष माननीय न्यायाधीश श्री द्वारिकामान जोशी
अध्यक्ष माननीय न्यायाधीश श्री नारायणप्रसाद पोखरेल",False
074-CR-0178,ठहर,"सदस्य माननीय न्यायाधीश श्री अब्दुल अजिज मुसलमान
सदस्य माननीय न्यायाधीश श्री चन्द्रबहादुर सारु",False
074-CR-0179,ठहर,"सदस्य माननीय न्यायाधीश श्री कृष्ण गिरी
सदस्य माननीय न्यायाधीश श्री शान्तिसिंह थापा",False
074-CR-0180,ठहर,"अध्यक्ष माननीय न्यायाधीश श्री बाबुराम रेग्मी
अध्यक्ष माननीय न्यायाधीश श्री चण्डीराज ढकाल
अध्यक्ष माननीय न्यायाधीश श्री नारायणप्रसाद पोखरेल",False
074-CR-0181,सफाई,"अध्यक्ष माननीय न्यायाधीश श्री शिवराज अधिकारी
सदस्य माननीय न्यायाधीश श्री बालेन्द्र रुपाखेती",False
074-CR-0182,ठहर,"अध्यक्ष माननीय न्यायाधीश श्री बाबुराम रेग्मी
अध्यक्ष माननीय न्यायाधीश श्री द्वारिकामान जोशी
अध्यक्ष माननीय न्यायाधीश श्री नारायणप्रसाद पोखरेल",False
074-CR-0183,ठहर,"सदस्य माननीय न्यायाधीश श्री कृष्ण गिरी
सदस्य माननीय न्यायाधीश श्री शान्तिसिंह थापा
सदस्य माननीय न्यायाधीश श्री चन्द्रबहादुर सारु",False
074-CR-0184,ठहर,"अध्यक्ष माननीय न्यायाधीश श्री द्वारिकामान जोशी
अध्यक्ष माननीय न्यायाधीश श्री प्रमोदकुमार श्रेष्ठ वैद्य",False
074-CR-0185,ठहर,"अध्यक्ष माननीय न्यायाधीश श्री बाबुराम रेग्मी
अध्यक्ष माननीय न्यायाधीश श्री द्वारिकामान जोशी
अध्यक्ष माननीय न्यायाधीश श्री प्रमोदकुमार श्रेष्ठ वैद्य",False
074-CR-0186,ठहर,"अध्यक्ष माननीय न्यायाधीश श्री श्रीकान्त पौडेल
सदस्य माननीय न्यायाधीश श्री यमुना भट्टराई
सदस्य माननीय न्यायाधीश श्री बलभद्र बास्तोला",False
074-CR-0187,ठहर,"अध्यक्ष माननीय न्यायाधीश श्री बाबुराम रेग्मी
अध्यक्ष माननीय न्यायाधीश श्री चण्डीराज ढकाल
अध्यक्ष माननीय न्यायाधीश श्री नारायणप्रसाद पोखरेल",False
074-CR-0188,सफाई,"अध्यक्ष माननीय न्यायाधीश श्री बाबुराम रेग्मी
अध्यक्ष माननीय न्यायाधीश श्री प्रमोदकुमार श्रेष्ठ वैद्य",False
074-CR-0189,ठहर,"अध्यक्ष माननीय न्यायाधीश श्री द्वारिकामान जोशी
अध्यक्ष माननीय न्यायाधीश श्री प्रमोदकुमार श्रेष्ठ वैद्य
अध्यक्ष माननीय न्यायाधीश श्री नारायणप्रसाद पोखरेल",False
074-CR-0190,ठहर,"अध्यक्ष माननीय न्यायाधीश श्री बाबुराम रेग्मी
अध्यक्ष माननीय न्यायाधीश श्री द्वारिकामान जोशी
अध्यक्ष माननीय न्यायाधीश श्री प्रमोदकुमार श्रेष्ठ वैद्य",False
074-CR-0191,ठहर,"अध्यक्ष माननीय न्यायाधीश श्री शिवराज अधिकारी
सदस्य माननीय न्यायाधीश श्री शान्तिसिंह थापा
सदस्य माननीय न्यायाधीश श्री चन्द्रबहादुर सारु",False
074-CR-0192,ठहर,"सदस्य माननीय न्यायाधीश श्री कृष्ण गिरी
सदस्य माननीय न्यायाधीश श्री शान्तिसिंह थापा
सदस्य माननीय न्यायाधीश श्री चन्द्रबहादुर सारु",False
074-CR-0193,आंशिक ठहर,"अध्यक्ष माननीय न्यायाधीश श्री श्रीकान्त पौडेल
सदस्य माननीय न्यायाधीश डा. श्री खुशी प्रसाद थारु",False
074-CR-0194,ठहर,"अध्यक्ष माननीय न्यायाधीश श्री शिवराज अधिकारी
सदस्य माननीय न्यायाधीश श्री शान्तिसिंह थापा
सदस्य माननीय न्यायाधीश श्री चन्द्रबहादुर सारु",False
074-CR-0195,सफाई,अध्यक्ष माननीय न्यायाधीश श्री बाबुराम रेग्मी सदस्य माननीय न्यायाधीश श्री नारायणप्रसाद पोखरेल,True
074-CR-0196,ठहर,"अध्यक्ष माननीय न्यायाधीश श्री बाबुराम रेग्मी
अध्यक्ष माननीय न्यायाधीश श्री द्वारिकामान जोशी
अध्यक्ष माननीय न्यायाधीश श्री प्रमोदकुमार श्रेष्ठ वैद्य",False
074-CR-0197,ठहर,"सदस्य माननीय न्यायाधीश श्री कृष्ण गिरी
सदस्य माननीय न्यायाधीश श्री शान्तिसिंह थापा
सदस्य माननीय न्यायाधीश श्री चन्द्रबहादुर सारु",False
075-CR-0001,सफाई,"अध्यक्ष माननीय न्यायाधीश श्री शिवराज अधिकारी
सदस्य माननीय न्यायाधीश श्री बालेन्द्र रुपाखेती
सदस्य माननीय न्यायाधीश डा. सदस्य माननीय न्यायाधीश श्री रवि शर्मा अर्याल",False
075-CR-0002,सफाई,"अध्यक्ष माननीय न्यायाधीश श्री शिवराज अधिकारी
सदस्य माननीय न्यायाधीश श्री बालेन्द्र रुपाखेती
सदस्य माननीय न्यायाधीश डा. सदस्य माननीय न्यायाधीश श्री रवि शर्मा अर्याल",False
075-CR-0003,ठहर,"अध्यक्ष माननीय न्यायाधीश श्री बाबुराम रेग्मी
अध्यक्ष माननीय न्यायाधीश श्री प्रमोदकुमार श्रेष्ठ वैद्य",False
075-CR-0004,ठहर,"अध्यक्ष माननीय न्यायाधीश श्री द्वारिकामान जोशी
अध्यक्ष माननीय न्यायाधीश श्री चण्डीराज ढकाल
अध्यक्ष माननीय न्यायाधीश श्री रत्नबहादुर बागचन्द",False
075-CR-0005,ठहर,"अध्यक्ष माननीय न्यायाधीश श्री द्वारिकामान जोशी
अध्यक्ष माननीय न्यायाधीश श्री चण्डीराज ढकाल
अध्यक्ष माननीय न्यायाधीश श्री रत्नबहादुर बागचन्द",False
075-CR-0006,ठहर,"सदस्य माननीय न्यायाधीश श्री कृष्ण गिरी
सदस्य माननीय न्यायाधीश श्री शान्तिसिंह थापा
सदस्य माननीय न्यायाधीश श्री चन्द्रबहादुर सारु",False
075-CR-0007,ठहर,"अध्यक्ष माननीय न्यायाधीश श्री बाबुराम रेग्मी
अध्यक्ष माननीय न्यायाधीश श्री द्वारिकामान जोशी
अध्यक्ष माननीय न्यायाधीश श्री प्रमोदकुमार श्रेष्ठ वैद्य",False
075-CR-0008,ठहर,"अध्यक्ष माननीय न्यायाधीश श्री द्वारिकामान जोशी
अध्यक्ष माननीय न्यायाधीश श्री चण्डीराज ढकाल
अध्यक्ष माननीय न्यायाधीश श्री रत्नबहादुर बागचन्द",False
075-CR-0009,ठहर,"अध्यक्ष माननीय न्यायाधीश श्री बाबुराम रेग्मी
अध्यक्ष माननीय न्यायाधीश श्री द्वारिकामान जोशी
अध्यक्ष माननीय न्यायाधीश श्री प्रमोदकुमार श्रेष्ठ वैद्य",False
075-CR-0010,ठहर,"अध्यक्ष माननीय न्यायाधीश श्री शिवराज अधिकारी
सदस्य माननीय न्यायाधीश श्री बालेन्द्र रुपाखेती
सदस्य माननीय न्यायाधीश डा. सदस्य माननीय न्यायाधीश श्री रवि शर्मा अर्याल",False
075-CR-0011,ठहर,"अध्यक्ष माननीय न्यायाधीश श्री बाबुराम रेग्मी
अध्यक्ष माननीय न्यायाधीश श्री द्वारिकामान जोशी
अध्यक्ष माननीय न्यायाधीश श्री प्रमोदकुमार श्रेष्ठ वैद्य",False
075-CR-0012,ठहर,"अध्यक्ष माननीय न्यायाधीश श्री बाबुराम रेग्मी
अध्यक्ष माननीय न्यायाधीश श्री चण्डीराज ढकाल
अध्यक्ष माननीय न्यायाधीश श्री रत्नबहादुर बागचन्द",False
075-CR-0013,सफाई,"सदस्य माननीय न्यायाधीश श्री रमेशकुमार पोखरेल
सदस्य माननीय न्यायाधीश श्री शालिग्राम कोइराला
सदस्य माननीय न्यायाधीश श्री बलभद्र बास्तोला",False
075-CR-0014,ठहर,"सदस्य माननीय न्यायाधीश श्री कृष्ण गिरी
सदस्य माननीय न्यायाधीश श्री चन्द्रबहादुर सारु
सदस्य माननीय न्यायाधीश डा. सदस्य माननीय न्यायाधीश श्री रवि शर्मा अर्याल",False
075-CR-0015,ठहर,"सदस्य माननीय न्यायाधीश श्री अब्दुल अजिज मुसलमान
सदस्य माननीय न्यायाधीश श्री नित्यानन्द पाण्डेय",False
075-CR-0016,ठहर,"अध्यक्ष माननीय न्यायाधीश श्री बाबुराम रेग्मी
अध्यक्ष माननीय न्यायाधीश श्री प्रमोदकुमार श्रेष्ठ वैद्य
अध्यक्ष माननीय न्यायाधीश श्री रत्नबहादुर बागचन्द",False
075-CR-0017,आंशिक ठहर,"सदस्य माननीय न्यायाधीश श्री बालेन्द्र रुपाखेती
सदस्य माननीय न्यायाधीश श्री नित्यानन्द पाण्डेय",False
075-CR-0018,ठहर,"अध्यक्ष माननीय न्यायाधीश श्री शिवराज अधिकारी
सदस्य माननीय न्यायाधीश श्री बालेन्द्र रुपाखेती
सदस्य माननीय न्यायाधीश श्री शान्तिसिंह थापा",False
075-CR-0019,ठहर,"अध्यक्ष माननीय न्यायाधीश श्री शिवराज अधिकारी
सदस्य माननीय न्यायाधीश श्री बालेन्द्र रुपाखेती
सदस्य माननीय न्यायाधीश डा. सदस्य माननीय न्यायाधीश श्री रवि शर्मा अर्याल",False
075-CR-0020,ठहर,"अध्यक्ष माननीय न्यायाधीश श्री श्रीकान्त पौडेल
सदस्य माननीय न्यायाधीश श्री रमेशकुमार पोखरेल
सदस्य माननीय न्यायाधीश श्री यमुना भट्टराई",False
075-CR-0021,ठहर,"अध्यक्ष माननीय न्यायाधीश श्री श्रीकान्त पौडेल
सदस्य माननीय न्यायाधीश श्री रमेशकुमार पोखरेल
सदस्य माननीय न्यायाधीश श्री यमुना भट्टराई",False
075-CR-0022,ठहर,"अध्यक्ष माननीय न्यायाधीश श्री द्वारिकामान जोशी
अध्यक्ष माननीय न्यायाधीश श्री प्रमोदकुमार श्रेष्ठ वैद्य
अध्यक्ष माननीय न्यायाधीश श्री रत्नबहादुर बागचन्द",False
075-CR-0023,ठहर,"सदस्य माननीय न्यायाधीश श्री कृष्ण गिरी
सदस्य माननीय न्यायाधीश श्री चन्द्रबहादुर सारु
सदस्य माननीय न्यायाधीश डा. सदस्य माननीय न्यायाधीश श्री रवि शर्मा अर्याल",False
075-CR-0024,ठहर,"सदस्य माननीय न्यायाधीश श्री कृष्ण गिरी
सदस्य माननीय न्यायाधीश श्री चन्द्रबहादुर सारु",False
075-CR-0025,आंशिक ठहर,"सदस्य माननीय न्यायाधीश श्री कृष्ण गिरी
सदस्य माननीय न्यायाधीश श्री चन्द्रबहादुर सारु
सदस्य माननीय न्यायाधीश डा. सदस्य माननीय न्यायाधीश श्री रवि शर्मा अर्याल",False
075-CR-0026,ठहर,"अध्यक्ष माननीय न्यायाधीश श्री बाबुराम रेग्मी
अध्यक्ष माननीय न्यायाधीश श्री चण्डीराज ढकाल
अध्यक्ष माननीय न्यायाधीश श्री रत्नबहादुर बागचन्द",False
075-CR-0027,ठहर,"अध्यक्ष माननीय न्यायाधीश श्री बाबुराम रेग्मी
अध्यक्ष माननीय न्यायाधीश श्री चण्डीराज ढकाल
अध्यक्ष माननीय न्यायाधीश श्री प्रमोदकुमार श्रेष्ठ वैद्य",False
075-CR-0028,ठहर,"अध्यक्ष माननीय न्यायाधीश श्री बाबुराम रेग्मी
अध्यक्ष माननीय न्यायाधीश श्री द्वारिकामान जोशी
अध्यक्ष माननीय न्यायाधीश श्री प्रमोदकुमार श्रेष्ठ वैद्य",False
075-CR-0029,सफाई,"अध्यक्ष माननीय न्यायाधीश श्री प्रेमराज कार्की
सदस्य माननीय न्यायाधीश श्री बालेन्द्र रुपाखेती
सदस्य माननीय न्यायाधीश श्री चन्द्रबहादुर सारु",False
075-CR-0030,ठहर,"अध्यक्ष माननीय न्यायाधीश श्री शिवराज अधिकारी
सदस्य माननीय न्यायाधीश श्री बालेन्द्र रुपाखेती",False
075-CR-0031,ठहर,"अध्यक्ष माननीय न्यायाधीश श्री शिवराज अधिकारी
सदस्य माननीय न्यायाधीश श्री बालेन्द्र रुपाखेती
सदस्य माननीय न्यायाधीश डा. सदस्य माननीय न्यायाधीश श्री रवि शर्मा अर्याल",False
075-CR-0032,ठहर,"सदस्य माननीय न्यायाधीश श्री कृष्ण गिरी
सदस्य माननीय न्यायाधीश श्री बालेन्द्र रुपाखेती
सदस्य माननीय न्यायाधीश डा. सदस्य माननीय न्यायाधीश श्री रवि शर्मा अर्याल",False
075-CR-0033,सफाई,"सदस्य माननीय न्यायाधीश श्री अब्दुल अजिज मुसलमान
सदस्य माननीय न्यायाधीश श्री नित्यानन्द पाण्डेय",False
075-CR-0034,ठहर,"अध्यक्ष माननीय न्यायाधीश श्री द्वारिकामान जोशी
अध्यक्ष माननीय न्यायाधीश श्री प्रमोदकुमार श्रेष्ठ वैद्य
अध्यक्ष माननीय न्यायाधीश श्री नारायणप्रसाद पोखरेल",False
075-CR-0035,ठहर,"सदस्य माननीय न्यायाधीश श्री कृष्ण गिरी
सदस्य माननीय न्यायाधीश श्री शान्तिसिंह थापा
सदस्य माननीय न्यायाधीश श्री चन्द्रबहादुर सारु",False
075-CR-0036,आंशिक ठहर,"सदस्य माननीय न्यायाधीश डा. श्री खुशी प्रसाद थारु
सदस्य माननीय न्यायाधीश श्री शालिग्राम कोइराला
सदस्य माननीय न्यायाधीश श्री बलभद्र बास्तोला",False
075-CR-0037,ठहर,"अध्यक्ष माननीय न्यायाधीश श्री शिवराज अधिकारी
सदस्य माननीय न्यायाधीश श्री बालेन्द्र रुपाखेती
सदस्य माननीय न्यायाधीश डा. सदस्य माननीय न्यायाधीश श्री रवि शर्मा अर्याल",False
075-CR-0038,ठहर,"अध्यक्ष माननीय न्यायाधीश श्री शिवराज अधिकारी
सदस्य माननीय न्यायाधीश श्री बालेन्द्र रुपाखेती",False
075-CR-0039,ठहर,"सदस्य माननीय न्यायाधीश श्री कृष्ण गिरी
सदस्य माननीय न्यायाधीश श्री बालेन्द्र रुपाखेती",False
075-CR-0040,सफाई,"अध्यक्ष माननीय न्यायाधीश श्री बाबुराम रेग्मी
अध्यक्ष माननीय न्यायाधीश श्री द्वारिकामान जोशी
अध्यक्ष माननीय न्यायाधीश श्री प्रमोदकुमार श्रेष्ठ वैद्य",False
075-CR-0041,ठहर,"अध्यक्ष माननीय न्यायाधीश श्री प्रेमराज कार्की
सदस्य माननीय न्यायाधीश श्री नित्यानन्द पाण्डेय
सदस्य माननीय न्यायाधीश श्री चन्द्रबहादुर सारु",False
075-CR-0042,ठहर,"अध्यक्ष माननीय न्यायाधीश श्री बाबुराम रेग्मी
अध्यक्ष माननीय न्यायाधीश श्री चण्डीराज ढकाल",False
075-CR-0043,ठहर,"अध्यक्ष माननीय न्यायाधीश श्री बाबुराम रेग्मी
अध्यक्ष माननीय न्यायाधीश श्री चण्डीराज ढकाल",False
075-CR-0044,ठहर,"सदस्य माननीय न्यायाधीश श्री कृष्ण गिरी
सदस्य माननीय न्यायाधीश श्री शान्तिसिंह थापा
सदस्य माननीय न्यायाधीश श्री चन्द्रबहादुर सारु",False
075-CR-0045,ठहर,"अध्यक्ष माननीय न्यायाधीश श्री बाबुराम रेग्मी
अध्यक्ष माननीय न्यायाधीश श्री चण्डीराज ढकाल
अध्यक्ष माननीय न्यायाधीश श्री नारायणप्रसाद पोखरेल",False
075-CR-0046,सफाई,"सदस्य माननीय न्यायाधीश श्री अब्दुल अजिज मुसलमान
सदस्य माननीय न्यायाधीश श्री नित्यानन्द पाण्डेय
सदस्य माननीय न्यायाधीश श्री चन्द्रबहादुर सारु",False
075-CR-0047,ठहर,"अध्यक्ष माननीय न्यायाधीश श्री द्वारिकामान जोशी
अध्यक्ष माननीय न्यायाधीश श्री चण्डीराज ढकाल
अध्यक्ष माननीय न्यायाधीश श्री नारायणप्रसाद पोखरेल",False
075-CR-0048,सफाई,"सदस्य माननीय न्यायाधीश श्री बालेन्द्र रुपाखेती
सदस्य माननीय न्यायाधीश डा. सदस्य माननीय न्यायाधीश श्री रवि शर्मा अर्याल",False
075-CR-0049,ठहर,"सदस्य माननीय न्यायाधीश श्री कृष्ण गिरी
सदस्य माननीय न्यायाधीश श्री चन्द्रबहादुर सारु",False
075-CR-0050,आंशिक ठहर,"सदस्य माननीय न्यायाधीश श्री कृष्ण गिरी
सदस्य माननीय न्यायाधीश श्री बालेन्द्र रुपाखेती
सदस्य माननीय न्यायाधीश डा. सदस्य माननीय न्यायाधीश श्री रवि शर्मा अर्याल",False
075-CR-0051,आंशिक ठहर,"अध्यक्ष माननीय न्यायाधीश श्री बाबुराम रेग्मी
अध्यक्ष माननीय न्यायाधीश श्री द्वारिकामान जोशी
अध्यक्ष माननीय न्यायाधीश श्री प्रमोदकुमार श्रेष्ठ वैद्य",False
075-CR-0052,ठहर,"सदस्य माननीय न्यायाधीश श्री शान्तिसिंह थापा
सदस्य माननीय न्यायाधीश श्री चन्द्रबहादुर सारु",False
075-CR-0053,ठहर,"अध्यक्ष माननीय न्यायाधीश श्री द्वारिकामान जोशी
अध्यक्ष माननीय न्यायाधीश श्री चण्डीराज ढकाल
अध्यक्ष माननीय न्यायाधीश श्री नारायणप्रसाद पोखरेल",False
075-CR-0054,ठहर,"अध्यक्ष माननीय न्यायाधीश श्री श्रीकान्त पौडेल
सदस्य माननीय न्यायाधीश श्री शालिग्राम कोइराला",False
075-CR-0055,ठहर,"अध्यक्ष माननीय न्यायाधीश श्री बाबुराम रेग्मी
अध्यक्ष माननीय न्यायाधीश श्री द्वारिकामान जोशी
अध्यक्ष माननीय न्यायाधीश श्री प्रमोदकुमार श्रेष्ठ वैद्य",False
075-CR-0056,ठहर,"अध्यक्ष माननीय न्यायाधीश श्री बाबुराम रेग्मी
अध्यक्ष माननीय न्यायाधीश श्री द्वारिकामान जोशी
अध्यक्ष माननीय न्यायाधीश श्री प्रमोदकुमार श्रेष्ठ वैद्य",False
075-CR-0057,ठहर,"सदस्य माननीय न्यायाधीश श्री कृष्ण गिरी
सदस्य माननीय न्यायाधीश श्री शान्तिसिंह थापा
सदस्य माननीय न्यायाधीश श्री चन्द्रबहादुर सारु",False
075-CR-0058,सफाई,"अध्यक्ष माननीय न्यायाधीश श्री श्रीकान्त पौडेल
सदस्य माननीय न्यायाधीश डा. श्री खुशी प्रसाद थारु
सदस्य माननीय न्यायाधीश श्री बलभद्र बास्तोला",False
075-CR-0059,ठहर,"अध्यक्ष माननीय न्यायाधीश श्री बाबुराम रेग्मी
अध्यक्ष माननीय न्यायाधीश श्री द्वारिकामान जोशी
अध्यक्ष माननीय न्यायाधीश श्री प्रमोदकुमार श्रेष्ठ वैद्य",False
075-CR-0060,ठहर,"सदस्य माननीय न्यायाधीश श्री कृष्ण गिरी
सदस्य माननीय न्यायाधीश श्री बालेन्द्र रुपाखेती",False
075-CR-0061,ठहर,"अध्यक्ष माननीय न्यायाधीश श्री बाबुराम रेग्मी
अध्यक्ष माननीय न्यायाधीश श्री प्रमोदकुमार श्रेष्ठ वैद्य
अध्यक्ष माननीय न्यायाधीश श्री नारायणप्रसाद पोखरेल",False
075-CR-0062,ठहर,"सदस्य माननीय न्यायाधीश श्री कृष्ण गिरी
सदस्य माननीय न्यायाधीश श्री शान्तिसिंह थापा
सदस्य माननीय न्यायाधीश श्री चन्द्रबहादुर सारु",False
075-CR-0063,ठहर,"अध्यक्ष माननीय न्यायाधीश श्री बाबुराम रेग्मी
अध्यक्ष माननीय न्यायाधीश श्री चण्डीराज ढकाल",False
075-CR-0064,ठहर,"अध्यक्ष माननीय न्यायाधीश श्री द्वारिकामान जोशी
अध्यक्ष माननीय न्यायाधीश श्री चण्डीराज ढकाल
अध्यक्ष माननीय न्यायाधीश श्री रत्नबहादुर बागचन्द",False
075-CR-0065,सफाई,"अध्यक्ष माननीय न्यायाधीश श्री शिवराज अधिकारी
सदस्य माननीय न्यायाधीश श्री बालेन्द्र रुपाखेती",False
075-CR-0066,ठहर,"अध्यक्ष माननीय न्यायाधीश श्री बाबुराम रेग्मी
अध्यक्ष माननीय न्यायाधीश श्री चण्डीराज ढकाल
अध्यक्ष माननीय न्यायाधीश श्री रत्नबहादुर बागचन्द",False
075-CR-0067,ठहर,"अध्यक्ष माननीय न्यायाधीश श्री शिवराज अधिकारी
सदस्य माननीय न्यायाधीश श्री शान्तिसिंह थापा
सदस्य माननीय न्यायाधीश श्री चन्द्रबहादुर सारु",False
075-CR-0068,ठहर,"अध्यक्ष माननीय न्यायाधीश श्री बाबुराम रेग्मी
अध्यक्ष माननीय न्यायाधीश श्री चण्डीराज ढकाल
अध्यक्ष माननीय न्यायाधीश श्री रत्नबहादुर बागचन्द",False
075-CR-0069,ठहर,"सदस्य माननीय न्यायाधीश श्री कृष्ण गिरी
सदस्य माननीय न्यायाधीश श्री शान्तिसिंह थापा
सदस्य माननीय न्यायाधीश श्री चन्द्रबहादुर सारु",False
075-CR-0070,ठहर,"सदस्य माननीय न्यायाधीश श्री बालेन्द्र रुपाखेती
सदस्य माननीय न्यायाधीश श्री नित्यानन्द पाण्डेय
सदस्य माननीय न्यायाधीश श्री शान्तिसिंह थापा",False
075-CR-0071,सफाई,"अध्यक्ष माननीय न्यायाधीश श्री शिवराज अधिकारी
सदस्य माननीय न्यायाधीश श्री बालेन्द्र रुपाखेती
सदस्य माननीय न्यायाधीश डा. सदस्य माननीय न्यायाधीश श्री रवि शर्मा अर्याल",False
075-CR-0072,सफाई,"अध्यक्ष माननीय न्यायाधीश श्री शिवराज अधिकारी
सदस्य माननीय न्यायाधीश श्री बालेन्द्र रुपाखेती
सदस्य माननीय न्यायाधीश डा. सदस्य माननीय न्यायाधीश श्री रवि शर्मा अर्याल",False
075-CR-0073,आंशिक ठहर,"अध्यक्ष माननीय न्यायाधीश श्री श्रीकान्त पौडेल
सदस्य माननीय न्यायाधीश श्री यमुना भट्टराई
सदस्य माननीय न्यायाधीश श्री शालिग्राम कोइराला",False
075-CR-0074,ठहर,"सदस्य माननीय न्यायाधीश श्री कृष्ण गिरी
सदस्य माननीय न्यायाधीश श्री शान्तिसिंह थापा
सदस्य माननीय न्यायाधीश श्री चन्द्रबहादुर सारु",False
075-CR-0075,सफाई,"अध्यक्ष माननीय न्यायाधीश श्री शिवराज अधिकारी
सदस्य माननीय न्यायाधीश श्री बालेन्द्र रुपाखेती
सदस्य माननीय न्यायाधीश डा. सदस्य माननीय न्यायाधीश श्री रवि शर्मा अर्याल",False
075-CR-0076,ठहर,"अध्यक्ष माननीय न्यायाधीश श्री द्वारिकामान जोशी
अध्यक्ष माननीय न्यायाधीश श्री नारायणप्रसाद पोखरेल",False
075-CR-0077,ठहर,"अध्यक्ष माननीय न्यायाधीश श्री द्वारिकामान जोशी
अध्यक्ष माननीय न्यायाधीश श्री चण्डीराज ढकाल
अध्यक्ष माननीय न्यायाधीश श्री रत्नबहादुर बागचन्द",False
075-CR-0078,सफाई,"अध्यक्ष माननीय न्यायाधीश श्री शिवराज अधिकारी
सदस्य माननीय न्यायाधीश श्री बालेन्द्र रुपाखेती
सदस्य माननीय न्यायाधीश डा. सदस्य माननीय न्यायाधीश श्री रवि शर्मा अर्याल",False
075-CR-0079,ठहर,"अध्यक्ष माननीय न्यायाधीश श्री शिवराज अधिकारी
सदस्य माननीय न्यायाधीश श्री शान्तिसिंह थापा
सदस्य माननीय न्यायाधीश श्री चन्द्रबहादुर सारु",False
075-CR-0080,ठहर,"सदस्य माननीय न्यायाधीश श्री कृष्ण गिरी
सदस्य माननीय न्यायाधीश श्री शान्तिसिंह थापा
सदस्य माननीय न्यायाधीश श्री चन्द्रबहादुर सारु",False
075-CR-0081,आंशिक ठहर,"अध्यक्ष माननीय न्यायाधीश श्री श्रीकान्त पौडेल
सदस्य माननीय न्यायाधीश श्री बलभद्र बास्तोला",False
075-CR-0082,आंशिक ठहर,"सदस्य माननीय न्यायाधीश श्री कृष्ण गिरी
सदस्य माननीय न्यायाधीश श्री शान्तिसिंह थापा
सदस्य माननीय न्यायाधीश श्री चन्द्रबहादुर सारु",False
075-CR-0083,ठहर,"सदस्य माननीय न्यायाधीश श्री कृष्ण गिरी
सदस्य माननीय न्यायाधीश श्री चन्द्रबहादुर सारु
सदस्य माननीय न्यायाधीश डा. सदस्य माननीय न्यायाधीश श्री रवि शर्मा अर्याल",False
075-CR-0084,सफाई,"अध्यक्ष माननीय न्यायाधीश श्री शिवराज अधिकारी
सदस्य माननीय न्यायाधीश श्री बालेन्द्र रुपाखेती
सदस्य माननीय न्यायाधीश डा. सदस्य माननीय न्यायाधीश श्री रवि शर्मा अर्याल",False
075-CR-0085,आंशिक ठहर,"सदस्य माननीय न्यायाधीश श्री बालेन्द्र रुपाखेती
सदस्य माननीय न्यायाधीश श्री शान्तिसिंह थापा
सदस्य माननीय न्यायाधीश श्री चन्द्रबहादुर सारु",False
075-CR-0086,ठहर,"अध्यक्ष माननीय न्यायाधीश श्री बाबुराम रेग्मी
अध्यक्ष माननीय न्यायाधीश श्री द्वारिकामान जोशी
अध्यक्ष माननीय न्यायाधीश श्री प्रमोदकुमार श्रेष्ठ वैद्य",False
075-CR-0087,आंशिक ठहर,"अध्यक्ष माननीय न्यायाधीश श्री शिवराज अधिकारी
सदस्य माननीय न्यायाधीश श्री बालेन्द्र रुपाखेती
सदस्य माननीय न्यायाधीश डा. सदस्य माननीय न्यायाधीश श्री रवि शर्मा अर्याल",False
075-CR-0088,ठहर,"अध्यक्ष माननीय न्यायाधीश श्री टेक नारायण कुँवर
सदस्य माननीय न्यायाधीश श्री मुरारीबाबु श्रेष्ठ
सदस्य माननीय न्यायाधीश श्री रितेन्द्र थापा",False
075-CR-0089,सफाई,"सदस्य माननीय न्यायाधीश श्री कृष्ण गिरी
सदस्य माननीय न्यायाधीश श्री शान्तिसिंह थापा
सदस्य माननीय न्यायाधीश श्री चन्द्रबहादुर सारु",False
075-CR-0090,ठहर,"अध्यक्ष माननीय न्यायाधीश श्री द्वारिकामान जोशी
अध्यक्ष माननीय न्यायाधीश श्री चण्डीराज ढकाल
अध्यक्ष माननीय न्यायाधीश श्री रत्नबहादुर बागचन्द",False
075-CR-0091,आंशिक ठहर,"अध्यक्ष माननीय न्यायाधीश श्री श्रीकान्त पौडेल
सदस्य माननीय न्यायाधीश डा. श्री खुशी प्रसाद थारु",False
075-CR-0092,ठहर,"सदस्य माननीय न्यायाधीश श्री कृष्ण गिरी
सदस्य माननीय न्यायाधीश श्री चन्द्रबहादुर सारु",False
075-CR-0093,ठहर,"अध्यक्ष माननीय न्यायाधीश श्री बाबुराम रेग्मी
अध्यक्ष माननीय न्यायाधीश श्री द्वारिकामान जोशी
अध्यक्ष माननीय न्यायाधीश श्री प्रमोदकुमार श्रेष्ठ वैद्य",False
075-CR-0094,ठहर,"अध्यक्ष माननीय न्यायाधीश श्री प्रेमराज कार्की
सदस्य माननीय न्यायाधीश श्री नित्यानन्द पाण्डेय
सदस्य माननीय न्यायाधीश श्री शान्तिसिंह थापा",False
075-CR-0095,आंशिक ठहर,"अध्यक्ष माननीय न्यायाधीश श्री बाबुराम रेग्मी
अध्यक्ष माननीय न्यायाधीश श्री प्रमोदकुमार श्रेष्ठ वैद्य",False
075-CR-0096,ठहर,"अध्यक्ष माननीय न्यायाधीश श्री बाबुराम रेग्मी
अध्यक्ष माननीय न्यायाधीश श्री द्वारिकामान जोशी
अध्यक्ष माननीय न्यायाधीश श्री रत्नबहादुर बागचन्द",False
075-CR-0097,आंशिक ठहर,"अध्यक्ष माननीय न्यायाधीश श्री श्रीकान्त पौडेल
सदस्य माननीय न्यायाधीश श्री यमुना भट्टराई",False
075-CR-0098,ठहर,"सदस्य माननीय न्यायाधीश श्री कृष्ण गिरी
सदस्य माननीय न्यायाधीश श्री चन्द्रबहादुर सारु",False
075-CR-0099,ठहर,"अध्यक्ष माननीय न्यायाधीश श्री श्रीकान्त पौडेल
सदस्य माननीय न्यायाधीश श्री शालिग्राम कोइराला
सदस्य माननीय न्यायाधीश श्री बलभद्र बास्तोला",False
075-CR-0100,ठहर,"सदस्य माननीय न्यायाधीश श्री कृष्ण गिरी
सदस्य माननीय न्यायाधीश श्री चन्द्रबहादुर सारु",False
075-CR-0101,ठहर,"सदस्य माननीय न्यायाधीश श्री कृष्ण गिरी
सदस्य माननीय न्यायाधीश श्री शान्तिसिंह थापा
सदस्य माननीय न्यायाधीश श्री चन्द्रबहादुर सारु",False
075-CR-0102,ठहर,"सदस्य माननीय न्यायाधीश श्री कृष्ण गिरी
सदस्य माननीय न्यायाधीश श्री शान्तिसिंह थापा
सदस्य माननीय न्यायाधीश श्री चन्द्रबहादुर सारु",False
075-CR-0103,ठहर,"अध्यक्ष माननीय न्यायाधीश श्री बाबुराम रेग्मी
अध्यक्ष माननीय न्यायाधीश श्री प्रमोदकुमार श्रेष्ठ वैद्य
अध्यक्ष माननीय न्यायाधीश श्री नारायणप्रसाद पोखरेल",False
075-CR-0104,ठहर,"अध्यक्ष माननीय न्यायाधीश श्री बाबुराम रेग्मी
अध्यक्ष माननीय न्यायाधीश श्री द्वारिकामान जोशी
अध्यक्ष माननीय न्यायाधीश श्री प्रमोदकुमार श्रेष्ठ वैद्य",False
075-CR-0105,सफाई,"अध्यक्ष माननीय न्यायाधीश श्री श्रीकान्त पौडेल
सदस्य माननीय न्यायाधीश श्री यमुना भट्टराई",False
075-CR-0106,सफाई,"सदस्य माननीय न्यायाधीश श्री अब्दुल अजिज मुसलमान
सदस्य माननीय न्यायाधीश श्री नित्यानन्द पाण्डेय
सदस्य माननीय न्यायाधीश श्री शान्तिसिंह थापा",False
075-CR-0107,सफाई,"सदस्य माननीय न्यायाधीश डा. श्री खुशी प्रसाद थारु
सदस्य माननीय न्यायाधीश श्री रमेशकुमार पोखरेल
सदस्य माननीय न्यायाधीश श्री बलभद्र बास्तोला",False
075-CR-0108,सफाई,"अध्यक्ष माननीय न्यायाधीश श्री शिवराज अधिकारी
सदस्य माननीय न्यायाधीश श्री बालेन्द्र रुपाखेती
सदस्य माननीय न्यायाधीश डा. सदस्य माननीय न्यायाधीश श्री रवि शर्मा अर्याल",False
075-CR-0109,सफाई,"सदस्य माननीय न्यायाधीश श्री कृष्ण गिरी
सदस्य माननीय न्यायाधीश श्री शान्तिसिंह थापा
सदस्य माननीय न्यायाधीश श्री चन्द्रबहादुर सारु",False
075-CR-0110,आंशिक ठहर,"सदस्य माननीय न्यायाधीश डा. श्री खुशी प्रसाद थारु
सदस्य माननीय न्यायाधीश श्री बलभद्र बास्तोला",False
075-CR-0111,ठहर,"सदस्य माननीय न्यायाधीश श्री कृष्ण गिरी
सदस्य माननीय न्यायाधीश श्री शान्तिसिंह थापा
सदस्य माननीय न्यायाधीश श्री चन्द्रबहादुर सारु",False
075-CR-0112,ठहर,"अध्यक्ष माननीय न्यायाधीश श्री शिवराज अधिकारी
सदस्य माननीय न्यायाधीश श्री बालेन्द्र रुपाखेती
सदस्य माननीय न्यायाधीश डा. सदस्य माननीय न्यायाधीश श्री रवि शर्मा अर्याल",False
075-CR-0113,ठहर,"अध्यक्ष माननीय न्यायाधीश श्री बाबुराम रेग्मी
अध्यक्ष माननीय न्यायाधीश श्री द्वारिकामान जोशी
अध्यक्ष माननीय न्यायाधीश श्री प्रमोदकुमार श्रेष्ठ वैद्य",False
075-CR-0114,सफाई,"सदस्य माननीय न्यायाधीश श्री रमेशकुमार पोखरेल
सदस्य माननीय न्यायाधीश श्री यमुना भट्टराई
सदस्य माननीय न्यायाधीश श्री बलभद्र बास्तोला",False
075-CR-0115,सफाई,"सदस्य माननीय न्यायाधीश डा. श्री खुशी प्रसाद थारु
सदस्य माननीय न्यायाधीश श्री बलभद्र बास्तोला",False
075-CR-0116,ठहर,"अध्यक्ष माननीय न्यायाधीश श्री श्रीकान्त पौडेल
सदस्य माननीय न्यायाधीश श्री यमुना भट्टराई
सदस्य माननीय न्यायाधीश श्री शालिग्राम कोइराला",False
075-CR-0117,सफाई,"अध्यक्ष माननीय न्यायाधीश श्री श्रीकान्त पौडेल
सदस्य माननीय न्यायाधीश डा. श्री खुशी प्रसाद थारु
सदस्य माननीय न्यायाधीश श्री शालिग्राम कोइराला",False
075-CR-0118,सफाई,"सदस्य माननीय न्यायाधीश श्री अब्दुल अजिज मुसलमान
सदस्य माननीय न्यायाधीश श्री शान्तिसिंह थापा
सदस्य माननीय न्यायाधीश श्री चन्द्रबहादुर सारु",False
075-CR-0119,सफाई,"सदस्य माननीय न्यायाधीश श्री बालेन्द्र रुपाखेती
सदस्य माननीय न्यायाधीश श्री चन्द्रबहादुर सारु",False
075-CR-0120,ठहर,"अध्यक्ष माननीय न्यायाधीश श्री शिवराज अधिकारी
सदस्य माननीय न्यायाधीश श्री बालेन्द्र रुपाखेती",False
075-CR-0121,ठहर,"अध्यक्ष माननीय न्यायाधीश श्री चण्डीराज ढकाल
अध्यक्ष माननीय न्यायाधीश श्री प्रमोदकुमार श्रेष्ठ वैद्य
अध्यक्ष माननीय न्यायाधीश श्री नारायणप्रसाद पोखरेल",False
075-CR-0122,सफाई,"अध्यक्ष माननीय न्यायाधीश श्री प्रेमराज कार्की
सदस्य माननीय न्यायाधीश श्री अब्दुल अजिज मुसलमान",False
075-CR-0123,सफाई,"अध्यक्ष माननीय न्यायाधीश श्री श्रीकान्त पौडेल
सदस्य माननीय न्यायाधीश श्री रमेशकुमार पोखरेल
सदस्य माननीय न्यायाधीश श्री यमुना भट्टराई",False
075-CR-0124,ठहर,"अध्यक्ष माननीय न्यायाधीश श्री बाबुराम रेग्मी
अध्यक्ष माननीय न्यायाधीश श्री द्वारिकामान जोशी
अध्यक्ष माननीय न्यायाधीश श्री प्रमोदकुमार श्रेष्ठ वैद्य",False
075-CR-0125,ठहर,"अध्यक्ष माननीय न्यायाधीश श्री शिवराज अधिकारी
सदस्य माननीय न्यायाधीश श्री चन्द्रबहादुर सारु",False
075-CR-0126,सफाई,"अध्यक्ष माननीय न्यायाधीश श्री शिवराज अधिकारी
सदस्य माननीय न्यायाधीश श्री बालेन्द्र रुपाखेती
सदस्य माननीय न्यायाधीश डा. सदस्य माननीय न्यायाधीश श्री रवि शर्मा अर्याल",False
075-CR-0127,ठहर,"सदस्य माननीय न्यायाधीश श्री कृष्ण गिरी
सदस्य माननीय न्यायाधीश श्री शान्तिसिंह थापा
सदस्य माननीय न्यायाधीश श्री चन्द्रबहादुर सारु",False
075-CR-0128,ठहर,"अध्यक्ष माननीय न्यायाधीश श्री बाबुराम रेग्मी
अध्यक्ष माननीय न्यायाधीश श्री द्वारिकामान जोशी
अध्यक्ष माननीय न्यायाधीश श्री प्रमोदकुमार श्रेष्ठ वैद्य",False
075-CR-0129,सफाई,"सदस्य माननीय न्यायाधीश श्री अब्दुल अजिज मुसलमान
सदस्य माननीय न्यायाधीश श्री नित्यानन्द पाण्डेय",False
075-CR-0130,सफाई,"अध्यक्ष माननीय न्यायाधीश श्री प्रेमराज कार्की
सदस्य माननीय न्यायाधीश श्री नित्यानन्द पाण्डेय
सदस्य माननीय न्यायाधीश श्री चन्द्रबहादुर सारु",False
075-CR-0131,सफाई,"अध्यक्ष माननीय न्यायाधीश श्री श्रीकान्त पौडेल
सदस्य माननीय न्यायाधीश श्री बलभद्र बास्तोला",False
075-CR-0132,ठहर,सदस्य माननीय न्यायाधीश श्री अब्दुल अजिज मुसलमान सदस्य माननीय न्यायाधीश श्री नित्यानन्द पाण्डेय,True
075-CR-0133,ठहर,"सदस्य माननीय न्यायाधीश श्री बालेन्द्र रुपाखेती
सदस्य माननीय न्यायाधीश श्री शान्तिसिंह थापा",False
075-CR-0134,सफाई,"अध्यक्ष माननीय न्यायाधीश श्री शिवराज अधिकारी
सदस्य माननीय न्यायाधीश श्री बालेन्द्र रुपाखेती
सदस्य माननीय न्यायाधीश श्री शान्तिसिंह थापा",False
075-CR-0135,आंशिक ठहर,"सदस्य माननीय न्यायाधीश डा. श्री खुशी प्रसाद थारु
सदस्य माननीय न्यायाधीश श्री बलभद्र बास्तोला",False
075-CR-0136,सफाई,"अध्यक्ष माननीय न्यायाधीश श्री प्रेमराज कार्की
सदस्य माननीय न्यायाधीश श्री नित्यानन्द पाण्डेय
सदस्य माननीय न्यायाधीश श्री चन्द्रबहादुर सारु",False
075-CR-0137,आंशिक ठहर,"अध्यक्ष माननीय न्यायाधीश श्री श्रीकान्त पौडेल
सदस्य माननीय न्यायाधीश श्री यमुना भट्टराई
सदस्य माननीय न्यायाधीश श्री बलभद्र बास्तोला",False
075-CR-0138,ठहर,"सदस्य माननीय न्यायाधीश श्री अब्दुल अजिज मुसलमान
सदस्य माननीय न्यायाधीश श्री नित्यानन्द पाण्डेय",False
075-CR-0139,सफाई,"अध्यक्ष माननीय न्यायाधीश श्री श्रीकान्त पौडेल
सदस्य माननीय न्यायाधीश श्री बलभद्र बास्तोला",False
075-CR-0140,ठहर,सदस्य माननीय न्यायाधीश श्री अब्दुल अजिज मुसलमान सदस्य माननीय न्यायाधीश श्री नित्यानन्द पाण्डेय,True
075-CR-0141,ठहर,"अध्यक्ष माननीय न्यायाधीश श्री शिवराज अधिकारी
सदस्य माननीय न्यायाधीश श्री बालेन्द्र रुपाखेती",False
075-CR-0142,सफाई,"अध्यक्ष माननीय न्यायाधीश श्री श्रीकान्त पौडेल
सदस्य माननीय न्यायाधीश श्री बलभद्र बास्तोला",False
075-CR-0143,ठहर,"अध्यक्ष माननीय न्यायाधीश श्री शिवराज अधिकारी
सदस्य माननीय न्यायाधीश श्री बालेन्द्र रुपाखेती
सदस्य माननीय न्यायाधीश श्री शान्तिसिंह थापा",False
075-CR-0144,आंशिक ठहर,"अध्यक्ष माननीय न्यायाधीश श्री श्रीकान्त पौडेल
सदस्य माननीय न्यायाधीश डा. श्री खुशी प्रसाद थारु
सदस्य माननीय न्यायाधीश श्री शालिग्राम कोइराला",False
075-CR-0145,सफाई,"अध्यक्ष माननीय न्यायाधीश श्री श्रीकान्त पौडेल
सदस्य माननीय न्यायाधीश श्री यमुना भट्टराई
सदस्य माननीय न्यायाधीश श्री शालिग्राम कोइराला",False
075-CR-0146,सफाई,"सदस्य माननीय न्यायाधीश श्री कृष्ण गिरी
सदस्य माननीय न्यायाधीश श्री शान्तिसिंह थापा
सदस्य माननीय न्यायाधीश श्री चन्द्रबहादुर सारु",False
075-CR-0147,ठहर,"अध्यक्ष माननीय न्यायाधीश श्री शिवराज अधिकारी
सदस्य माननीय न्यायाधीश श्री चन्द्रबहादुर सारु",False
075-CR-0148,ठहर,"सदस्य माननीय न्यायाधीश श्री बालेन्द्र रुपाखेती
सदस्य माननीय न्यायाधीश श्री नित्यानन्द पाण्डेय
सदस्य माननीय न्यायाधीश श्री शान्तिसिंह थापा",False
075-CR-0149,ठहर,"सदस्य माननीय न्यायाधीश श्री कृष्ण गिरी
सदस्य माननीय न्यायाधीश श्री चन्द्रबहादुर सारु
सदस्य माननीय न्यायाधीश डा. सदस्य माननीय न्यायाधीश श्री रवि शर्मा अर्याल",False
075-CR-0150,ठहर,"अध्यक्ष माननीय न्यायाधीश श्री शिवराज अधिकारी
सदस्य माननीय न्यायाधीश श्री बालेन्द्र रुपाखेती
सदस्य माननीय न्यायाधीश डा. सदस्य माननीय न्यायाधीश श्री रवि शर्मा अर्याल",False
075-CR-0151,ठहर,"अध्यक्ष माननीय न्यायाधीश श्री शिवराज अधिकारी
सदस्य माननीय न्यायाधीश श्री बालेन्द्र रुपाखेती
सदस्य माननीय न्यायाधीश डा. सदस्य माननीय न्यायाधीश श्री रवि शर्मा अर्याल",False
075-CR-0152,ठहर,"अध्यक्ष माननीय न्यायाधीश श्री बाबुराम रेग्मी
अध्यक्ष माननीय न्यायाधीश श्री प्रमोदकुमार श्रेष्ठ वैद्य
अध्यक्ष माननीय न्यायाधीश श्री रत्नबहादुर बागचन्द",False
075-CR-0153,आंशिक ठहर,"सदस्य माननीय न्यायाधीश श्री कृष्ण गिरी
सदस्य माननीय न्यायाधीश श्री चन्द्रबहादुर सारु
सदस्य माननीय न्यायाधीश डा. सदस्य माननीय न्यायाधीश श्री रवि शर्मा अर्याल",False
075-CR-0154,ठहर,"अध्यक्ष माननीय न्यायाधीश श्री शिवराज अधिकारी
सदस्य माननीय न्यायाधीश श्री बालेन्द्र रुपाखेती
सदस्य माननीय न्यायाधीश डा. सदस्य माननीय न्यायाधीश श्री रवि शर्मा अर्याल",False
075-CR-0155,सफाई,"अध्यक्ष माननीय न्यायाधीश श्री श्रीकान्त पौडेल
सदस्य माननीय न्यायाधीश श्री यमुना भट्टराई
सदस्य माननीय न्यायाधीश श्री शालिग्राम कोइराला",False
075-CR-0156,ठहर,"सदस्य माननीय न्यायाधीश श्री बालेन्द्र रुपाखेती
सदस्य माननीय न्यायाधीश श्री नित्यानन्द पाण्डेय",False
075-CR-0157,ठहर,"सदस्य माननीय न्यायाधीश श्री अब्दुल अजिज मुसलमान
सदस्य माननीय न्यायाधीश श्री बालेन्द्र रुपाखेती
सदस्य माननीय न्यायाधीश श्री नित्यानन्द पाण्डेय",False
075-CR-0158,आंशिक ठहर,"अध्यक्ष माननीय न्यायाधीश श्री श्रीकान्त पौडेल
सदस्य माननीय न्यायाधीश श्री यमुना भट्टराई
सदस्य माननीय न्यायाधीश श्री शालिग्राम कोइराला",False
075-CR-0159,ठहर,"अध्यक्ष माननीय न्यायाधीश श्री बाबुराम रेग्मी
अध्यक्ष माननीय न्यायाधीश श्री द्वारिकामान जोशी
अध्यक्ष माननीय न्यायाधीश श्री प्रमोदकुमार श्रेष्ठ वैद्य",False
075-CR-0160,ठहर,"अध्यक्ष माननीय न्यायाधीश श्री बाबुराम रेग्मी
अध्यक्ष माननीय न्यायाधीश श्री द्वारिकामान जोशी
अध्यक्ष माननीय न्यायाधीश श्री प्रमोदकुमार श्रेष्ठ वैद्य",False
075-CR-0161,ठहर,"अध्यक्ष माननीय न्यायाधीश श्री शिवराज अधिकारी
सदस्य माननीय न्यायाधीश श्री बालेन्द्र रुपाखेती
सदस्य माननीय न्यायाधीश डा. सदस्य माननीय न्यायाधीश श्री रवि शर्मा अर्याल",False
075-CR-0162,ठहर,"अध्यक्ष माननीय न्यायाधीश श्री श्रीकान्त पौडेल
सदस्य माननीय न्यायाधीश श्री यमुना भट्टराई
सदस्य माननीय न्यायाधीश श्री शालिग्राम कोइराला",False
075-CR-0163,ठहर,"अध्यक्ष माननीय न्यायाधीश श्री श्रीकान्त पौडेल
सदस्य माननीय न्यायाधीश डा. श्री खुशी प्रसाद थारु
सदस्य माननीय न्यायाधीश श्री यमुना भट्टराई",False
075-CR-0164,आंशिक ठहर,"सदस्य माननीय न्यायाधीश श्री बालेन्द्र रुपाखेती
सदस्य माननीय न्यायाधीश श्री शान्तिसिंह थापा
सदस्य माननीय न्यायाधीश श्री चन्द्रबहादुर सारु",False
075-CR-0165,ठहर,"सदस्य माननीय न्यायाधीश श्री यमुना भट्टराई
सदस्य माननीय न्यायाधीश श्री बलभद्र बास्तोला",False
075-CR-0166,आंशिक ठहर,"अध्यक्ष माननीय न्यायाधीश श्री शिवराज अधिकारी
सदस्य माननीय न्यायाधीश श्री बालेन्द्र रुपाखेती
सदस्य माननीय न्यायाधीश डा. सदस्य माननीय न्यायाधीश श्री रवि शर्मा अर्याल",False
075-CR-0167,सफाई,"सदस्य माननीय न्यायाधीश श्री कृष्ण गिरी
सदस्य माननीय न्यायाधीश श्री शान्तिसिंह थापा
सदस्य माननीय न्यायाधीश श्री चन्द्रबहादुर सारु",False
075-CR-0168,ठहर,"अध्यक्ष माननीय न्यायाधीश श्री श्रीकान्त पौडेल
सदस्य माननीय न्यायाधीश श्री शालिग्राम कोइराला
सदस्य माननीय न्यायाधीश श्री बलभद्र बास्तोला",False
075-CR-0169,ठहर,"अध्यक्ष माननीय न्यायाधीश श्री शिवराज अधिकारी
सदस्य माननीय न्यायाधीश श्री बालेन्द्र रुपाखेती
सदस्य माननीय न्यायाधीश डा. सदस्य माननीय न्यायाधीश श्री रवि शर्मा अर्याल",False
075-CR-0170,ठहर,"अध्यक्ष माननीय न्यायाधीश श्री बाबुराम रेग्मी
अध्यक्ष माननीय न्यायाधीश श्री द्वारिकामान जोशी
अध्यक्ष माननीय न्यायाधीश श्री प्रमोदकुमार श्रेष्ठ वैद्य",False
075-CR-0171,ठहर,"सदस्य माननीय न्यायाधीश श्री कृष्ण गिरी
सदस्य माननीय न्यायाधीश श्री शान्तिसिंह थापा
सदस्य माननीय न्यायाधीश श्री चन्द्रबहादुर सारु",False
075-CR-0172,सफाई,"सदस्य माननीय न्यायाधीश डा. श्री खुशी प्रसाद थारु
सदस्य माननीय न्यायाधीश श्री रमेशकुमार पोखरेल
सदस्य माननीय न्यायाधीश श्री यमुना भट्टराई",False
075-CR-0173,सफाई,"सदस्य माननीय न्यायाधीश डा. श्री खुशी प्रसाद थारु
सदस्य माननीय न्यायाधीश श्री रमेशकुमार पोखरेल
सदस्य माननीय न्यायाधीश श्री बलभद्र बास्तोला",False
075-CR-0174,ठहर,"सदस्य माननीय न्यायाधीश श्री कृष्ण गिरी
सदस्य माननीय न्यायाधीश श्री बालेन्द्र रुपाखेती
सदस्य माननीय न्यायाधीश डा. सदस्य माननीय न्यायाधीश श्री रवि शर्मा अर्याल",False
075-CR-0175,सफाई,"अध्यक्ष माननीय न्यायाधीश श्री श्रीकान्त पौडेल
सदस्य माननीय न्यायाधीश श्री शालिग्राम कोइराला",False
075-CR-0176,ठहर,"सदस्य माननीय न्यायाधीश श्री बालेन्द्र रुपाखेती
सदस्य माननीय न्यायाधीश श्री शान्तिसिंह थापा
सदस्य माननीय न्यायाधीश डा. सदस्य माननीय न्यायाधीश श्री रवि शर्मा अर्याल",False
075-CR-0177,सफाई,"अध्यक्ष माननीय न्यायाधीश श्री प्रेमराज कार्की
सदस्य माननीय न्यायाधीश श्री अब्दुल अजिज मुसलमान
सदस्य माननीय न्यायाधीश श्री चन्द्रबहादुर सारु",False
075-CR-0178,ठहर,"सदस्य माननीय न्यायाधीश श्री शान्तिसिंह थापा
सदस्य माननीय न्यायाधीश श्री चन्द्रबहादुर सारु
सदस्य माननीय न्यायाधीश डा. सदस्य माननीय न्यायाधीश श्री रवि शर्मा अर्याल",False
075-CR-0179,ठहर,"अध्यक्ष माननीय न्यायाधीश श्री श्रीकान्त पौडेल
सदस्य माननीय न्यायाधीश डा. श्री खुशी प्रसाद थारु
सदस्य माननीय न्यायाधीश श्री यमुना भट्टराई",False
075-CR-0180,आंशिक ठहर,"सदस्य माननीय न्यायाधीश श्री अब्दुल अजिज मुसलमान
सदस्य माननीय न्यायाधीश श्री बालेन्द्र रुपाखेती
सदस्य माननीय न्यायाधीश श्री शान्तिसिंह थापा",False
075-CR-0181,सफाई,"अध्यक्ष माननीय न्यायाधीश श्री श्रीकान्त पौडेल
सदस्य माननीय न्यायाधीश श्री यमुना भट्टराई
सदस्य माननीय न्यायाधीश श्री बलभद्र बास्तोला",False
075-CR-0182,सफाई,"अध्यक्ष माननीय न्यायाधीश श्री श्रीकान्त पौडेल
सदस्य माननीय न्यायाधीश श्री यमुना भट्टराई
सदस्य माननीय न्यायाधीश श्री बलभद्र बास्तोला",False
075-CR-0183,ठहर,"सदस्य माननीय न्यायाधीश श्री अब्दुल अजिज मुसलमान
सदस्य माननीय न्यायाधीश श्री नित्यानन्द पाण्डेय",False
075-CR-0184,ठहर,"अध्यक्ष माननीय न्यायाधीश श्री शिवराज अधिकारी
सदस्य माननीय न्यायाधीश श्री बालेन्द्र रुपाखेती
सदस्य माननीय न्यायाधीश डा. सदस्य माननीय न्यायाधीश श्री रवि शर्मा अर्याल",False
075-CR-0185,ठहर,"सदस्य माननीय न्यायाधीश श्री रमेशकुमार पोखरेल
सदस्य माननीय न्यायाधीश श्री शालिग्राम कोइराला
सदस्य माननीय न्यायाधीश श्री बलभद्र बास्तोला",False
075-CR-0186,आंशिक ठहर,"अध्यक्ष माननीय न्यायाधीश श्री श्रीकान्त पौडेल
सदस्य माननीय न्यायाधीश श्री यमुना भट्टराई
सदस्य माननीय न्यायाधीश श्री शालिग्राम कोइराला",False
075-CR-0187,सफाई,"सदस्य माननीय न्यायाधीश श्री अब्दुल अजिज मुसलमान
सदस्य माननीय न्यायाधीश श्री नित्यानन्द पाण्डेय",False
075-CR-0188,ठहर,"सदस्य माननीय न्यायाधीश श्री अब्दुल अजिज मुसलमान
सदस्य माननीय न्यायाधीश श्री नित्यानन्द पाण्डेय",False
075-CR-0189,सफाई,"अध्यक्ष माननीय न्यायाधीश श्री शिवराज अधिकारी
सदस्य माननीय न्यायाधीश श्री बालेन्द्र रुपाखेती",False
075-CR-0190,सफाई,"सदस्य माननीय न्यायाधीश डा. श्री खुशी प्रसाद थारु
सदस्य माननीय न्यायाधीश श्री रमेशकुमार पोखरेल
सदस्य माननीय न्यायाधीश श्री यमुना भट्टराई",False
075-CR-0191,ठहर,"अध्यक्ष माननीय न्यायाधीश श्री द्वारिकामान जोशी
अध्यक्ष माननीय न्यायाधीश श्री प्रमोदकुमार श्रेष्ठ वैद्य",False
075-CR-0192,ठहर,"अध्यक्ष माननीय न्यायाधीश श्री बाबुराम रेग्मी
अध्यक्ष माननीय न्यायाधीश श्री प्रमोदकुमार श्रेष्ठ वैद्य",False
075-CR-0193,आंशिक ठहर,"सदस्य माननीय न्यायाधीश श्री बालेन्द्र रुपाखेती
सदस्य माननीय न्यायाधीश श्री नित्यानन्द पाण्डेय
सदस्य माननीय न्यायाधीश श्री शान्तिसिंह थापा",False
075-CR-0194,ठहर,"अध्यक्ष माननीय न्यायाधीश श्री शिवराज अधिकारी
सदस्य माननीय न्यायाधीश श्री बालेन्द्र रुपाखेती",False
075-CR-0195,सफाई,"अध्यक्ष माननीय न्यायाधीश श्री श्रीकान्त पौडेल
सदस्य माननीय न्यायाधीश डा. श्री खुशी प्रसाद थारु",False
075-CR-0196,सफाई,"सदस्य माननीय न्यायाधीश श्री कृष्ण गिरी
सदस्य माननीय न्यायाधीश श्री शान्तिसिंह थापा
सदस्य माननीय न्यायाधीश श्री चन्द्रबहादुर सारु",False
075-CR-0197,ठहर,"अध्यक्ष माननीय न्यायाधीश श्री श्रीकान्त पौडेल
सदस्य माननीय न्यायाधीश डा. श्री खुशी प्रसाद थारु
सदस्य माननीय न्यायाधीश श्री यमुना भट्टराई",False
075-CR-0198,आंशिक ठहर,"सदस्य माननीय न्यायाधीश श्री कृष्ण गिरी
सदस्य माननीय न्यायाधीश श्री शान्तिसिंह थापा
सदस्य माननीय न्यायाधीश श्री चन्द्रबहादुर सारु",False
075-CR-0199,आंशिक ठहर,"सदस्य माननीय न्यायाधीश श्री अब्दुल अजिज मुसलमान
सदस्य माननीय न्यायाधीश श्री नित्यानन्द पाण्डेय",False
075-CR-0201,आंशिक ठहर,"सदस्य माननीय न्यायाधीश डा. श्री खुशी प्रसाद थारु
सदस्य माननीय न्यायाधीश श्री यमुना भट्टराई
सदस्य माननीय न्यायाधीश श्री शालिग्राम कोइराला",False
075-CR-0202,सफाई,"अध्यक्ष माननीय न्यायाधीश श्री प्रेमराज कार्की
सदस्य माननीय न्यायाधीश श्री अब्दुल अजिज मुसलमान
सदस्य माननीय न्यायाधीश श्री चन्द्रबहादुर सारु",False
075-CR-0203,ठहर,"अध्यक्ष माननीय न्यायाधीश श्री शिवराज अधिकारी
सदस्य माननीय न्यायाधीश श्री बालेन्द्र रुपाखेती
सदस्य माननीय न्यायाधीश डा. सदस्य माननीय न्यायाधीश श्री रवि शर्मा अर्याल",False
075-CR-0204,ठहर,"अध्यक्ष माननीय न्यायाधीश श्री श्रीकान्त पौडेल
सदस्य माननीय न्यायाधीश श्री रमेशकुमार पोखरेल
सदस्य माननीय न्यायाधीश श्री यमुना भट्टराई",False
075-CR-0205,ठहर,"अध्यक्ष माननीय न्यायाधीश श्री बाबुराम रेग्मी
अध्यक्ष माननीय न्यायाधीश श्री द्वारिकामान जोशी
अध्यक्ष माननीय न्यायाधीश श्री प्रमोदकुमार श्रेष्ठ वैद्य",False
075-CR-0206,ठहर,"अध्यक्ष माननीय न्यायाधीश श्री बाबुराम रेग्मी
अध्यक्ष माननीय न्यायाधीश श्री द्वारिकामान जोशी
अध्यक्ष माननीय न्यायाधीश श्री प्रमोदकुमार श्रेष्ठ वैद्य",False
075-CR-0207,ठहर,"अध्यक्ष माननीय न्यायाधीश श्री बाबुराम रेग्मी
अध्यक्ष माननीय न्यायाधीश श्री द्वारिकामान जोशी
अध्यक्ष माननीय न्यायाधीश श्री प्रमोदकुमार श्रेष्ठ वैद्य",False
075-CR-0208,ठहर,"अध्यक्ष माननीय न्यायाधीश श्री श्रीकान्त पौडेल
सदस्य माननीय न्यायाधीश श्री शालिग्राम कोइराला
सदस्य माननीय न्यायाधीश श्री बलभद्र बास्तोला",False
075-CR-0209,ठहर,"सदस्य माननीय न्यायाधीश श्री कृष्ण गिरी
सदस्य माननीय न्यायाधीश श्री चन्द्रबहादुर सारु",False
075-CR-0210,आंशिक ठहर,"अध्यक्ष माननीय न्यायाधीश श्री शिवराज अधिकारी
सदस्य माननीय न्यायाधीश श्री बालेन्द्र रुपाखेती
सदस्य माननीय न्यायाधीश डा. सदस्य माननीय न्यायाधीश श्री रवि शर्मा अर्याल",False
075-CR-0211,ठहर,"अध्यक्ष माननीय न्यायाधीश श्री श्रीकान्त पौडेल
सदस्य माननीय न्यायाधीश श्री रमेशकुमार पोखरेल
सदस्य माननीय न्यायाधीश श्री यमुना भट्टराई",False
075-CR-0212,ठहर,"अध्यक्ष माननीय न्यायाधीश श्री श्रीकान्त पौडेल
सदस्य माननीय न्यायाधीश डा. श्री खुशी प्रसाद थारु
सदस्य माननीय न्यायाधीश श्री बलभद्र बास्तोला",False
075-CR-0213,सफाई,"सदस्य माननीय न्यायाधीश डा. श्री खुशी प्रसाद थारु
सदस्य माननीय न्यायाधीश श्री रमेशकुमार पोखरेल
सदस्य माननीय न्यायाधीश श्री बलभद्र बास्तोला",False
075-CR-0214,सफाई,"अध्यक्ष माननीय न्यायाधीश श्री श्रीकान्त पौडेल
सदस्य माननीय न्यायाधीश श्री शालिग्राम कोइराला",False
075-CR-0215,ठहर,"सदस्य माननीय न्यायाधीश श्री कृष्ण गिरी
सदस्य माननीय न्यायाधीश श्री बालेन्द्र रुपाखेती
सदस्य माननीय न्यायाधीश डा. सदस्य माननीय न्यायाधीश श्री रवि शर्मा अर्याल",False
075-CR-0216,ठहर,"सदस्य माननीय न्यायाधीश श्री कृष्ण गिरी
सदस्य माननीय न्यायाधीश श्री शान्तिसिंह थापा
सदस्य माननीय न्यायाधीश डा. सदस्य माननीय न्यायाधीश श्री रवि शर्मा अर्याल",False
075-CR-0217,ठहर,"अध्यक्ष माननीय न्यायाधीश श्री शिवराज अधिकारी
सदस्य माननीय न्यायाधीश श्री बालेन्द्र रुपाखेती
सदस्य माननीय न्यायाधीश डा. सदस्य माननीय न्यायाधीश श्री रवि शर्मा अर्याल",False
075-CR-0218,सफाई,"सदस्य माननीय न्यायाधीश श्री अब्दुल अजिज मुसलमान
सदस्य माननीय न्यायाधीश श्री चन्द्रबहादुर सारु",False
075-CR-0219,सफाई,"अध्यक्ष माननीय न्यायाधीश श्री प्रेमराज कार्की
सदस्य माननीय न्यायाधीश श्री शान्तिसिंह थापा
सदस्य माननीय न्यायाधीश श्री चन्द्रबहादुर सारु",False
075-CR-0220,ठहर,"सदस्य माननीय न्यायाधीश डा. श्री खुशी प्रसाद थारु
सदस्य माननीय न्यायाधीश श्री बलभद्र बास्तोला",False
075-CR-0221,सफाई,"अध्यक्ष माननीय न्यायाधीश श्री प्रेमराज कार्की
सदस्य माननीय न्यायाधीश श्री अब्दुल अजिज मुसलमान
सदस्य माननीय न्यायाधीश श्री चन्द्रबहादुर सारु",False
075-CR-0222,ठहर,"अध्यक्ष माननीय न्यायाधीश श्री श्रीकान्त पौडेल
सदस्य माननीय न्यायाधीश श्री यमुना भट्टराई
सदस्य माननीय न्यायाधीश श्री बलभद्र बास्तोला",False
075-CR-0223,ठहर,"अध्यक्ष माननीय न्यायाधीश श्री बाबुराम रेग्मी
अध्यक्ष माननीय न्यायाधीश श्री द्वारिकामान जोशी
अध्यक्ष माननीय न्यायाधीश श्री प्रमोदकुमार श्रेष्ठ वैद्य",False
075-CR-0224,ठहर,"सदस्य माननीय न्यायाधीश श्री अब्दुल अजिज मुसलमान
सदस्य माननीय न्यायाधीश श्री नित्यानन्द पाण्डेय",False
075-CR-0225,ठहर,"सदस्य माननीय न्यायाधीश श्री कृष्ण गिरी
सदस्य माननीय न्यायाधीश श्री चन्द्रबहादुर सारु",False
075-CR-0227,ठहर,"अध्यक्ष माननीय न्यायाधीश श्री शिवराज अधिकारी
सदस्य माननीय न्यायाधीश श्री कृष्ण गिरी
सदस्य माननीय न्यायाधीश श्री चन्द्रबहादुर सारु",False
075-CR-0228,सफाई,"अध्यक्ष माननीय न्यायाधीश श्री श्रीकान्त पौडेल
सदस्य माननीय न्यायाधीश श्री शालिग्राम कोइराला
सदस्य माननीय न्यायाधीश श्री बलभद्र बास्तोला",False
075-CR-0229,सफाई,"अध्यक्ष माननीय न्यायाधीश श्री श्रीकान्त पौडेल
सदस्य माननीय न्यायाधीश श्री यमुना भट्टराई
सदस्य माननीय न्यायाधीश श्री शालिग्राम कोइराला",False
075-CR-0230,ठहर,"सदस्य माननीय न्यायाधीश श्री कृष्ण गिरी
सदस्य माननीय न्यायाधीश श्री शान्तिसिंह थापा
सदस्य माननीय न्यायाधीश श्री चन्द्रबहादुर सारु",False
075-CR-0231,आंशिक ठहर,"अध्यक्ष माननीय न्यायाधीश श्री श्रीकान्त पौडेल
सदस्य माननीय न्यायाधीश डा. श्री खुशी प्रसाद थारु",False
075-CR-0232,ठहर,"सदस्य माननीय न्यायाधीश श्री कृष्ण गिरी
सदस्य माननीय न्यायाधीश श्री शान्तिसिंह थापा
सदस्य माननीय न्यायाधीश श्री चन्द्रबहादुर सारु",False
075-CR-0233,ठहर,"सदस्य माननीय न्यायाधीश श्री कृष्ण गिरी
सदस्य माननीय न्यायाधीश श्री शान्तिसिंह थापा
सदस्य माननीय न्यायाधीश श्री चन्द्रबहादुर सारु",False
075-CR-0234,आंशिक ठहर,"सदस्य माननीय न्यायाधीश श्री रमेशकुमार पोखरेल
सदस्य माननीय न्यायाधीश श्री यमुना भट्टराई
सदस्य माननीय न्यायाधीश श्री शालिग्राम कोइराला",False
075-CR-0235,ठहर,"सदस्य माननीय न्यायाधीश श्री नित्यानन्द पाण्डेय
सदस्य माननीय न्यायाधीश श्री शान्तिसिंह थापा",False
075-CR-0236,ठहर,"अध्यक्ष माननीय न्यायाधीश श्री बाबुराम रेग्मी
अध्यक्ष माननीय न्यायाधीश श्री द्वारिकामान जोशी
अध्यक्ष माननीय न्यायाधीश श्री प्रमोदकुमार श्रेष्ठ वैद्य",False
075-CR-0237,आंशिक ठहर,"सदस्य माननीय न्यायाधीश श्री कृष्ण गिरी
सदस्य माननीय न्यायाधीश श्री चन्द्रबहादुर सारु",False
075-CR-0238,ठहर,"अध्यक्ष माननीय न्यायाधीश श्री शिवराज अधिकारी
सदस्य माननीय न्यायाधीश श्री बालेन्द्र रुपाखेती
सदस्य माननीय न्यायाधीश डा. सदस्य माननीय न्यायाधीश श्री रवि शर्मा अर्याल",False
075-CR-0239,आंशिक ठहर,"सदस्य माननीय न्यायाधीश श्री बालेन्द्र रुपाखेती
सदस्य माननीय न्यायाधीश श्री नित्यानन्द पाण्डेय
सदस्य माननीय न्यायाधीश श्री शान्तिसिंह थापा",False
075-CR-0240,सफाई,"सदस्य माननीय न्यायाधीश श्री अब्दुल अजिज मुसलमान
सदस्य माननीय न्यायाधीश श्री नित्यानन्द पाण्डेय
सदस्य माननीय न्यायाधीश श्री चन्द्रबहादुर सारु",False
075-CR-0241,सफाई,"सदस्य माननीय न्यायाधीश श्री रमेशकुमार पोखरेल
सदस्य माननीय न्यायाधीश श्री यमुना भट्टराई
सदस्य माननीय न्यायाधीश श्री शालिग्राम कोइराला",False
075-CR-0242,ठहर,"सदस्य माननीय न्यायाधीश श्री अब्दुल अजिज मुसलमान
सदस्य माननीय न्यायाधीश श्री बालेन्द्र रुपाखेती",False
075-CR-0243,ठहर,"सदस्य माननीय न्यायाधीश श्री बालेन्द्र रुपाखेती
सदस्य माननीय न्यायाधीश श्री शान्तिसिंह थापा
सदस्य माननीय न्यायाधीश डा. सदस्य माननीय न्यायाधीश श्री रवि शर्मा अर्याल",False
075-CR-0244,ठहर,"अध्यक्ष माननीय न्यायाधीश श्री प्रेमराज कार्की
सदस्य माननीय न्यायाधीश श्री बालेन्द्र रुपाखेती
सदस्य माननीय न्यायाधीश श्री चन्द्रबहादुर सारु",False
075-CR-0245,ठहर,"सदस्य माननीय न्यायाधीश श्री कृष्ण गिरी
सदस्य माननीय न्यायाधीश श्री शान्तिसिंह थापा
सदस्य माननीय न्यायाधीश श्री चन्द्रबहादुर सारु",False
075-CR-0246,ठहर,"अध्यक्ष माननीय न्यायाधीश श्री शिवराज अधिकारी
सदस्य माननीय न्यायाधीश श्री बालेन्द्र रुपाखेती
सदस्य माननीय न्यायाधीश डा. सदस्य माननीय न्यायाधीश श्री रवि शर्मा अर्याल",False
075-CR-0247,सफाई,"अध्यक्ष माननीय न्यायाधीश श्री श्रीकान्त पौडेल
सदस्य माननीय न्यायाधीश डा. श्री खुशी प्रसाद थारु
सदस्य माननीय न्यायाधीश श्री यमुना भट्टराई",False
075-CR-0248,ठहर,"सदस्य माननीय न्यायाधीश श्री रमेशकुमार पोखरेल
सदस्य माननीय न्यायाधीश श्री शालिग्राम कोइराला
सदस्य माननीय न्यायाधीश श्री बलभद्र बास्तोला",False
075-CR-0249,सफाई,"अध्यक्ष माननीय न्यायाधीश श्री प्रेमराज कार्की
सदस्य माननीय न्यायाधीश श्री बालेन्द्र रुपाखेती
सदस्य माननीय न्यायाधीश श्री चन्द्रबहादुर सारु",False
075-CR-0250,आंशिक ठहर,"अध्यक्ष माननीय न्यायाधीश श्री श्रीकान्त पौडेल
सदस्य माननीय न्यायाधीश डा. श्री खुशी प्रसाद थारु
सदस्य माननीय न्यायाधीश श्री बलभद्र बास्तोला",False
075-CR-0251,सफाई,"सदस्य माननीय न्यायाधीश श्री यमुना भट्टराई
सदस्य माननीय न्यायाधीश श्री बलभद्र बास्तोला",False
075-CR-0252,आंशिक ठहर,"अध्यक्ष माननीय न्यायाधीश श्री श्रीकान्त पौडेल
सदस्य माननीय न्यायाधीश डा. श्री खुशी प्रसाद थारु
सदस्य माननीय न्यायाधीश श्री बलभद्र बास्तोला",False
075-CR-0253,ठहर,"अध्यक्ष माननीय न्यायाधीश श्री शिवराज अधिकारी
सदस्य माननीय न्यायाधीश श्री बालेन्द्र रुपाखेती
सदस्य माननीय न्यायाधीश डा. सदस्य माननीय न्यायाधीश श्री रवि शर्मा अर्याल",False
075-CR-0254,ठहर,"सदस्य माननीय न्यायाधीश श्री अब्दुल अजिज मुसलमान
सदस्य माननीय न्यायाधीश श्री बालेन्द्र रुपाखेती
सदस्य माननीय न्यायाधीश श्री नित्यानन्द पाण्डेय",False
075-CR-0255,सफाई,"सदस्य माननीय न्यायाधीश डा. श्री खुशी प्रसाद थारु
सदस्य माननीय न्यायाधीश श्री रमेशकुमार पोखरेल",False
075-CR-0256,आंशिक ठहर,"सदस्य माननीय न्यायाधीश श्री कृष्ण गिरी
सदस्य माननीय न्यायाधीश श्री शान्तिसिंह थापा
सदस्य माननीय न्यायाधीश श्री चन्द्रबहादुर सारु",False
075-CR-0257,ठहर,"सदस्य माननीय न्यायाधीश श्री कृष्ण गिरी
सदस्य माननीय न्यायाधीश श्री शान्तिसिंह थापा
सदस्य माननीय न्यायाधीश श्री चन्द्रबहादुर सारु",False
075-CR-0258,आंशिक ठहर,"सदस्य माननीय न्यायाधीश श्री बालेन्द्र रुपाखेती
सदस्य माननीय न्यायाधीश डा. सदस्य माननीय न्यायाधीश श्री रवि शर्मा अर्याल",False
075-CR-0259,आंशिक ठहर,"सदस्य माननीय न्यायाधीश श्री रमेशकुमार पोखरेल
सदस्य माननीय न्यायाधीश श्री बलभद्र बास्तोला",False
075-CR-0260,ठहर,"अध्यक्ष माननीय न्यायाधीश श्री बाबुराम रेग्मी
अध्यक्ष माननीय न्यायाधीश श्री द्वारिकामान जोशी
अध्यक्ष माननीय न्यायाधीश श्री प्रमोदकुमार श्रेष्ठ वैद्य",False
075-CR-0261,ठहर,"सदस्य माननीय न्यायाधीश श्री कृष्ण गिरी
सदस्य माननीय न्यायाधीश श्री शान्तिसिंह थापा
सदस्य माननीय न्यायाधीश श्री चन्द्रबहादुर सारु",False
075-CR-0262,आंशिक ठहर,"सदस्य माननीय न्यायाधीश श्री कृष्ण गिरी
सदस्य माननीय न्यायाधीश श्री शान्तिसिंह थापा
सदस्य माननीय न्यायाधीश श्री चन्द्रबहादुर सारु",False
075-CR-0263,ठहर,"सदस्य माननीय न्यायाधीश श्री शालिग्राम कोइराला
सदस्य माननीय न्यायाधीश श्री बलभद्र बास्तोला",False
075-CR-0264,ठहर,"अध्यक्ष माननीय न्यायाधीश श्री शिवराज अधिकारी
सदस्य माननीय न्यायाधीश श्री बालेन्द्र रुपाखेती
सदस्य माननीय न्यायाधीश श्री शान्तिसिंह थापा",False
075-CR-0265,आंशिक ठहर,"अध्यक्ष माननीय न्यायाधीश श्री श्रीकान्त पौडेल
सदस्य माननीय न्यायाधीश श्री रमेशकुमार पोखरेल",False
075-CR-0266,सफाई,"सदस्य माननीय न्यायाधीश श्री कृष्ण गिरी
सदस्य माननीय न्यायाधीश श्री शान्तिसिंह थापा
सदस्य माननीय न्यायाधीश श्री चन्द्रबहादुर सारु",False
075-CR-0267,सफाई,"सदस्य माननीय न्यायाधीश डा. श्री खुशी प्रसाद थारु
सदस्य माननीय न्यायाधीश श्री शालिग्राम कोइराला",False
075-CR-0268,ठहर,"अध्यक्ष माननीय न्यायाधीश श्री बाबुराम रेग्मी
अध्यक्ष माननीय न्यायाधीश श्री द्वारिकामान जोशी
अध्यक्ष माननीय न्यायाधीश श्री प्रमोदकुमार श्रेष्ठ वैद्य",False
075-CR-0269,सफाई,"अध्यक्ष माननीय न्यायाधीश श्री श्रीकान्त पौडेल
सदस्य माननीय न्यायाधीश श्री रमेशकुमार पोखरेल",False
075-CR-0270,सफाई,"अध्यक्ष माननीय न्यायाधीश श्री श्रीकान्त पौडेल
सदस्य माननीय न्यायाधीश श्री यमुना भट्टराई
सदस्य माननीय न्यायाधीश श्री शालिग्राम कोइराला",False
075-CR-0271,ठहर,"अध्यक्ष माननीय न्यायाधीश श्री श्रीकान्त पौडेल
सदस्य माननीय न्यायाधीश श्री रमेशकुमार पोखरेल
सदस्य माननीय न्यायाधीश श्री बलभद्र बास्तोला",False
075-CR-0273,सफाई,"अध्यक्ष माननीय न्यायाधीश श्री श्रीकान्त पौडेल
सदस्य माननीय न्यायाधीश डा. श्री खुशी प्रसाद थारु
सदस्य माननीय न्यायाधीश श्री बलभद्र बास्तोला",False
075-CR-0274,आंशिक ठहर,"सदस्य माननीय न्यायाधीश श्री यमुना भट्टराई
सदस्य माननीय न्यायाधीश श्री बलभद्र बास्तोला",False
075-CR-0275,ठहर,"सदस्य माननीय न्यायाधीश श्री यमुना भट्टराई
सदस्य माननीय न्यायाधीश श्री बलभद्र बास्तोला",False
075-CR-0276,ठहर,"अध्यक्ष माननीय न्यायाधीश श्री श्रीकान्त पौडेल
सदस्य माननीय न्यायाधीश डा. श्री खुशी प्रसाद थारु",False
075-CR-0277,आंशिक ठहर,"सदस्य माननीय न्यायाधीश श्री रमेशकुमार पोखरेल
सदस्य माननीय न्यायाधीश श्री यमुना भट्टराई
सदस्य माननीय न्यायाधीश श्री बलभद्र बास्तोला",False
075-CR-0278,सफाई,"सदस्य माननीय न्यायाधीश श्री यमुना भट्टराई
सदस्य माननीय न्यायाधीश श्री बलभद्र बास्तोला",False
075-CR-0279,ठहर,"अध्यक्ष माननीय न्यायाधीश श्री बाबुराम रेग्मी
अध्यक्ष माननीय न्यायाधीश श्री द्वारिकामान जोशी
अध्यक्ष माननीय न्यायाधीश श्री प्रमोदकुमार श्रेष्ठ वैद्य",False
075-CR-0280,ठहर,"अध्यक्ष माननीय न्यायाधीश श्री शिवराज अधिकारी
सदस्य माननीय न्यायाधीश श्री बालेन्द्र रुपाखेती",False
075-CR-0281,ठहर,"अध्यक्ष माननीय न्यायाधीश श्री बाबुराम रेग्मी
अध्यक्ष माननीय न्यायाधीश श्री द्वारिकामान जोशी
अध्यक्ष माननीय न्यायाधीश श्री प्रमोदकुमार श्रेष्ठ वैद्य",False
075-CR-0282,ठहर,"सदस्य माननीय न्यायाधीश श्री कृष्ण गिरी
सदस्य माननीय न्यायाधीश श्री शान्तिसिंह थापा
सदस्य माननीय न्यायाधीश श्री चन्द्रबहादुर सारु",False
075-CR-0283,ठहर,"सदस्य माननीय न्यायाधीश श्री अब्दुल अजिज मुसलमान
सदस्य माननीय न्यायाधीश श्री बालेन्द्र रुपाखेती
सदस्य माननीय न्यायाधीश श्री नित्यानन्द पाण्डेय",False
075-CR-0284,ठहर,"अध्यक्ष माननीय न्यायाधीश श्री शिवराज अधिकारी
सदस्य माननीय न्यायाधीश श्री शान्तिसिंह थापा
सदस्य माननीय न्यायाधीश श्री चन्द्रबहादुर सारु",False
075-CR-0285,आंशिक ठहर,"अध्यक्ष माननीय न्यायाधीश श्री श्रीकान्त पौडेल
सदस्य माननीय न्यायाधीश श्री यमुना भट्टराई
सदस्य माननीय न्यायाधीश श्री बलभद्र बास्तोला",False
075-CR-0286,ठहर,"अध्यक्ष माननीय न्यायाधीश श्री शिवराज अधिकारी
सदस्य माननीय न्यायाधीश श्री बालेन्द्र रुपाखेती
सदस्य माननीय न्यायाधीश डा. सदस्य माननीय न्यायाधीश श्री रवि शर्मा अर्याल",False
075-CR-0287,सफाई,"अध्यक्ष माननीय न्यायाधीश श्री श्रीकान्त पौडेल
सदस्य माननीय न्यायाधीश डा. श्री खुशी प्रसाद थारु",False
075-CR-0288,सफाई,"अध्यक्ष माननीय न्यायाधीश श्री प्रेमराज कार्की
सदस्य माननीय न्यायाधीश श्री बालेन्द्र रुपाखेती
सदस्य माननीय न्यायाधीश श्री चन्द्रबहादुर सारु",False
075-CR-0289,आंशिक ठहर,"सदस्य माननीय न्यायाधीश डा. श्री खुशी प्रसाद थारु
सदस्य माननीय न्यायाधीश श्री बलभद्र बास्तोला",False
075-CR-0290,आंशिक ठहर,"सदस्य माननीय न्यायाधीश श्री कृष्ण गिरी
सदस्य माननीय न्यायाधीश श्री शान्तिसिंह थापा
सदस्य माननीय न्यायाधीश श्री चन्द्रबहादुर सारु",False
075-CR-0291,ठहर,सदस्य माननीय न्यायाधीश श्री अब्दुल अजिज मुसलमान सदस्य माननीय न्यायाधीश श्री नित्यानन्द पाण्डेय,True
075-CR-0292,सफाई,"अध्यक्ष माननीय न्यायाधीश श्री शिवराज अधिकारी
सदस्य माननीय न्यायाधीश श्री बालेन्द्र रुपाखेती
सदस्य माननीय न्यायाधीश डा. सदस्य माननीय न्यायाधीश श्री रवि शर्मा अर्याल",False
075-CR-0293,आंशिक ठहर,"अध्यक्ष माननीय न्यायाधीश श्री श्रीकान्त पौडेल
सदस्य माननीय न्यायाधीश डा. श्री खुशी प्रसाद थारु
सदस्य माननीय न्यायाधीश श्री यमुना भट्टराई",False
075-CR-0294,ठहर,"अध्यक्ष माननीय न्यायाधीश श्री शिवराज अधिकारी
सदस्य माननीय न्यायाधीश श्री बालेन्द्र रुपाखेती
सदस्य माननीय न्यायाधीश डा. सदस्य माननीय न्यायाधीश श्री रवि शर्मा अर्याल",False
075-CR-0295,ठहर,"अध्यक्ष माननीय न्यायाधीश श्री श्रीकान्त पौडेल
सदस्य माननीय न्यायाधीश श्री यमुना भट्टराई
सदस्य माननीय न्यायाधीश श्री शालिग्राम कोइराला",False
075-CR-0296,सफाई,"सदस्य माननीय न्यायाधीश श्री यमुना भट्टराई
सदस्य माननीय न्यायाधीश श्री बलभद्र बास्तोला",False
075-CR-0297,सफाई,"सदस्य माननीय न्यायाधीश डा. श्री खुशी प्रसाद थारु
सदस्य माननीय न्यायाधीश श्री यमुना भट्टराई
सदस्य माननीय न्यायाधीश श्री शालिग्राम कोइराला",False
075-CR-0298,ठहर,"सदस्य माननीय न्यायाधीश श्री कृष्ण गिरी
सदस्य माननीय न्यायाधीश श्री शान्तिसिंह थापा
सदस्य माननीय न्यायाधीश श्री चन्द्रबहादुर सारु",False
075-CR-0299,ठहर,"अध्यक्ष माननीय न्यायाधीश श्री श्रीकान्त पौडेल
सदस्य माननीय न्यायाधीश डा. श्री खुशी प्रसाद थारु",False
075-CR-0300,सफाई,"सदस्य माननीय न्यायाधीश श्री अब्दुल अजिज मुसलमान
सदस्य माननीय न्यायाधीश श्री नित्यानन्द पाण्डेय",False
075-CR-0301,सफाई,"अध्यक्ष माननीय न्यायाधीश श्री प्रेमराज कार्की
सदस्य माननीय न्यायाधीश श्री शान्तिसिंह थापा
सदस्य माननीय न्यायाधीश श्री चन्द्रबहादुर सारु",False
075-CR-0302,आंशिक ठहर,"सदस्य माननीय न्यायाधीश श्री अब्दुल अजिज मुसलमान
सदस्य माननीय न्यायाधीश श्री नित्यानन्द पाण्डेय
सदस्य माननीय न्यायाधीश श्री शान्तिसिंह थापा",False
075-CR-0303,सफाई,"अध्यक्ष माननीय न्यायाधीश श्री श्रीकान्त पौडेल
सदस्य माननीय न्यायाधीश श्री यमुना भट्टराई
सदस्य माननीय न्यायाधीश श्री शालिग्राम कोइराला",False
075-CR-0304,ठहर,इजलास अध्यक्ष माननीय न्यायाधीश श्री श्रीकान्त पौडेल सदस्य माननीय न्यायाधीश डा. श्री खुशी प्रसाद थारु,True
075-CR-0305,ठहर,"सदस्य माननीय न्यायाधीश श्री कृष्ण गिरी
सदस्य माननीय न्यायाधीश श्री चन्द्रबहादुर सारु
सदस्य माननीय न्यायाधीश डा. सदस्य माननीय न्यायाधीश श्री रवि शर्मा अर्याल",False
075-CR-0306,ठहर,"सदस्य माननीय न्यायाधीश श्री कृष्ण गिरी
सदस्य माननीय न्यायाधीश श्री बालेन्द्र रुपाखेती
सदस्य माननीय न्यायाधीश डा. सदस्य माननीय न्यायाधीश श्री रवि शर्मा अर्याल",False
075-CR-0307,ठहर,"सदस्य माननीय न्यायाधीश डा. श्री खुशी प्रसाद थारु
सदस्य माननीय न्यायाधीश श्री यमुना भट्टराई
सदस्य माननीय न्यायाधीश श्री बलभद्र बास्तोला",False
075-CR-0308,सफाई,"अध्यक्ष माननीय न्यायाधीश श्री प्रेमराज कार्की
सदस्य माननीय न्यायाधीश श्री अब्दुल अजिज मुसलमान
सदस्य माननीय न्यायाधीश श्री चन्द्रबहादुर सारु",False
075-CR-0309,ठहर,"सदस्य माननीय न्यायाधीश श्री अब्दुल अजिज मुसलमान
सदस्य माननीय न्यायाधीश श्री बालेन्द्र रुपाखेती
सदस्य माननीय न्यायाधीश श्री शान्तिसिंह थापा",False
075-CR-0310,आंशिक ठहर,"अध्यक्ष माननीय न्यायाधीश श्री श्रीकान्त पौडेल
सदस्य माननीय न्यायाधीश श्री रमेशकुमार पोखरेल
सदस्य माननीय न्यायाधीश श्री यमुना भट्टराई",False
075-CR-0311,सफाई,"सदस्य माननीय न्यायाधीश श्री रमेशकुमार पोखरेल
सदस्य माननीय न्यायाधीश श्री यमुना भट्टराई
सदस्य माननीय न्यायाधीश श्री शालिग्राम कोइराला",False
075-CR-0312,ठहर,"अध्यक्ष माननीय न्यायाधीश श्री श्रीकान्त पौडेल
सदस्य माननीय न्यायाधीश डा. श्री खुशी प्रसाद थारु
सदस्य माननीय न्यायाधीश श्री यमुना भट्टराई",False
075-CR-0313,ठहर,"सदस्य माननीय न्यायाधीश श्री अब्दुल अजिज मुसलमान
सदस्य माननीय न्यायाधीश श्री नित्यानन्द पाण्डेय",False
075-CR-0314,आंशिक ठहर,"अध्यक्ष माननीय न्यायाधीश श्री श्रीकान्त पौडेल
सदस्य माननीय न्यायाधीश श्री यमुना भट्टराई
सदस्य माननीय न्यायाधीश श्री बलभद्र बास्तोला",False
075-CR-0315,सफाई,"सदस्य माननीय न्यायाधीश श्री बालेन्द्र रुपाखेती
सदस्य माननीय न्यायाधीश श्री शान्तिसिंह थापा
सदस्य माननीय न्यायाधीश श्री चन्द्रबहादुर सारु",False
075-CR-0316,ठहर,"अध्यक्ष माननीय न्यायाधीश श्री श्रीकान्त पौडेल
सदस्य माननीय न्यायाधीश श्री यमुना भट्टराई",False
075-CR-0317,आंशिक ठहर,"सदस्य माननीय न्यायाधीश डा. श्री खुशी प्रसाद थारु
सदस्य माननीय न्यायाधीश श्री रमेशकुमार पोखरेल
सदस्य माननीय न्यायाधीश श्री यमुना भट्टराई",False
075-CR-0318,ठहर,"सदस्य माननीय न्यायाधीश श्री कृष्ण गिरी
सदस्य माननीय न्यायाधीश श्री चन्द्रबहादुर सारु
सदस्य माननीय न्यायाधीश डा. सदस्य माननीय न्यायाधीश श्री रवि शर्मा अर्याल",False
075-CR-0319,आंशिक ठहर,"अध्यक्ष माननीय न्यायाधीश श्री शिवराज अधिकारी
सदस्य माननीय न्यायाधीश श्री बालेन्द्र रुपाखेती
सदस्य माननीय न्यायाधीश डा. सदस्य माननीय न्यायाधीश श्री रवि शर्मा अर्याल",False
075-CR-0320,ठहर,"अध्यक्ष माननीय न्यायाधीश श्री प्रेमराज कार्की
सदस्य माननीय न्यायाधीश श्री बालेन्द्र रुपाखेती
सदस्य माननीय न्यायाधीश श्री शान्तिसिंह थापा",False
075-CR-0321,सफाई,"सदस्य माननीय न्यायाधीश श्री अब्दुल अजिज मुसलमान
सदस्य माननीय न्यायाधीश श्री बालेन्द्र रुपाखेती
सदस्य माननीय न्यायाधीश श्री शान्तिसिंह थापा",False
075-CR-0322,ठहर,अध्यक्ष माननीय न्यायाधीश श्री बाबुराम रेग्मी सदस्य माननीय न्यायाधीश श्री द्वारिकामान जोशी सदस्य माननीय न्यायाधीश श्री प्रमोदकुमार श्रेष्ठ वैद्य,True
075-CR-0323,सफाई,"अध्यक्ष माननीय न्यायाधीश श्री प्रेमराज कार्की
सदस्य माननीय न्यायाधीश श्री बालेन्द्र रुपाखेती
सदस्य माननीय न्यायाधीश श्री चन्द्रबहादुर सारु",False
075-CR-0324,ठहर,"अध्यक्ष माननीय न्यायाधीश श्री श्रीकान्त पौडेल
सदस्य माननीय न्यायाधीश श्री बलभद्र बास्तोला",False
075-CR-0325,सफाई,"सदस्य माननीय न्यायाधीश डा. श्री खुशी प्रसाद थारु
सदस्य माननीय न्यायाधीश श्री रमेशकुमार पोखरेल
सदस्य माननीय न्यायाधीश श्री बलभद्र बास्तोला",False
075-CR-0326,सफाई,"सदस्य माननीय न्यायाधीश डा. श्री खुशी प्रसाद थारु
सदस्य माननीय न्यायाधीश श्री रमेशकुमार पोखरेल
सदस्य माननीय न्यायाधीश श्री यमुना भट्टराई",False
075-CR-0327,सफाई,"सदस्य माननीय न्यायाधीश डा. श्री खुशी प्रसाद थारु
सदस्य माननीय न्यायाधीश श्री रमेशकुमार पोखरेल
सदस्य माननीय न्यायाधीश श्री बलभद्र बास्तोला",False
075-CR-0328,आंशिक ठहर,"अध्यक्ष माननीय न्यायाधीश श्री प्रेमराज कार्की
सदस्य माननीय न्यायाधीश श्री बालेन्द्र रुपाखेती",False
075-CR-0329,ठहर,"सदस्य माननीय न्यायाधीश श्री अब्दुल अजिज मुसलमान
सदस्य माननीय न्यायाधीश श्री नित्यानन्द पाण्डेय
सदस्य माननीय न्यायाधीश श्री शान्तिसिंह थापा",False
075-CR-0330,आंशिक ठहर,अध्यक्ष माननीय न्यायाधीश श्री बाबुराम रेग्मी सदस्य माननीय न्यायाधीश श्री द्वारिकामान जोशी सदस्य माननीय न्यायाधीश श्री प्रमोदकुमार श्रेष्ठ वैद्य,True
075-CR-0331,सफाई,अध्यक्ष माननीय न्यायाधीश श्री बाबुराम रेग्मी सदस्य माननीय न्यायाधीश श्री द्वारिकामान जोशी सदस्य माननीय न्यायाधीश श्री प्रमोदकुमार श्रेष्ठ वैद्य,True
075-CR-0332,सफाई,"सदस्य माननीय न्यायाधीश श्री अब्दुल अजिज मुसलमान
सदस्य माननीय न्यायाधीश श्री नित्यानन्द पाण्डेय",False
075-CR-0333,आंशिक ठहर,"अध्यक्ष माननीय न्यायाधीश श्री श्रीकान्त पौडेल
सदस्य माननीय न्यायाधीश श्री रमेशकुमार पोखरेल
सदस्य माननीय न्यायाधीश श्री शालिग्राम कोइराला",False
075-CR-0334,आंशिक ठहर,"अध्यक्ष माननीय न्यायाधीश श्री श्रीकान्त पौडेल
सदस्य माननीय न्यायाधीश श्री यमुना भट्टराई
सदस्य माननीय न्यायाधीश श्री बलभद्र बास्तोला",False
075-CR-0335,ठहर,"सदस्य माननीय न्यायाधीश डा. श्री खुशी प्रसाद थारु
सदस्य माननीय न्यायाधीश श्री बलभद्र बास्तोला",False
075-CR-0336,ठहर,"अध्यक्ष माननीय न्यायाधीश श्री शिवराज अधिकारी
सदस्य माननीय न्यायाधीश श्री बालेन्द्र रुपाखेती
सदस्य माननीय न्यायाधीश डा. सदस्य माननीय न्यायाधीश श्री रवि शर्मा अर्याल",False
075-CR-0337,सफाई,"सदस्य माननीय न्यायाधीश डा. श्री खुशी प्रसाद थारु
सदस्य माननीय न्यायाधीश श्री रमेशकुमार पोखरेल
सदस्य माननीय न्यायाधीश श्री शालिग्राम कोइराला",False
075-CR-0338,आंशिक ठहर,"सदस्य माननीय न्यायाधीश श्री अब्दुल अजिज मुसलमान
सदस्य माननीय न्यायाधीश श्री शान्तिसिंह थापा
सदस्य माननीय न्यायाधीश श्री चन्द्रबहादुर सारु",False
075-CR-0339,आंशिक ठहर,"सदस्य माननीय न्यायाधीश डा. श्री खुशी प्रसाद थारु
सदस्य माननीय न्यायाधीश श्री बलभद्र बास्तोला",False
075-CR-0340,सफाई,"अध्यक्ष माननीय न्यायाधीश श्री श्रीकान्त पौडेल
सदस्य माननीय न्यायाधीश श्री यमुना भट्टराई",False
075-CR-0341,ठहर,"सदस्य माननीय न्यायाधीश श्री अब्दुल अजिज मुसलमान
सदस्य माननीय न्यायाधीश श्री नित्यानन्द पाण्डेय",False
075-CR-0342,सफाई,"अध्यक्ष माननीय न्यायाधीश श्री प्रेमराज कार्की
सदस्य माननीय न्यायाधीश श्री शान्तिसिंह थापा
सदस्य माननीय न्यायाधीश श्री चन्द्रबहादुर सारु",False
075-CR-0343,ठहर,"अध्यक्ष माननीय न्यायाधीश श्री श्रीकान्त पौडेल
सदस्य माननीय न्यायाधीश डा. श्री खुशी प्रसाद थारु
सदस्य माननीय न्यायाधीश श्री बलभद्र बास्तोला",False
075-CR-0344,आंशिक ठहर,"अध्यक्ष माननीय न्यायाधीश श्री श्रीकान्त पौडेल
सदस्य माननीय न्यायाधीश श्री बलभद्र बास्तोला",False
075-CR-0345,सफाई,"अध्यक्ष माननीय न्यायाधीश श्री श्रीकान्त पौडेल
सदस्य माननीय न्यायाधीश श्री रमेशकुमार पोखरेल
सदस्य माननीय न्यायाधीश श्री यमुना भट्टराई",False
075-CR-0346,ठहर,"सदस्य माननीय न्यायाधीश श्री बालेन्द्र रुपाखेती
सदस्य माननीय न्यायाधीश श्री नित्यानन्द पाण्डेय
सदस्य माननीय न्यायाधीश श्री शान्तिसिंह थापा",False
075-CR-0347,सफाई,"अध्यक्ष माननीय न्यायाधीश श्री श्रीकान्त पौडेल
सदस्य माननीय न्यायाधीश डा. श्री खुशी प्रसाद थारु
सदस्य माननीय न्यायाधीश श्री बलभद्र बास्तोला",False
075-CR-0348,आंशिक ठहर,"अध्यक्ष माननीय न्यायाधीश श्री श्रीकान्त पौडेल
सदस्य माननीय न्यायाधीश डा. श्री खुशी प्रसाद थारु
सदस्य माननीय न्यायाधीश श्री यमुना भट्टराई",False
075-CR-0349,सफाई,"अध्यक्ष माननीय न्यायाधीश श्री श्रीकान्त पौडेल
सदस्य माननीय न्यायाधीश श्री यमुना भट्टराई
सदस्य माननीय न्यायाधीश श्री बलभद्र बास्तोला",False
075-CR-0350,सफाई,सदस्य माननीय न्यायाधीश श्री अब्दुल अजिज मुसलमान सदस्य माननीय न्यायाधीश श्री नित्यानन्द पाण्डेय,True
075-CR-0351,ठहर,"सदस्य माननीय न्यायाधीश श्री कृष्ण गिरी
सदस्य माननीय न्यायाधीश श्री शान्तिसिंह थापा
सदस्य माननीय न्यायाधीश श्री चन्द्रबहादुर सारु",False
075-CR-0352,सफाई,"सदस्य माननीय न्यायाधीश डा. श्री खुशी प्रसाद थारु
सदस्य माननीय न्यायाधीश श्री रमेशकुमार पोखरेल
सदस्य माननीय न्यायाधीश श्री बलभद्र बास्तोला",False
075-CR-0353,आंशिक ठहर,"अध्यक्ष माननीय न्यायाधीश श्री श्रीकान्त पौडेल
सदस्य माननीय न्यायाधीश डा. श्री खुशी प्रसाद थारु
सदस्य माननीय न्यायाधीश श्री यमुना भट्टराई",False
075-CR-0354,ठहर,"सदस्य माननीय न्यायाधीश श्री बालेन्द्र रुपाखेती
सदस्य माननीय न्यायाधीश श्री नित्यानन्द पाण्डेय",False
075-CR-0355,ठहर,"सदस्य माननीय न्यायाधीश श्री अब्दुल अजिज मुसलमान
सदस्य माननीय न्यायाधीश श्री नित्यानन्द पाण्डेय
सदस्य माननीय न्यायाधीश श्री चन्द्रबहादुर सारु",False
075-CR-0356,सफाई,"अध्यक्ष माननीय न्यायाधीश श्री श्रीकान्त पौडेल
सदस्य माननीय न्यायाधीश डा. श्री खुशी प्रसाद थारु
सदस्य माननीय न्यायाधीश श्री बलभद्र बास्तोला",False
075-CR-0357,ठहर,"अध्यक्ष माननीय न्यायाधीश श्री शिवराज अधिकारी
सदस्य माननीय न्यायाधीश श्री बालेन्द्र रुपाखेती
सदस्य माननीय न्यायाधीश डा. सदस्य माननीय न्यायाधीश श्री रवि शर्मा अर्याल",False
075-CR-0358,ठहर,"अध्यक्ष माननीय न्यायाधीश श्री श्रीकान्त पौडेल
सदस्य माननीय न्यायाधीश श्री यमुना भट्टराई
सदस्य माननीय न्यायाधीश श्री शालिग्राम कोइराला",False
075-CR-0359,ठहर,"अध्यक्ष माननीय न्यायाधीश श्री श्रीकान्त पौडेल
सदस्य माननीय न्यायाधीश श्री यमुना भट्टराई
सदस्य माननीय न्यायाधीश श्री शालिग्राम कोइराला",False
075-CR-0360,ठहर,"अध्यक्ष माननीय न्यायाधीश श्री श्रीकान्त पौडेल
सदस्य माननीय न्यायाधीश श्री यमुना भट्टराई
सदस्य माननीय न्यायाधीश श्री शालिग्राम कोइराला",False
075-CR-0361,ठहर,"अध्यक्ष माननीय न्यायाधीश श्री शिवराज अधिकारी
सदस्य माननीय न्यायाधीश श्री बालेन्द्र रुपाखेती
सदस्य माननीय न्यायाधीश डा. सदस्य माननीय न्यायाधीश श्री रवि शर्मा अर्याल",False
075-CR-0362,सफाई,"अध्यक्ष माननीय न्यायाधीश श्री श्रीकान्त पौडेल
सदस्य माननीय न्यायाधीश डा. श्री खुशी प्रसाद थारु
सदस्य माननीय न्यायाधीश श्री बलभद्र बास्तोला",False
075-CR-0363,ठहर,"सदस्य माननीय न्यायाधीश श्री अब्दुल अजिज मुसलमान
सदस्य माननीय न्यायाधीश श्री नित्यानन्द पाण्डेय
सदस्य माननीय न्यायाधीश श्री शान्तिसिंह थापा",False
075-CR-0364,सफाई,"सदस्य माननीय न्यायाधीश श्री अब्दुल अजिज मुसलमान
सदस्य माननीय न्यायाधीश श्री नित्यानन्द पाण्डेय",False
075-CR-0365,ठहर,"अध्यक्ष माननीय न्यायाधीश श्री शिवराज अधिकारी
सदस्य माननीय न्यायाधीश श्री बालेन्द्र रुपाखेती
सदस्य माननीय न्यायाधीश डा. सदस्य माननीय न्यायाधीश श्री रवि शर्मा अर्याल",False
075-CR-0366,सफाई,"सदस्य माननीय न्यायाधीश श्री रमेशकुमार पोखरेल
सदस्य माननीय न्यायाधीश श्री शालिग्राम कोइराला
सदस्य माननीय न्यायाधीश श्री बलभद्र बास्तोला",False
075-CR-0367,सफाई,"अध्यक्ष माननीय न्यायाधीश श्री प्रेमराज कार्की
सदस्य माननीय न्यायाधीश श्री नित्यानन्द पाण्डेय
सदस्य माननीय न्यायाधीश श्री चन्द्रबहादुर सारु",False
075-CR-0368,सफाई,"सदस्य माननीय न्यायाधीश श्री रमेशकुमार पोखरेल
सदस्य माननीय न्यायाधीश श्री यमुना भट्टराई
सदस्य माननीय न्यायाधीश श्री शालिग्राम कोइराला",False
075-CR-0369,सफाई,"अध्यक्ष माननीय न्यायाधीश श्री प्रेमराज कार्की
सदस्य माननीय न्यायाधीश श्री अब्दुल अजिज मुसलमान
सदस्य माननीय न्यायाधीश श्री चन्द्रबहादुर सारु",False
075-CR-0370,आंशिक ठहर,"सदस्य माननीय न्यायाधीश डा. श्री खुशी प्रसाद थारु
सदस्य माननीय न्यायाधीश श्री बलभद्र बास्तोला",False
076-CR-0001,सफाई,"सदस्य माननीय न्यायाधीश श्री रमेशकुमार पोखरेल
सदस्य माननीय न्यायाधीश श्री यमुना भट्टराई
सदस्य माननीय न्यायाधीश श्री बलभद्र बास्तोला",False
076-CR-0002,ठहर,"अध्यक्ष माननीय न्यायाधीश श्री प्रेमराज कार्की
सदस्य माननीय न्यायाधीश श्री बालेन्द्र रुपाखेती
सदस्य माननीय न्यायाधीश श्री शान्तिसिंह थापा",False
076-CR-0003,सफाई,"अध्यक्ष माननीय न्यायाधीश श्री प्रेमराज कार्की
सदस्य माननीय न्यायाधीश श्री अब्दुल अजिज मुसलमान
सदस्य माननीय न्यायाधीश श्री चन्द्रबहादुर सारु",False
076-CR-0004,ठहर,"सदस्य माननीय न्यायाधीश श्री कृष्ण गिरी
सदस्य माननीय न्यायाधीश श्री शान्तिसिंह थापा",False
076-CR-0005,सफाई,"सदस्य माननीय न्यायाधीश श्री अब्दुल अजिज मुसलमान
सदस्य माननीय न्यायाधीश श्री नित्यानन्द पाण्डेय",False
076-CR-0006,सफाई,"अध्यक्ष माननीय न्यायाधीश श्री श्रीकान्त पौडेल
सदस्य माननीय न्यायाधीश डा. श्री खुशी प्रसाद थारु",False
076-CR-0007,आंशिक ठहर,"अध्यक्ष माननीय न्यायाधीश श्री श्रीकान्त पौडेल
सदस्य माननीय न्यायाधीश श्री यमुना भट्टराई",False
076-CR-0008,सफाई,"अध्यक्ष माननीय न्यायाधीश श्री श्रीकान्त पौडेल
सदस्य माननीय न्यायाधीश डा. श्री खुशी प्रसाद थारु
सदस्य माननीय न्यायाधीश श्री यमुना भट्टराई",False
076-CR-0009,सफाई,"अध्यक्ष माननीय न्यायाधीश श्री श्रीकान्त पौडेल
सदस्य माननीय न्यायाधीश डा. श्री खुशी प्रसाद थारु
सदस्य माननीय न्यायाधीश श्री शालिग्राम कोइराला",False
076-CR-0010,सफाई,"अध्यक्ष माननीय न्यायाधीश श्री श्रीकान्त पौडेल
सदस्य माननीय न्यायाधीश श्री शालिग्राम कोइराला
सदस्य माननीय न्यायाधीश श्री बलभद्र बास्तोला",False
076-CR-0011,सफाई,"अध्यक्ष माननीय न्यायाधीश श्री श्रीकान्त पौडेल
सदस्य माननीय न्यायाधीश डा. श्री खुशी प्रसाद थारु
सदस्य माननीय न्यायाधीश श्री यमुना भट्टराई",False
076-CR-0012,ठहर,"अध्यक्ष माननीय न्यायाधीश श्री शिवराज अधिकारी
सदस्य माननीय न्यायाधीश श्री बालेन्द्र रुपाखेती
सदस्य माननीय न्यायाधीश डा. सदस्य माननीय न्यायाधीश श्री रवि शर्मा अर्याल",False
076-CR-0013,आंशिक ठहर,"सदस्य माननीय न्यायाधीश डा. श्री खुशी प्रसाद थारु
सदस्य माननीय न्यायाधीश श्री यमुना भट्टराई",False
076-CR-0014,ठहर,"सदस्य माननीय न्यायाधीश डा. श्री खुशी प्रसाद थारु
सदस्य माननीय न्यायाधीश श्री बलभद्र बास्तोला",False
076-CR-0015,सफाई,"अध्यक्ष माननीय न्यायाधीश श्री श्रीकान्त पौडेल
सदस्य माननीय न्यायाधीश डा. श्री खुशी प्रसाद थारु
सदस्य माननीय न्यायाधीश श्री बलभद्र बास्तोला",False
076-CR-0016,ठहर,"सदस्य माननीय न्यायाधीश श्री अब्दुल अजिज मुसलमान
सदस्य माननीय न्यायाधीश श्री नित्यानन्द पाण्डेय",False
076-CR-0017,ठहर,"सदस्य माननीय न्यायाधीश श्री बालेन्द्र रुपाखेती
सदस्य माननीय न्यायाधीश श्री शान्तिसिंह थापा
सदस्य माननीय न्यायाधीश श्री चन्द्रबहादुर सारु",False
076-CR-0018,ठहर,अध्यक्ष माननीय न्यायाधीश श्री शिवराज अधिकारी सदस्य माननीय न्यायाधीश श्री शान्तिसिंह थापा सदस्य माननीय न्यायाधीश श्री चन्द्रबहादुर सारु,True
076-CR-0019,आंशिक ठहर,"सदस्य माननीय न्यायाधीश श्री यमुना भट्टराई
सदस्य माननीय न्यायाधीश श्री शालिग्राम कोइराला
सदस्य माननीय न्यायाधीश श्री बलभद्र बास्तोला",False
076-CR-0020,आंशिक ठहर,"सदस्य माननीय न्यायाधीश श्री यमुना भट्टराई
सदस्य माननीय न्यायाधीश श्री शालिग्राम कोइराला
सदस्य माननीय न्यायाधीश श्री बलभद्र बास्तोला",False
076-CR-0021,ठहर,"अध्यक्ष माननीय न्यायाधीश श्री प्रेमराज कार्की
सदस्य माननीय न्यायाधीश श्री बालेन्द्र रुपाखेती
सदस्य माननीय न्यायाधीश श्री चन्द्रबहादुर सारु",False
076-CR-0022,सफाई,"सदस्य माननीय न्यायाधीश डा. श्री खुशी प्रसाद थारु
सदस्य माननीय न्यायाधीश श्री रमेशकुमार पोखरेल
सदस्य माननीय न्यायाधीश श्री शालिग्राम कोइराला",False
076-CR-0023,सफाई,"अध्यक्ष माननीय न्यायाधीश श्री श्रीकान्त पौडेल
सदस्य माननीय न्यायाधीश श्री यमुना भट्टराई
सदस्य माननीय न्यायाधीश श्री बलभद्र बास्तोला",False
076-CR-0024,ठहर,"सदस्य माननीय न्यायाधीश श्री बालेन्द्र रुपाखेती
सदस्य माननीय न्यायाधीश श्री शान्तिसिंह थापा",False
076-CR-0025,ठहर,"अध्यक्ष माननीय न्यायाधीश श्री श्रीकान्त पौडेल
सदस्य माननीय न्यायाधीश श्री यमुना भट्टराई
सदस्य माननीय न्यायाधीश श्री शालिग्राम कोइराला",False
076-CR-0026,आंशिक ठहर,"सदस्य माननीय न्यायाधीश श्री अब्दुल अजिज मुसलमान
सदस्य माननीय न्यायाधीश श्री नित्यानन्द पाण्डेय",False
076-CR-0027,सफाई,"सदस्य माननीय न्यायाधीश श्री यमुना भट्टराई
सदस्य माननीय न्यायाधीश श्री बलभद्र बास्तोला",False
076-CR-0028,सफाई,"अध्यक्ष माननीय न्यायाधीश श्री श्रीकान्त पौडेल
सदस्य माननीय न्यायाधीश श्री शालिग्राम कोइराला
सदस्य माननीय न्यायाधीश श्री बलभद्र बास्तोला",False
076-CR-0029,सफाई,"सदस्य माननीय न्यायाधीश डा. श्री खुशी प्रसाद थारु
सदस्य माननीय न्यायाधीश श्री बलभद्र बास्तोला",False
076-CR-0030,सफाई,"अध्यक्ष माननीय न्यायाधीश श्री श्रीकान्त पौडेल
सदस्य माननीय न्यायाधीश डा. श्री खुशी प्रसाद थारु
सदस्य माननीय न्यायाधीश श्री बलभद्र बास्तोला",False
076-CR-0031,आंशिक ठहर,"अध्यक्ष माननीय न्यायाधीश श्री शिवराज अधिकारी
सदस्य माननीय न्यायाधीश श्री बालेन्द्र रुपाखेती
सदस्य माननीय न्यायाधीश डा. सदस्य माननीय न्यायाधीश श्री रवि शर्मा अर्याल",False
076-CR-0032,आंशिक ठहर,"सदस्य माननीय न्यायाधीश श्री अब्दुल अजिज मुसलमान
सदस्य माननीय न्यायाधीश श्री नित्यानन्द पाण्डेय
सदस्य माननीय न्यायाधीश श्री चन्द्रबहादुर सारु",False
076-CR-0033,सफाई,"सदस्य माननीय न्यायाधीश श्री रमेशकुमार पोखरेल
सदस्य माननीय न्यायाधीश श्री यमुना भट्टराई
सदस्य माननीय न्यायाधीश श्री शालिग्राम कोइराला",False
076-CR-0034,ठहर,"अध्यक्ष माननीय न्यायाधीश श्री शिवराज अधिकारी
सदस्य माननीय न्यायाधीश श्री कृष्ण गिरी",False
076-CR-0035,सफाई,"अध्यक्ष माननीय न्यायाधीश श्री श्रीकान्त पौडेल
सदस्य माननीय न्यायाधीश डा. श्री खुशी प्रसाद थारु
सदस्य माननीय न्यायाधीश श्री शालिग्राम कोइराला",False
076-CR-0036,सफाई,"सदस्य माननीय न्यायाधीश डा. श्री खुशी प्रसाद थारु
सदस्य माननीय न्यायाधीश श्री बलभद्र बास्तोला",False
076-CR-0037,ठहर,"सदस्य माननीय न्यायाधीश श्री कृष्ण गिरी
सदस्य माननीय न्यायाधीश श्री चन्द्रबहादुर सारु
सदस्य माननीय न्यायाधीश डा. सदस्य माननीय न्यायाधीश श्री रवि शर्मा अर्याल",False
076-CR-0038,सफाई,"अध्यक्ष माननीय न्यायाधीश श्री श्रीकान्त पौडेल
सदस्य माननीय न्यायाधीश डा. श्री खुशी प्रसाद थारु
सदस्य माननीय न्यायाधीश श्री बलभद्र बास्तोला",False
076-CR-0039,ठहर,"सदस्य माननीय न्यायाधीश श्री कृष्ण गिरी
सदस्य माननीय न्यायाधीश श्री शान्तिसिंह थापा
सदस्य माननीय न्यायाधीश श्री चन्द्रबहादुर सारु",False
076-CR-0040,सफाई,"सदस्य माननीय न्यायाधीश श्री यमुना भट्टराई
सदस्य माननीय न्यायाधीश श्री बलभद्र बास्तोला",False
076-CR-0041,सफाई,"अध्यक्ष माननीय न्यायाधीश श्री प्रेमराज कार्की
सदस्य माननीय न्यायाधीश श्री बालेन्द्र रुपाखेती
सदस्य माननीय न्यायाधीश श्री शान्तिसिंह थापा",False
076-CR-0042,सफाई,"अध्यक्ष माननीय न्यायाधीश श्री श्रीकान्त पौडेल
सदस्य माननीय न्यायाधीश श्री यमुना भट्टराई
सदस्य माननीय न्यायाधीश श्री शालिग्राम कोइराला",False
076-CR-0043,सफाई,"सदस्य माननीय न्यायाधीश श्री रमेशकुमार पोखरेल
सदस्य माननीय न्यायाधीश श्री यमुना भट्टराई",False
076-CR-0044,सफाई,"अध्यक्ष माननीय न्यायाधीश श्री श्रीकान्त पौडेल
सदस्य माननीय न्यायाधीश डा. श्री खुशी प्रसाद थारु
सदस्य माननीय न्यायाधीश श्री बलभद्र बास्तोला",False
076-CR-0045,सफाई,"सदस्य माननीय न्यायाधीश डा. श्री खुशी प्रसाद थारु
सदस्य माननीय न्यायाधीश श्री रमेशकुमार पोखरेल
सदस्य माननीय न्यायाधीश श्री शालिग्राम कोइराला",False
076-CR-0046,सफाई,"सदस्य माननीय न्यायाधीश डा. श्री खुशी प्रसाद थारु
सदस्य माननीय न्यायाधीश श्री रमेशकुमार पोखरेल
सदस्य माननीय न्यायाधीश श्री यमुना भट्टराई",False
076-CR-0047,सफाई,"अध्यक्ष माननीय न्यायाधीश श्री प्रेमराज कार्की
सदस्य माननीय न्यायाधीश श्री अब्दुल अजिज मुसलमान
सदस्य माननीय न्यायाधीश श्री नित्यानन्द पाण्डेय",False
076-CR-0048,सफाई,"अध्यक्ष माननीय न्यायाधीश श्री श्रीकान्त पौडेल
सदस्य माननीय न्यायाधीश डा. श्री खुशी प्रसाद थारु
सदस्य माननीय न्यायाधीश श्री बलभद्र बास्तोला",False
076-CR-0049,सफाई,"सदस्य माननीय न्यायाधीश श्री अब्दुल अजिज मुसलमान
सदस्य माननीय न्यायाधीश श्री नित्यानन्द पाण्डेय",False
076-CR-0050,ठहर,"अध्यक्ष माननीय न्यायाधीश श्री श्रीकान्त पौडेल
सदस्य माननीय न्यायाधीश श्री यमुना भट्टराई
सदस्य माननीय न्यायाधीश श्री शालिग्राम कोइराला",False
076-CR-0051,सफाई,"अध्यक्ष माननीय न्यायाधीश श्री श्रीकान्त पौडेल
सदस्य माननीय न्यायाधीश डा. श्री खुशी प्रसाद थारु
सदस्य माननीय न्यायाधीश श्री बलभद्र बास्तोला",False
076-CR-0052,ठहर,"सदस्य माननीय न्यायाधीश श्री यमुना भट्टराई
सदस्य माननीय न्यायाधीश श्री शालिग्राम कोइराला
सदस्य माननीय न्यायाधीश श्री बलभद्र बास्तोला",False
076-CR-0053,सफाई,"सदस्य माननीय न्यायाधीश श्री रमेशकुमार पोखरेल
सदस्य माननीय न्यायाधीश श्री यमुना भट्टराई
सदस्य माननीय न्यायाधीश श्री बलभद्र बास्तोला",False
076-CR-0054,ठहर,"सदस्य माननीय न्यायाधीश डा. श्री खुशी प्रसाद थारु
सदस्य माननीय न्यायाधीश श्री रमेशकुमार पोखरेल
सदस्य माननीय न्यायाधीश श्री बलभद्र बास्तोला",False
076-CR-0055,सफाई,"अध्यक्ष माननीय न्यायाधीश श्री श्रीकान्त पौडेल
सदस्य माननीय न्यायाधीश श्री शालिग्राम कोइराला
सदस्य माननीय न्यायाधीश श्री बलभद्र बास्तोला",False
076-CR-0056,ठहर,"अध्यक्ष माननीय न्यायाधीश श्री प्रेमराज कार्की
सदस्य माननीय न्यायाधीश श्री बालेन्द्र रुपाखेती
सदस्य माननीय न्यायाधीश श्री शान्तिसिंह थापा",False
076-CR-0057,सफाई,"अध्यक्ष माननीय न्यायाधीश श्री श्रीकान्त पौडेल
सदस्य माननीय न्यायाधीश डा. श्री खुशी प्रसाद थारु
सदस्य माननीय न्यायाधीश श्री बलभद्र बास्तोला",False
076-CR-0058,सफाई,"सदस्य माननीय न्यायाधीश श्री कृष्ण गिरी
सदस्य माननीय न्यायाधीश श्री शान्तिसिंह थापा
सदस्य माननीय न्यायाधीश श्री चन्द्रबहादुर सारु",False
076-CR-0059,ठहर,"अध्यक्ष माननीय न्यायाधीश श्री श्रीकान्त पौडेल
सदस्य माननीय न्यायाधीश श्री बलभद्र बास्तोला",False
076-CR-0060,सफाई,"सदस्य माननीय न्यायाधीश डा. श्री खुशी प्रसाद थारु
सदस्य माननीय न्यायाधीश श्री रमेशकुमार पोखरेल
सदस्य माननीय न्यायाधीश श्री यमुना भट्टराई",False
076-CR-0061,ठहर,"अध्यक्ष माननीय न्यायाधीश श्री श्रीकान्त पौडेल
सदस्य माननीय न्यायाधीश श्री बलभद्र बास्तोला",False
076-CR-0062,सफाई,"अध्यक्ष माननीय न्यायाधीश श्री टेक नारायण कुँवर
सदस्य माननीय न्यायाधीश श्री तेज नारायण सिंह राई
सदस्य माननीय न्यायाधीश श्री रितेन्द्र थापा",False
076-CR-0063,सफाई,"सदस्य माननीय न्यायाधीश श्री रमेशकुमार पोखरेल
सदस्य माननीय न्यायाधीश श्री यमुना भट्टराई",False
076-CR-0064,आंशिक ठहर,"अध्यक्ष माननीय न्यायाधीश श्री श्रीकान्त पौडेल
सदस्य माननीय न्यायाधीश डा. श्री खुशी प्रसाद थारु
सदस्य माननीय न्यायाधीश श्री शालिग्राम कोइराला",False
076-CR-0065,ठहर,"सदस्य माननीय न्यायाधीश श्री बालेन्द्र रुपाखेती
सदस्य माननीय न्यायाधीश श्री नित्यानन्द पाण्डेय",False
076-CR-0066,आंशिक ठहर,"सदस्य माननीय न्यायाधीश श्री नित्यानन्द पाण्डेय
सदस्य माननीय न्यायाधीश श्री शान्तिसिंह थापा
सदस्य माननीय न्यायाधीश श्री चन्द्रबहादुर सारु",False
076-CR-0067,ठहर,"सदस्य माननीय न्यायाधीश श्री अब्दुल अजिज मुसलमान
सदस्य माननीय न्यायाधीश श्री नित्यानन्द पाण्डेय",False
076-CR-0068,सफाई,"सदस्य माननीय न्यायाधीश श्री रमेशकुमार पोखरेल
सदस्य माननीय न्यायाधीश श्री शालिग्राम कोइराला
सदस्य माननीय न्यायाधीश श्री बलभद्र बास्तोला",False
076-CR-0069,सफाई,"अध्यक्ष माननीय न्यायाधीश श्री श्रीकान्त पौडेल
सदस्य माननीय न्यायाधीश डा. श्री खुशी प्रसाद थारु",False
076-CR-0070,आंशिक ठहर,"अध्यक्ष माननीय न्यायाधीश श्री श्रीकान्त पौडेल
सदस्य माननीय न्यायाधीश डा. श्री खुशी प्रसाद थारु
सदस्य माननीय न्यायाधीश श्री शालिग्राम कोइराला",False
076-CR-0071,सफाई,"अध्यक्ष माननीय न्यायाधीश श्री श्रीकान्त पौडेल
सदस्य माननीय न्यायाधीश श्री यमुना भट्टराई
सदस्य माननीय न्यायाधीश श्री शालिग्राम कोइराला",False
076-CR-0072,सफाई,"सदस्य माननीय न्यायाधीश डा. श्री खुशी प्रसाद थारु
सदस्य माननीय न्यायाधीश श्री रमेशकुमार पोखरेल
सदस्य माननीय न्यायाधीश श्री बलभद्र बास्तोला",False
076-CR-0073,सफाई,"सदस्य माननीय न्यायाधीश श्री रमेशकुमार पोखरेल
सदस्य माननीय न्यायाधीश श्री यमुना भट्टराई
सदस्य माननीय न्यायाधीश श्री शालिग्राम कोइराला",False
076-CR-0074,सफाई,"सदस्य माननीय न्यायाधीश श्री रमेशकुमार पोखरेल
सदस्य माननीय न्यायाधीश श्री यमुना भट्टराई
सदस्य माननीय न्यायाधीश श्री बलभद्र बास्तोला",False
076-CR-0075,ठहर,"सदस्य माननीय न्यायाधीश श्री अब्दुल अजिज मुसलमान
सदस्य माननीय न्यायाधीश श्री शान्तिसिंह थापा
सदस्य माननीय न्यायाधीश श्री चन्द्रबहादुर सारु",False
076-CR-0076,सफाई,"अध्यक्ष माननीय न्यायाधीश श्री श्रीकान्त पौडेल
सदस्य माननीय न्यायाधीश डा. श्री खुशी प्रसाद थारु
सदस्य माननीय न्यायाधीश श्री बलभद्र बास्तोला",False
076-CR-0077,आंशिक ठहर,"सदस्य माननीय न्यायाधीश श्री अब्दुल अजिज मुसलमान
सदस्य माननीय न्यायाधीश श्री नित्यानन्द पाण्डेय",False
076-CR-0078,सफाई,"सदस्य माननीय न्यायाधीश श्री चन्द्रबहादुर सारु
सदस्य माननीय न्यायाधीश डा. सदस्य माननीय न्यायाधीश श्री रवि शर्मा अर्याल",False
076-CR-0079,सफाई,"सदस्य माननीय न्यायाधीश श्री बालेन्द्र रुपाखेती
सदस्य माननीय न्यायाधीश श्री नित्यानन्द पाण्डेय
सदस्य माननीय न्यायाधीश श्री शान्तिसिंह थापा",False
076-CR-0080,सफाई,"सदस्य माननीय न्यायाधीश श्री बालेन्द्र रुपाखेती
सदस्य माननीय न्यायाधीश श्री नित्यानन्द पाण्डेय
सदस्य माननीय न्यायाधीश श्री शान्तिसिंह थापा",False
076-CR-0081,सफाई,"सदस्य माननीय न्यायाधीश श्री रमेशकुमार पोखरेल
सदस्य माननीय न्यायाधीश श्री यमुना भट्टराई",False
076-CR-0082,ठहर,"अध्यक्ष माननीय न्यायाधीश श्री श्रीकान्त पौडेल
सदस्य माननीय न्यायाधीश श्री रमेशकुमार पोखरेल",False
076-CR-0083,आंशिक ठहर,"अध्यक्ष माननीय न्यायाधीश श्री टेक नारायण कुँवर
सदस्य माननीय न्यायाधीश श्री तेज नारायण सिंह राई
सदस्य माननीय न्यायाधीश श्री रितेन्द्र थापा",False
076-CR-0084,आंशिक ठहर,"अध्यक्ष माननीय न्यायाधीश श्री टेक नारायण कुँवर
सदस्य माननीय न्यायाधीश श्री तेज नारायण सिंह राई
सदस्य माननीय न्यायाधीश श्री रितेन्द्र थापा",False
076-CR-0085,आंशिक ठहर,"अध्यक्ष माननीय न्यायाधीश श्री टेक नारायण कुँवर
सदस्य माननीय न्यायाधीश श्री तेज नारायण सिंह राई
सदस्य माननीय न्यायाधीश श्री रितेन्द्र थापा",False
076-CR-0086,आंशिक ठहर,"अध्यक्ष माननीय न्यायाधीश श्री टेक नारायण कुँवर
सदस्य माननीय न्यायाधीश श्री तेज नारायण सिंह राई
सदस्य माननीय न्यायाधीश श्री रितेन्द्र थापा",False
076-CR-0087,सफाई,"अध्यक्ष माननीय न्यायाधीश श्री टेक नारायण कुँवर
सदस्य माननीय न्यायाधीश श्री तेज नारायण सिंह राई
सदस्य माननीय न्यायाधीश श्री रितेन्द्र थापा",False
076-CR-0088,सफाई,"अध्यक्ष माननीय न्यायाधीश श्री टेक नारायण कुँवर
सदस्य माननीय न्यायाधीश श्री तेज नारायण सिंह राई
सदस्य माननीय न्यायाधीश श्री रितेन्द्र थापा",False
076-CR-0089,आंशिक ठहर,"अध्यक्ष माननीय न्यायाधीश श्री टेक नारायण कुँवर
सदस्य माननीय न्यायाधीश श्री तेज नारायण सिंह राई
सदस्य माननीय न्यायाधीश श्री रितेन्द्र थापा",False
076-CR-0090,आंशिक ठहर,"अध्यक्ष माननीय न्यायाधीश श्री टेक नारायण कुँवर
सदस्य माननीय न्यायाधीश श्री तेज नारायण सिंह राई
सदस्य माननीय न्यायाधीश श्री रितेन्द्र थापा",False
076-CR-0091,आंशिक ठहर,"अध्यक्ष माननीय न्यायाधीश श्री टेक नारायण कुँवर
सदस्य माननीय न्यायाधीश श्री तेज नारायण सिंह राई
सदस्य माननीय न्यायाधीश श्री रितेन्द्र थापा",False
076-CR-0092,आंशिक ठहर,"अध्यक्ष माननीय न्यायाधीश श्री टेक नारायण कुँवर
सदस्य माननीय न्यायाधीश श्री तेज नारायण सिंह राई
सदस्य माननीय न्यायाधीश श्री रितेन्द्र थापा",False
076-CR-0093,ठहर,"सदस्य माननीय न्यायाधीश डा. श्री खुशी प्रसाद थारु
सदस्य माननीय न्यायाधीश श्री रमेशकुमार पोखरेल
सदस्य माननीय न्यायाधीश श्री यमुना भट्टराई",False
076-CR-0094,आंशिक ठहर,"अध्यक्ष माननीय न्यायाधीश श्री श्रीकान्त पौडेल
सदस्य माननीय न्यायाधीश श्री यमुना भट्टराई",False
076-CR-0095,आंशिक ठहर,"सदस्य माननीय न्यायाधीश डा. श्री खुशी प्रसाद थारु
सदस्य माननीय न्यायाधीश श्री रमेशकुमार पोखरेल
सदस्य माननीय न्यायाधीश श्री यमुना भट्टराई",False
076-CR-0096,ठहर,"अध्यक्ष माननीय न्यायाधीश श्री प्रेमराज कार्की
सदस्य माननीय न्यायाधीश श्री बालेन्द्र रुपाखेती
सदस्य माननीय न्यायाधीश श्री शान्तिसिंह थापा",False
076-CR-0097,ठहर,"अध्यक्ष माननीय न्यायाधीश श्री शिवराज अधिकारी
सदस्य माननीय न्यायाधीश श्री बालेन्द्र रुपाखेती
सदस्य माननीय न्यायाधीश डा. सदस्य माननीय न्यायाधीश श्री रवि शर्मा अर्याल",False
076-CR-0098,सफाई,"अध्यक्ष माननीय न्यायाधीश श्री प्रेमराज कार्की
सदस्य माननीय न्यायाधीश श्री शान्तिसिंह थापा
सदस्य माननीय न्यायाधीश श्री चन्द्रबहादुर सारु",False
076-CR-0099,ठहर,"सदस्य माननीय न्यायाधीश श्री अब्दुल अजिज मुसलमान
सदस्य माननीय न्यायाधीश श्री नित्यानन्द पाण्डेय",False
076-CR-0100,आंशिक ठहर,"अध्यक्ष माननीय न्यायाधीश श्री टेक नारायण कुँवर
सदस्य माननीय न्यायाधीश श्री तेज नारायण सिंह राई
सदस्य माननीय न्यायाधीश श्री रितेन्द्र थापा",False
076-CR-0101,आंशिक ठहर,"अध्यक्ष माननीय न्यायाधीश श्री टेक नारायण कुँवर
सदस्य माननीय न्यायाधीश श्री तेज नारायण सिंह राई
सदस्य माननीय न्यायाधीश श्री रितेन्द्र थापा",False
076-CR-0102,आंशिक ठहर,"अध्यक्ष माननीय न्यायाधीश श्री टेक नारायण कुँवर
सदस्य माननीय न्यायाधीश श्री तेज नारायण सिंह राई
सदस्य माननीय न्यायाधीश श्री रितेन्द्र थापा",False
076-CR-0103,आंशिक ठहर,"अध्यक्ष माननीय न्यायाधीश श्री टेक नारायण कुँवर
सदस्य माननीय न्यायाधीश श्री तेज नारायण सिंह राई
सदस्य माननीय न्यायाधीश श्री रितेन्द्र थापा",False
076-CR-0104,आंशिक ठहर,"अध्यक्ष माननीय न्यायाधीश श्री टेक नारायण कुँवर
सदस्य माननीय न्यायाधीश श्री तेज नारायण सिंह राई
सदस्य माननीय न्यायाधीश श्री रितेन्द्र थापा",False
076-CR-0105,आंशिक ठहर,"अध्यक्ष माननीय न्यायाधीश श्री टेक नारायण कुँवर
सदस्य माननीय न्यायाधीश श्री तेज नारायण सिंह राई
सदस्य माननीय न्यायाधीश श्री रितेन्द्र थापा",False
076-CR-0106,आंशिक ठहर,"अध्यक्ष माननीय न्यायाधीश श्री टेक नारायण कुँवर
सदस्य माननीय न्यायाधीश श्री तेज नारायण सिंह राई
सदस्य माननीय न्यायाधीश श्री रितेन्द्र थापा",False
076-CR-0107,आंशिक ठहर,"अध्यक्ष माननीय न्यायाधीश श्री टेक नारायण कुँवर
सदस्य माननीय न्यायाधीश श्री तेज नारायण सिंह राई
सदस्य माननीय न्यायाधीश श्री रितेन्द्र थापा",False
076-CR-0108,आंशिक ठहर,"अध्यक्ष माननीय न्यायाधीश श्री टेक नारायण कुँवर
सदस्य माननीय न्यायाधीश श्री तेज नारायण सिंह राई
सदस्य माननीय न्यायाधीश श्री रितेन्द्र थापा",False
076-CR-0109,आंशिक ठहर,"अध्यक्ष माननीय न्यायाधीश श्री टेक नारायण कुँवर
सदस्य माननीय न्यायाधीश श्री तेज नारायण सिंह राई
सदस्य माननीय न्यायाधीश श्री रितेन्द्र थापा",False
076-CR-0110,ठहर,"अध्यक्ष माननीय न्यायाधीश श्री शिवराज अधिकारी
सदस्य माननीय न्यायाधीश श्री बालेन्द्र रुपाखेती
सदस्य माननीय न्यायाधीश डा. सदस्य माननीय न्यायाधीश श्री रवि शर्मा अर्याल",False
076-CR-0111,आंशिक ठहर,"अध्यक्ष माननीय न्यायाधीश श्री प्रेमराज कार्की
सदस्य माननीय न्यायाधीश श्री अब्दुल अजिज मुसलमान
सदस्य माननीय न्यायाधीश श्री चन्द्रबहादुर सारु",False
076-CR-0112,सफाई,"अध्यक्ष माननीय न्यायाधीश श्री श्रीकान्त पौडेल
सदस्य माननीय न्यायाधीश श्री यमुना भट्टराई
सदस्य माननीय न्यायाधीश श्री शालिग्राम कोइराला",False
076-CR-0113,सफाई,"सदस्य माननीय न्यायाधीश श्री कृष्ण गिरी
सदस्य माननीय न्यायाधीश श्री शान्तिसिंह थापा
सदस्य माननीय न्यायाधीश श्री चन्द्रबहादुर सारु",False
076-CR-0114,सफाई,"अध्यक्ष माननीय न्यायाधीश श्री श्रीकान्त पौडेल
सदस्य माननीय न्यायाधीश श्री यमुना भट्टराई
सदस्य माननीय न्यायाधीश श्री बलभद्र बास्तोला",False
076-CR-0115,आंशिक ठहर,"अध्यक्ष माननीय न्यायाधीश श्री श्रीकान्त पौडेल
सदस्य माननीय न्यायाधीश डा. श्री खुशी प्रसाद थारु
सदस्य माननीय न्यायाधीश श्री यमुना भट्टराई",False
076-CR-0116,सफाई,"अध्यक्ष माननीय न्यायाधीश श्री श्रीकान्त पौडेल
सदस्य माननीय न्यायाधीश श्री शालिग्राम कोइराला
सदस्य माननीय न्यायाधीश श्री बलभद्र बास्तोला",False
076-CR-0117,सफाई,"सदस्य माननीय न्यायाधीश डा. श्री खुशी प्रसाद थारु
सदस्य माननीय न्यायाधीश श्री रमेशकुमार पोखरेल
सदस्य माननीय न्यायाधीश श्री यमुना भट्टराई",False
076-CR-0118,सफाई,"अध्यक्ष माननीय न्यायाधीश श्री श्रीकान्त पौडेल
सदस्य माननीय न्यायाधीश श्री शालिग्राम कोइराला
सदस्य माननीय न्यायाधीश श्री बलभद्र बास्तोला",False
076-CR-0119,सफाई,"अध्यक्ष माननीय न्यायाधीश श्री श्रीकान्त पौडेल
सदस्य माननीय न्यायाधीश श्री यमुना भट्टराई
सदस्य माननीय न्यायाधीश श्री शालिग्राम कोइराला",False
076-CR-0120,आंशिक ठहर,"अध्यक्ष माननीय न्यायाधीश श्री श्रीकान्त पौडेल
सदस्य माननीय न्यायाधीश श्री शालिग्राम कोइराला",False
076-CR-0121,आंशिक ठहर,"सदस्य माननीय न्यायाधीश श्री रमेशकुमार पोखरेल
सदस्य माननीय न्यायाधीश श्री शालिग्राम कोइराला
सदस्य माननीय न्यायाधीश श्री बलभद्र बास्तोला",False
076-CR-0122,आंशिक ठहर,"सदस्य माननीय न्यायाधीश श्री अब्दुल अजिज मुसलमान
सदस्य माननीय न्यायाधीश श्री नित्यानन्द पाण्डेय
सदस्य माननीय न्यायाधीश श्री शान्तिसिंह थापा",False
076-CR-0123,सफाई,"सदस्य माननीय न्यायाधीश श्री बालेन्द्र रुपाखेती
सदस्य माननीय न्यायाधीश श्री शान्तिसिंह थापा
सदस्य माननीय न्यायाधीश श्री चन्द्रबहादुर सारु",False
076-CR-0124,ठहर,"अध्यक्ष माननीय न्यायाधीश श्री श्रीकान्त पौडेल
सदस्य माननीय न्यायाधीश डा. श्री खुशी प्रसाद थारु
सदस्य माननीय न्यायाधीश श्री बलभद्र बास्तोला",False
076-CR-0125,आंशिक ठहर,"अध्यक्ष माननीय न्यायाधीश श्री श्रीकान्त पौडेल
सदस्य माननीय न्यायाधीश डा. श्री खुशी प्रसाद थारु
सदस्य माननीय न्यायाधीश श्री बलभद्र बास्तोला",False
076-CR-0126,आंशिक ठहर,"अध्यक्ष माननीय न्यायाधीश श्री श्रीकान्त पौडेल
सदस्य माननीय न्यायाधीश डा. श्री खुशी प्रसाद थारु
सदस्य माननीय न्यायाधीश श्री बलभद्र बास्तोला",False
076-CR-0127,सफाई,"अध्यक्ष माननीय न्यायाधीश श्री श्रीकान्त पौडेल
सदस्य माननीय न्यायाधीश डा. श्री खुशी प्रसाद थारु
सदस्य माननीय न्यायाधीश श्री बलभद्र बास्तोला",False
076-CR-0128,सफाई,"अध्यक्ष माननीय न्यायाधीश श्री शिवराज अधिकारी
सदस्य माननीय न्यायाधीश श्री बालेन्द्र रुपाखेती
सदस्य माननीय न्यायाधीश डा. सदस्य माननीय न्यायाधीश श्री रवि शर्मा अर्याल",False
076-CR-0129,आंशिक ठहर,"अध्यक्ष माननीय न्यायाधीश श्री श्रीकान्त पौडेल
सदस्य माननीय न्यायाधीश डा. श्री खुशी प्रसाद थारु
सदस्य माननीय न्यायाधीश श्री यमुना भट्टराई",False
076-CR-0130,सफाई,"अध्यक्ष माननीय न्यायाधीश श्री श्रीकान्त पौडेल
सदस्य माननीय न्यायाधीश श्री यमुना भट्टराई
सदस्य माननीय न्यायाधीश श्री बलभद्र बास्तोला",False
076-CR-0131,सफाई,"सदस्य माननीय न्यायाधीश श्री रमेशकुमार पोखरेल
सदस्य माननीय न्यायाधीश श्री यमुना भट्टराई
सदस्य माननीय न्यायाधीश श्री शालिग्राम कोइराला",False
076-CR-0132,सफाई,"अध्यक्ष माननीय न्यायाधीश श्री श्रीकान्त पौडेल
सदस्य माननीय न्यायाधीश डा. श्री खुशी प्रसाद थारु
सदस्य माननीय न्यायाधीश श्री बलभद्र बास्तोला",False
076-CR-0133,सफाई,माननीय न्यायाधीश श्री अब्दुल अजिज मुसलमान माननीय न्यायाधीश श्री नित्यानन्द पाण्डेय,True
076-CR-0134,सफाई,"अध्यक्ष माननीय न्यायाधीश श्री श्रीकान्त पौडेल
सदस्य माननीय न्यायाधीश डा. श्री खुशी प्रसाद थारु
सदस्य माननीय न्यायाधीश श्री शालिग्राम कोइराला",False
076-CR-0135,सफाई,"अध्यक्ष माननीय न्यायाधीश श्री श्रीकान्त पौडेल
सदस्य माननीय न्यायाधीश डा. श्री खुशी प्रसाद थारु
सदस्य माननीय न्यायाधीश श्री बलभद्र बास्तोला",False
076-CR-0136,सफाई,"सदस्य माननीय न्यायाधीश श्री यमुना भट्टराई
सदस्य माननीय न्यायाधीश श्री बलभद्र बास्तोला",False
076-CR-0137,सफाई,"अध्यक्ष माननीय न्यायाधीश श्री श्रीकान्त पौडेल
सदस्य माननीय न्यायाधीश डा. श्री खुशी प्रसाद थारु
सदस्य माननीय न्यायाधीश श्री शालिग्राम कोइराला",False
076-CR-0138,सफाई,"सदस्य माननीय न्यायाधीश श्री रमेशकुमार पोखरेल
सदस्य माननीय न्यायाधीश श्री यमुना भट्टराई
सदस्य माननीय न्यायाधीश श्री शालिग्राम कोइराला",False
076-CR-0139,सफाई,"अध्यक्ष माननीय न्यायाधीश श्री श्रीकान्त पौडेल
सदस्य माननीय न्यायाधीश श्री शालिग्राम कोइराला
सदस्य माननीय न्यायाधीश श्री बलभद्र बास्तोला",False
076-CR-0140,ठहर,"सदस्य माननीय न्यायाधीश श्री रमेशकुमार पोखरेल
सदस्य माननीय न्यायाधीश श्री शालिग्राम कोइराला
सदस्य माननीय न्यायाधीश श्री बलभद्र बास्तोला",False
076-CR-0141,सफाई,"सदस्य माननीय न्यायाधीश श्री रमेशकुमार पोखरेल
सदस्य माननीय न्यायाधीश श्री यमुना भट्टराई
सदस्य माननीय न्यायाधीश श्री बलभद्र बास्तोला",False
076-CR-0142,ठहर,"अध्यक्ष माननीय न्यायाधीश श्री शिवराज अधिकारी
सदस्य माननीय न्यायाधीश श्री बालेन्द्र रुपाखेती
सदस्य माननीय न्यायाधीश डा. सदस्य माननीय न्यायाधीश श्री रवि शर्मा अर्याल",False
076-CR-0143,ठहर,"सदस्य माननीय न्यायाधीश श्री यमुना भट्टराई
सदस्य माननीय न्यायाधीश श्री शालिग्राम कोइराला
सदस्य माननीय न्यायाधीश श्री बलभद्र बास्तोला",False
076-CR-0144,सफाई,"सदस्य माननीय न्यायाधीश श्री रमेशकुमार पोखरेल
सदस्य माननीय न्यायाधीश श्री यमुना भट्टराई
सदस्य माननीय न्यायाधीश श्री बलभद्र बास्तोला",False
076-CR-0145,सफाई,"अध्यक्ष माननीय न्यायाधीश श्री श्रीकान्त पौडेल
सदस्य माननीय न्यायाधीश श्री शालिग्राम कोइराला
सदस्य माननीय न्यायाधीश श्री बलभद्र बास्तोला",False
076-CR-0146,आंशिक ठहर,"अध्यक्ष माननीय न्यायाधीश श्री शिवराज अधिकारी
सदस्य माननीय न्यायाधीश श्री बालेन्द्र रुपाखेती
सदस्य माननीय न्यायाधीश डा. सदस्य माननीय न्यायाधीश श्री रवि शर्मा अर्याल",False
076-CR-0147,सफाई,"अध्यक्ष माननीय न्यायाधीश श्री श्रीकान्त पौडेल
सदस्य माननीय न्यायाधीश डा. श्री खुशी प्रसाद थारु",False
076-CR-0148,ठहर,"सदस्य माननीय न्यायाधीश श्री यमुना भट्टराई
सदस्य माननीय न्यायाधीश श्री बलभद्र बास्तोला",False
076-CR-0149,आंशिक ठहर,"सदस्य माननीय न्यायाधीश श्री रमेशकुमार पोखरेल
सदस्य माननीय न्यायाधीश श्री शालिग्राम कोइराला
सदस्य माननीय न्यायाधीश श्री बलभद्र बास्तोला",False
076-CR-0150,ठहर,"सदस्य माननीय न्यायाधीश श्री बालेन्द्र रुपाखेती
सदस्य माननीय न्यायाधीश श्री नित्यानन्द पाण्डेय
सदस्य माननीय न्यायाधीश श्री चन्द्रबहादुर सारु",False
076-CR-0151,सफाई,अध्यक्ष माननीय न्यायाधीश श्री श्रीकान्त पौडेल सदस्य माननीय न्यायाधीश श्री शालिग्राम कोइराला सदस्य माननीय न्यायाधीश डा.श्री खुशी प्रसाद थारु,True
076-CR-0152,सफाई,"अध्यक्ष माननीय न्यायाधीश श्री श्रीकान्त पौडेल
सदस्य माननीय न्यायाधीश डा. श्री खुशी प्रसाद थारु
सदस्य माननीय न्यायाधीश श्री शालिग्राम कोइराला",False
076-CR-0153,सफाई,"अध्यक्ष माननीय न्यायाधीश श्री श्रीकान्त पौडेल
सदस्य माननीय न्यायाधीश डा. श्री खुशी प्रसाद थारु
सदस्य माननीय न्यायाधीश श्री बलभद्र बास्तोला",False
076-CR-0154,सफाई,"अध्यक्ष माननीय न्यायाधीश श्री श्रीकान्त पौडेल
सदस्य माननीय न्यायाधीश श्री यमुना भट्टराई
सदस्य माननीय न्यायाधीश श्री शालिग्राम कोइराला",False
076-CR-0155,आंशिक ठहर,"अध्यक्ष माननीय न्यायाधीश श्री प्रेमराज कार्की
सदस्य माननीय न्यायाधीश श्री चन्द्रबहादुर सारु",False
076-CR-0156,आंशिक ठहर,"अध्यक्ष माननीय न्यायाधीश श्री श्रीकान्त पौडेल
सदस्य माननीय न्यायाधीश डा. श्री खुशी प्रसाद थारु
सदस्य माननीय न्यायाधीश श्री यमुना भट्टराई",False
076-CR-0157,ठहर,"सदस्य माननीय न्यायाधीश डा. श्री खुशी प्रसाद थारु
सदस्य माननीय न्यायाधीश श्री यमुना भट्टराई",False
076-CR-0158,सफाई,"अध्यक्ष माननीय न्यायाधीश श्री श्रीकान्त पौडेल
सदस्य माननीय न्यायाधीश श्री यमुना भट्टराई
सदस्य माननीय न्यायाधीश श्री बलभद्र बास्तोला",False
076-CR-0159,सफाई,"अध्यक्ष माननीय न्यायाधीश श्री श्रीकान्त पौडेल
सदस्य माननीय न्यायाधीश श्री यमुना भट्टराई
सदस्य माननीय न्यायाधीश श्री बलभद्र बास्तोला",False
076-CR-0160,ठहर,"अध्यक्ष माननीय न्यायाधीश श्री श्रीकान्त पौडेल
सदस्य माननीय न्यायाधीश श्री शालिग्राम कोइराला
सदस्य माननीय न्यायाधीश श्री बलभद्र बास्तोला",False
076-CR-0161,सफाई,"अध्यक्ष माननीय न्यायाधीश श्री श्रीकान्त पौडेल
सदस्य माननीय न्यायाधीश डा. श्री खुशी प्रसाद थारु
सदस्य माननीय न्यायाधीश श्री शालिग्राम कोइराला",False
076-CR-0162,आंशिक ठहर,"अध्यक्ष माननीय न्यायाधीश श्री श्रीकान्त पौडेल
सदस्य माननीय न्यायाधीश श्री रमेशकुमार पोखरेल
सदस्य माननीय न्यायाधीश श्री बलभद्र बास्तोला",False
076-CR-0163,सफाई,"सदस्य माननीय न्यायाधीश श्री यमुना भट्टराई
सदस्य माननीय न्यायाधीश श्री बलभद्र बास्तोला",False
076-CR-0164,सफाई,"अध्यक्ष माननीय न्यायाधीश श्री श्रीकान्त पौडेल
सदस्य माननीय न्यायाधीश डा. श्री खुशी प्रसाद थारु
सदस्य माननीय न्यायाधीश श्री शालिग्राम कोइराला",False
076-CR-0165,सफाई,"अध्यक्ष माननीय न्यायाधीश श्री श्रीकान्त पौडेल
सदस्य माननीय न्यायाधीश डा. श्री खुशी प्रसाद थारु
सदस्य माननीय न्यायाधीश श्री यमुना भट्टराई",False
076-CR-0166,ठहर,"सदस्य माननीय न्यायाधीश श्री बालेन्द्र रुपाखेती
सदस्य माननीय न्यायाधीश श्री नित्यानन्द पाण्डेय
सदस्य माननीय न्यायाधीश श्री शान्तिसिंह थापा",False
076-CR-0167,सफाई,"सदस्य माननीय न्यायाधीश श्री अब्दुल अजिज मुसलमान
सदस्य माननीय न्यायाधीश श्री नित्यानन्द पाण्डेय",False
076-CR-0168,सफाई,"अध्यक्ष माननीय न्यायाधीश श्री श्रीकान्त पौडेल
सदस्य माननीय न्यायाधीश श्री शालिग्राम कोइराला
सदस्य माननीय न्यायाधीश श्री बलभद्र बास्तोला",False
076-CR-0169,सफाई,"अध्यक्ष माननीय न्यायाधीश श्री श्रीकान्त पौडेल
सदस्य माननीय न्यायाधीश डा. श्री खुशी प्रसाद थारु
सदस्य माननीय न्यायाधीश श्री बलभद्र बास्तोला",False
076-CR-0170,सफाई,"सदस्य माननीय न्यायाधीश श्री अब्दुल अजिज मुसलमान
सदस्य माननीय न्यायाधीश श्री शान्तिसिंह थापा
सदस्य माननीय न्यायाधीश श्री चन्द्रबहादुर सारु",False
076-CR-0171,सफाई,"सदस्य माननीय न्यायाधीश डा. श्री खुशी प्रसाद थारु
सदस्य माननीय न्यायाधीश श्री यमुना भट्टराई",False
076-CR-0172,आंशिक ठहर,"अध्यक्ष माननीय न्यायाधीश श्री श्रीकान्त पौडेल
सदस्य माननीय न्यायाधीश श्री रमेशकुमार पोखरेल
सदस्य माननीय न्यायाधीश श्री यमुना भट्टराई",False
076-CR-0173,ठहर,"सदस्य माननीय न्यायाधीश श्री अब्दुल अजिज मुसलमान
सदस्य माननीय न्यायाधीश श्री नित्यानन्द पाण्डेय
सदस्य माननीय न्यायाधीश श्री शान्तिसिंह थापा",False
076-CR-0174,सफाई,"अध्यक्ष माननीय न्यायाधीश श्री श्रीकान्त पौडेल
सदस्य माननीय न्यायाधीश डा. श्री खुशी प्रसाद थारु
सदस्य माननीय न्यायाधीश श्री यमुना भट्टराई",False
076-CR-0175,सफाई,"अध्यक्ष माननीय न्यायाधीश श्री प्रेमराज कार्की
सदस्य माननीय न्यायाधीश श्री बालेन्द्र रुपाखेती
सदस्य माननीय न्यायाधीश श्री शान्तिसिंह थापा",False
076-CR-0176,सफाई,"सदस्य माननीय न्यायाधीश डा. श्री खुशी प्रसाद थारु
सदस्य माननीय न्यायाधीश श्री रमेशकुमार पोखरेल
सदस्य माननीय न्यायाधीश श्री बलभद्र बास्तोला",False
076-CR-0177,सफाई,"सदस्य माननीय न्यायाधीश श्री रमेशकुमार पोखरेल
सदस्य माननीय न्यायाधीश श्री यमुना भट्टराई
सदस्य माननीय न्यायाधीश श्री बलभद्र बास्तोला",False
076-CR-0178,सफाई,"अध्यक्ष माननीय न्यायाधीश श्री श्रीकान्त पौडेल
सदस्य माननीय न्यायाधीश श्री यमुना भट्टराई
सदस्य माननीय न्यायाधीश श्री बलभद्र बास्तोला",False
076-CR-0179,सफाई,"सदस्य माननीय न्यायाधीश डा. श्री खुशी प्रसाद थारु
सदस्य माननीय न्यायाधीश श्री यमुना भट्टराई
सदस्य माननीय न्यायाधीश श्री शालिग्राम कोइराला",False
076-CR-0180,सफाई,"अध्यक्ष माननीय न्यायाधीश श्री श्रीकान्त पौडेल
सदस्य माननीय न्यायाधीश डा. श्री खुशी प्रसाद थारु
सदस्य माननीय न्यायाधीश श्री बलभद्र बास्तोला",False
076-CR-0181,सफाई,"अध्यक्ष माननीय न्यायाधीश श्री श्रीकान्त पौडेल
सदस्य माननीय न्यायाधीश डा. श्री खुशी प्रसाद थारु
सदस्य माननीय न्यायाधीश श्री बलभद्र बास्तोला",False
076-CR-0182,सफाई,"सदस्य माननीय न्यायाधीश श्री रमेशकुमार पोखरेल
सदस्य माननीय न्यायाधीश श्री यमुना भट्टराई
सदस्य माननीय न्यायाधीश श्री बलभद्र बास्तोला",False
076-CR-0183,सफाई,"अध्यक्ष माननीय न्यायाधीश श्री श्रीकान्त पौडेल
सदस्य माननीय न्यायाधीश श्री यमुना भट्टराई
सदस्य माननीय न्यायाधीश श्री शालिग्राम कोइराला",False
076-CR-0184,सफाई,"अध्यक्ष माननीय न्यायाधीश श्री श्रीकान्त पौडेल
सदस्य माननीय न्यायाधीश श्री शालिग्राम कोइराला",False
076-CR-0185,ठहर,"अध्यक्ष माननीय न्यायाधीश श्री शिवराज अधिकारी
सदस्य माननीय न्यायाधीश श्री बालेन्द्र रुपाखेती
सदस्य माननीय न्यायाधीश डा. सदस्य माननीय न्यायाधीश श्री रवि शर्मा अर्याल",False
076-CR-0186,सफाई,"सदस्य माननीय न्यायाधीश श्री रमेशकुमार पोखरेल
सदस्य माननीय न्यायाधीश श्री यमुना भट्टराई",False
076-CR-0187,आंशिक ठहर,"अध्यक्ष माननीय न्यायाधीश श्री श्रीकान्त पौडेल
सदस्य माननीय न्यायाधीश डा. श्री खुशी प्रसाद थारु
सदस्य माननीय न्यायाधीश श्री बलभद्र बास्तोला",False
076-CR-0188,ठहर,"सदस्य माननीय न्यायाधीश श्री रमेशकुमार पोखरेल
सदस्य माननीय न्यायाधीश श्री यमुना भट्टराई
सदस्य माननीय न्यायाधीश श्री शालिग्राम कोइराला",False
076-CR-0189,ठहर,सदस्य माननीय न्यायधीश श्री कृष्ण गिरी सदस्य माननीय न्यायधीश श्री शान्तिसिंह थापा सदस्य माननीय न्यायधीश श्री चन्द्रबहादुर सारू,True
076-CR-0190,ठहर,"सदस्य माननीय न्यायाधीश श्री रमेशकुमार पोखरेल
सदस्य माननीय न्यायाधीश श्री यमुना भट्टराई
सदस्य माननीय न्यायाधीश श्री शालिग्राम कोइराला",False
076-CR-0191,ठहर,"सदस्य माननीय न्यायाधीश श्री अब्दुल अजिज मुसलमान
सदस्य माननीय न्यायाधीश श्री बालेन्द्र रुपाखेती",False
076-CR-0192,ठहर,"अध्यक्ष माननीय न्यायाधीश श्री श्रीकान्त पौडेल
सदस्य माननीय न्यायाधीश डा. श्री खुशी प्रसाद थारु
सदस्य माननीय न्यायाधीश श्री यमुना भट्टराई",False
076-CR-0193,ठहर,"सदस्य माननीय न्यायाधीश श्री बालेन्द्र रुपाखेती
सदस्य माननीय न्यायाधीश श्री चन्द्रबहादुर सारु",False
076-CR-0194,ठहर,"अध्यक्ष माननीय न्यायाधीश श्री श्रीकान्त पौडेल
सदस्य माननीय न्यायाधीश डा. श्री खुशी प्रसाद थारु
सदस्य माननीय न्यायाधीश श्री बलभद्र बास्तोला",False
076-CR-0195,सफाई,"अध्यक्ष माननीय न्यायाधीश श्री श्रीकान्त पौडेल
सदस्य माननीय न्यायाधीश डा. श्री खुशी प्रसाद थारु
सदस्य माननीय न्यायाधीश श्री बलभद्र बास्तोला",False
076-CR-0196,आंशिक ठहर,"सदस्य माननीय न्यायाधीश डा. श्री खुशी प्रसाद थारु
सदस्य माननीय न्यायाधीश श्री यमुना भट्टराई
सदस्य माननीय न्यायाधीश श्री बलभद्र बास्तोला",False
076-CR-0197,आंशिक ठहर,"अध्यक्ष माननीय न्यायाधीश श्री श्रीकान्त पौडेल
सदस्य माननीय न्यायाधीश श्री बलभद्र बास्तोला",False
076-CR-0198,सफाई,"सदस्य माननीय न्यायाधीश श्री यमुना भट्टराई
सदस्य माननीय न्यायाधीश श्री बलभद्र बास्तोला",False
076-CR-0199,सफाई,"अध्यक्ष माननीय न्यायाधीश श्री श्रीकान्त पौडेल
सदस्य माननीय न्यायाधीश श्री शालिग्राम कोइराला
सदस्य माननीय न्यायाधीश श्री बलभद्र बास्तोला",False
076-CR-0200,सफाई,"सदस्य माननीय न्यायाधीश श्री बालेन्द्र रुपाखेती
सदस्य माननीय न्यायाधीश श्री नित्यानन्द पाण्डेय
सदस्य माननीय न्यायाधीश श्री शान्तिसिंह थापा",False
076-CR-0201,सफाई,"सदस्य माननीय न्यायाधीश डा. श्री खुशी प्रसाद थारु
सदस्य माननीय न्यायाधीश श्री रमेशकुमार पोखरेल
सदस्य माननीय न्यायाधीश श्री शालिग्राम कोइराला",False
076-CR-0202,सफाई,"अध्यक्ष माननीय न्यायाधीश श्री श्रीकान्त पौडेल
सदस्य माननीय न्यायाधीश डा. श्री खुशी प्रसाद थारु",False
076-CR-0203,ठहर,"अध्यक्ष माननीय न्यायाधीश श्री श्रीकान्त पौडेल
सदस्य माननीय न्यायाधीश डा. श्री खुशी प्रसाद थारु
सदस्य माननीय न्यायाधीश श्री बलभद्र बास्तोला",False
076-CR-0204,सफाई,"अध्यक्ष माननीय न्यायाधीश श्री श्रीकान्त पौडेल
सदस्य माननीय न्यायाधीश डा. श्री खुशी प्रसाद थारु
सदस्य माननीय न्यायाधीश श्री बलभद्र बास्तोला",False
076-CR-0205,सफाई,"अध्यक्ष माननीय न्यायाधीश श्री श्रीकान्त पौडेल
सदस्य माननीय न्यायाधीश डा. श्री खुशी प्रसाद थारु
सदस्य माननीय न्यायाधीश श्री बलभद्र बास्तोला",False
076-CR-0206,सफाई,"सदस्य माननीय न्यायाधीश श्री रमेशकुमार पोखरेल
सदस्य माननीय न्यायाधीश श्री शालिग्राम कोइराला
सदस्य माननीय न्यायाधीश श्री बलभद्र बास्तोला",False
076-CR-0207,सफाई,"अध्यक्ष माननीय न्यायाधीश श्री श्रीकान्त पौडेल
सदस्य माननीय न्यायाधीश श्री यमुना भट्टराई
सदस्य माननीय न्यायाधीश श्री शालिग्राम कोइराला",False
076-CR-0208,सफाई,"सदस्य माननीय न्यायाधीश श्री रमेशकुमार पोखरेल
सदस्य माननीय न्यायाधीश श्री यमुना भट्टराई
सदस्य माननीय न्यायाधीश श्री बलभद्र बास्तोला",False
076-CR-0209,ठहर,"सदस्य माननीय न्यायाधीश श्री रमेशकुमार पोखरेल
सदस्य माननीय न्यायाधीश श्री शालिग्राम कोइराला
सदस्य माननीय न्यायाधीश श्री बलभद्र बास्तोला",False
076-CR-0210,ठहर,"अध्यक्ष माननीय न्यायाधीश श्री शिवराज अधिकारी
सदस्य माननीय न्यायाधीश श्री बालेन्द्र रुपाखेती
सदस्य माननीय न्यायाधीश डा. सदस्य माननीय न्यायाधीश श्री रवि शर्मा अर्याल",False
076-CR-0211,आंशिक ठहर,"सदस्य माननीय न्यायाधीश डा. श्री खुशी प्रसाद थारु
सदस्य माननीय न्यायाधीश श्री रमेशकुमार पोखरेल
सदस्य माननीय न्यायाधीश श्री शालिग्राम कोइराला",False
076-CR-0212,ठहर,"अध्यक्ष माननीय न्यायाधीश श्री श्रीकान्त पौडेल
सदस्य माननीय न्यायाधीश डा. श्री खुशी प्रसाद थारु
सदस्य माननीय न्यायाधीश श्री यमुना भट्टराई",False
076-CR-0213,सफाई,"सदस्य माननीय न्यायाधीश डा. श्री खुशी प्रसाद थारु
सदस्य माननीय न्यायाधीश श्री बलभद्र बास्तोला",False
076-CR-0214,आंशिक ठहर,"सदस्य माननीय न्यायाधीश डा. श्री खुशी प्रसाद थारु
सदस्य माननीय न्यायाधीश श्री रमेशकुमार पोखरेल
सदस्य माननीय न्यायाधीश श्री बलभद्र बास्तोला",False
076-CR-0215,ठहर,सदस्य माननीय न्यायाधीश श्री कृष्ण गिरी सदस्य माननीय न्यायाधीश श्री शान्तिसिंह थापा सदस्य माननीय न्यायाधीश डा. रवि शर्मा अर्याल,True
076-CR-0216,आंशिक ठहर,"अध्यक्ष माननीय न्यायाधीश श्री श्रीकान्त पौडेल
सदस्य माननीय न्यायाधीश डा. श्री खुशी प्रसाद थारु
सदस्य माननीय न्यायाधीश श्री यमुना भट्टराई",False
076-CR-0217,ठहर,"सदस्य माननीय न्यायाधीश श्री यमुना भट्टराई
सदस्य माननीय न्यायाधीश श्री शालिग्राम कोइराला
सदस्य माननीय न्यायाधीश श्री बलभद्र बास्तोला",False
076-CR-0218,आंशिक ठहर,"सदस्य माननीय न्यायाधीश श्री अब्दुल अजिज मुसलमान
सदस्य माननीय न्यायाधीश श्री नित्यानन्द पाण्डेय",False
076-CR-0219,सफाई,"अध्यक्ष माननीय न्यायाधीश श्री श्रीकान्त पौडेल
सदस्य माननीय न्यायाधीश श्री यमुना भट्टराई",False
076-CR-0220,सफाई,"अध्यक्ष माननीय न्यायाधीश श्री श्रीकान्त पौडेल
सदस्य माननीय न्यायाधीश डा. श्री खुशी प्रसाद थारु
सदस्य माननीय न्यायाधीश श्री शालिग्राम कोइराला",False
076-CR-0221,सफाई,"अध्यक्ष माननीय न्यायाधीश श्री श्रीकान्त पौडेल
सदस्य माननीय न्यायाधीश श्री बलभद्र बास्तोला",False
076-CR-0222,आंशिक ठहर,"सदस्य माननीय न्यायाधीश डा. श्री खुशी प्रसाद थारु
सदस्य माननीय न्यायाधीश श्री तेज नारायण सिंह राई
सदस्य माननीय न्यायाधीश श्री राम बहादुर थापा",False
076-CR-0223,सफाई,"सदस्य माननीय न्यायाधीश डा. श्री खुशी प्रसाद थारु
सदस्य माननीय न्यायाधीश श्री शालिग्राम कोइराला",False
076-CR-0224,ठहर,"अध्यक्ष माननीय न्यायाधीश श्री श्रीकान्त पौडेल
सदस्य माननीय न्यायाधीश डा. श्री खुशी प्रसाद थारु
सदस्य माननीय न्यायाधीश श्री शालिग्राम कोइराला",False
076-CR-0225,आंशिक ठहर,"सदस्य माननीय न्यायाधीश श्री बालेन्द्र रुपाखेती
सदस्य माननीय न्यायाधीश श्री शान्तिसिंह थापा",False
076-CR-0226,ठहर,"सदस्य माननीय न्यायाधीश श्री यमुना भट्टराई
सदस्य माननीय न्यायाधीश श्री शालिग्राम कोइराला",False
076-CR-0227,सफाई,"सदस्य माननीय न्यायाधीश डा. श्री खुशी प्रसाद थारु
सदस्य माननीय न्यायाधीश श्री रमेशकुमार पोखरेल
सदस्य माननीय न्यायाधीश श्री बलभद्र बास्तोला",False
076-CR-0228,सफाई,"सदस्य माननीय न्यायाधीश डा. श्री खुशी प्रसाद थारु
सदस्य माननीय न्यायाधीश श्री रमेशकुमार पोखरेल
सदस्य माननीय न्यायाधीश श्री यमुना भट्टराई",False
076-CR-0229,सफाई,"अध्यक्ष माननीय न्यायाधीश श्री श्रीकान्त पौडेल
सदस्य माननीय न्यायाधीश डा. श्री खुशी प्रसाद थारु
सदस्य माननीय न्यायाधीश श्री बलभद्र बास्तोला",False
076-CR-0230,ठहर,इजलास अध्यक्ष माननीय न्यायाधीश श्री शिवराज अधिकारी सदस्य माननीय न्यायाधीश श्री बालेन्द्र रुपाखेती,True
076-CR-0231,सफाई,"सदस्य माननीय न्यायाधीश श्री यमुना भट्टराई
सदस्य माननीय न्यायाधीश श्री बलभद्र बास्तोला",False
076-CR-0232,सफाई,"अध्यक्ष माननीय न्यायाधीश श्री श्रीकान्त पौडेल
सदस्य माननीय न्यायाधीश डा. श्री खुशी प्रसाद थारु
सदस्य माननीय न्यायाधीश श्री शालिग्राम कोइराला",False
076-CR-0233,सफाई,"अध्यक्ष माननीय न्यायाधीश श्री श्रीकान्त पौडेल
सदस्य माननीय न्यायाधीश डा. श्री खुशी प्रसाद थारु
सदस्य माननीय न्यायाधीश श्री बलभद्र बास्तोला",False
076-CR-0234,सफाई,"सदस्य माननीय न्यायाधीश श्री यमुना भट्टराई
सदस्य माननीय न्यायाधीश श्री बलभद्र बास्तोला",False
076-CR-0235,सफाई,"अध्यक्ष माननीय न्यायाधीश श्री श्रीकान्त पौडेल
सदस्य माननीय न्यायाधीश डा. श्री खुशी प्रसाद थारु
सदस्य माननीय न्यायाधीश श्री बलभद्र बास्तोला",False
076-CR-0236,सफाई,"अध्यक्ष माननीय न्यायाधीश श्री श्रीकान्त पौडेल
सदस्य माननीय न्यायाधीश श्री बलभद्र बास्तोला",False
076-CR-0237,आंशिक ठहर,"सदस्य माननीय न्यायाधीश डा. श्री खुशी प्रसाद थारु
सदस्य माननीय न्यायाधीश श्री शालिग्राम कोइराला
सदस्य माननीय न्यायाधीश श्री बलभद्र बास्तोला",False
076-CR-0238,आंशिक ठहर,"अध्यक्ष माननीय न्यायाधीश श्री श्रीकान्त पौडेल
सदस्य माननीय न्यायाधीश श्री रमेशकुमार पोखरेल
सदस्य माननीय न्यायाधीश श्री यमुना भट्टराई",False
076-CR-0239,ठहर,"अध्यक्ष माननीय न्यायाधीश श्री श्रीकान्त पौडेल
सदस्य माननीय न्यायाधीश श्री यमुना भट्टराई
सदस्य माननीय न्यायाधीश श्री शालिग्राम कोइराला",False
076-CR-0240,सफाई,"सदस्य माननीय न्यायाधीश श्री रमेशकुमार पोखरेल
सदस्य माननीय न्यायाधीश श्री यमुना भट्टराई",False
076-CR-0241,सफाई,सदस्य माननीय न्यायाधीश श्री अब्दुल अजिज मुसलमान सदस्य माननीय न्यायाधीश श्री नित्यानन्द पाण्डेय,True
076-CR-0242,सफाई,"सदस्य माननीय न्यायाधीश डा. श्री खुशी प्रसाद थारु
सदस्य माननीय न्यायाधीश श्री रमेशकुमार पोखरेल
सदस्य माननीय न्यायाधीश श्री शालिग्राम कोइराला",False
076-CR-0243,सफाई,"सदस्य माननीय न्यायाधीश डा. श्री खुशी प्रसाद थारु
सदस्य माननीय न्यायाधीश श्री रमेशकुमार पोखरेल
सदस्य माननीय न्यायाधीश श्री शालिग्राम कोइराला",False
076-CR-0244,सफाई,"सदस्य माननीय न्यायाधीश श्री रमेशकुमार पोखरेल
सदस्य माननीय न्यायाधीश श्री यमुना भट्टराई
सदस्य माननीय न्यायाधीश श्री शालिग्राम कोइराला",False
076-CR-0245,ठहर,"अध्यक्ष माननीय न्यायाधीश श्री प्रेमराज कार्की
सदस्य माननीय न्यायाधीश श्री बालेन्द्र रुपाखेती
सदस्य माननीय न्यायाधीश श्री शान्तिसिंह थापा",False
076-CR-0246,सफाई,"सदस्य माननीय न्यायाधीश श्री अब्दुल अजिज मुसलमान
सदस्य माननीय न्यायाधीश श्री नित्यानन्द पाण्डेय
सदस्य माननीय न्यायाधीश श्री चन्द्रबहादुर सारु",False
076-CR-0247,सफाई,"अध्यक्ष माननीय न्यायाधीश श्री श्रीकान्त पौडेल
सदस्य माननीय न्यायाधीश श्री शालिग्राम कोइराला
सदस्य माननीय न्यायाधीश श्री बलभद्र बास्तोला",False
076-CR-0248,सफाई,"सदस्य माननीय न्यायाधीश श्री रमेशकुमार पोखरेल
सदस्य माननीय न्यायाधीश श्री यमुना भट्टराई
सदस्य माननीय न्यायाधीश श्री शालिग्राम कोइराला",False
076-CR-0249,सफाई,"सदस्य माननीय न्यायाधीश श्री बालेन्द्र रुपाखेती
सदस्य माननीय न्यायाधीश श्री नित्यानन्द पाण्डेय
सदस्य माननीय न्यायाधीश श्री शान्तिसिंह थापा",False
076-CR-0250,सफाई,"सदस्य माननीय न्यायाधीश डा. श्री खुशी प्रसाद थारु
सदस्य माननीय न्यायाधीश श्री रमेशकुमार पोखरेल
सदस्य माननीय न्यायाधीश श्री यमुना भट्टराई",False
076-CR-0251,ठहर,"अध्यक्ष माननीय न्यायाधीश श्री श्रीकान्त पौडेल
सदस्य माननीय न्यायाधीश डा. श्री खुशी प्रसाद थारु
सदस्य माननीय न्यायाधीश श्री शालिग्राम कोइराला",False
076-CR-0252,आंशिक ठहर,"सदस्य माननीय न्यायाधीश श्री यमुना भट्टराई
सदस्य माननीय न्यायाधीश श्री बलभद्र बास्तोला",False
076-CR-0253,ठहर,"सदस्य माननीय न्यायाधीश श्री कृष्ण गिरी
सदस्य माननीय न्यायाधीश श्री शान्तिसिंह थापा
सदस्य माननीय न्यायाधीश श्री चन्द्रबहादुर सारु",False
076-CR-0254,ठहर,"अध्यक्ष माननीय न्यायाधीश श्री श्रीकान्त पौडेल
सदस्य माननीय न्यायाधीश डा. श्री खुशी प्रसाद थारु
सदस्य माननीय न्यायाधीश श्री बलभद्र बास्तोला",False
076-CR-0255,ठहर,"अध्यक्ष माननीय न्यायाधीश श्री शिवराज अधिकारी
सदस्य माननीय न्यायाधीश श्री बालेन्द्र रुपाखेती
सदस्य माननीय न्यायाधीश डा. सदस्य माननीय न्यायाधीश श्री रवि शर्मा अर्याल",False
076-CR-0256,सफाई,"अध्यक्ष माननीय न्यायाधीश श्री टेक नारायण कुँवर
सदस्य माननीय न्यायाधीश श्री राम बहादुर थापा
सदस्य माननीय न्यायाधीश श्री मुरारीबाबु श्रेष्ठ",False
076-CR-0257,ठहर,"सदस्य माननीय न्यायाधीश डा. श्री खुशी प्रसाद थारु
सदस्य माननीय न्यायाधीश श्री रमेशकुमार पोखरेल
सदस्य माननीय न्यायाधीश श्री यमुना भट्टराई",False
076-CR-0258,ठहर,"अध्यक्ष माननीय न्यायाधीश श्री श्रीकान्त पौडेल
सदस्य माननीय न्यायाधीश श्री रमेशकुमार पोखरेल
सदस्य माननीय न्यायाधीश श्री यमुना भट्टराई",False
076-CR-0259,ठहर,"अध्यक्ष माननीय न्यायाधीश श्री श्रीकान्त पौडेल
सदस्य माननीय न्यायाधीश श्री रमेशकुमार पोखरेल
सदस्य माननीय न्यायाधीश श्री यमुना भट्टराई",False
076-CR-0260,सफाई,"अध्यक्ष माननीय न्यायाधीश श्री श्रीकान्त पौडेल
सदस्य माननीय न्यायाधीश श्री यमुना भट्टराई",False
076-CR-0261,सफाई,"अध्यक्ष माननीय न्यायाधीश श्री श्रीकान्त पौडेल
सदस्य माननीय न्यायाधीश डा. श्री खुशी प्रसाद थारु
सदस्य माननीय न्यायाधीश श्री शालिग्राम कोइराला",False
076-CR-0262,ठहर,"सदस्य माननीय न्यायाधीश डा. श्री खुशी प्रसाद थारु
सदस्य माननीय न्यायाधीश श्री यमुना भट्टराई
सदस्य माननीय न्यायाधीश श्री शालिग्राम कोइराला",False
076-CR-0263,ठहर,"सदस्य माननीय न्यायाधीश डा. श्री खुशी प्रसाद थारु
सदस्य माननीय न्यायाधीश श्री यमुना भट्टराई
सदस्य माननीय न्यायाधीश श्री शालिग्राम कोइराला",False
076-CR-0264,ठहर,"सदस्य माननीय न्यायाधीश डा. श्री खुशी प्रसाद थारु
सदस्य माननीय न्यायाधीश श्री यमुना भट्टराई
सदस्य माननीय न्यायाधीश श्री शालिग्राम कोइराला",False
076-CR-0265,ठहर,"सदस्य माननीय न्यायाधीश डा. श्री खुशी प्रसाद थारु
सदस्य माननीय न्यायाधीश श्री यमुना भट्टराई
सदस्य माननीय न्यायाधीश श्री शालिग्राम कोइराला",False
076-CR-0266,ठहर,"सदस्य माननीय न्यायाधीश डा. श्री खुशी प्रसाद थारु
सदस्य माननीय न्यायाधीश श्री यमुना भट्टराई
सदस्य माननीय न्यायाधीश श्री शालिग्राम कोइराला",False
076-CR-0267,सफाई,"अध्यक्ष माननीय न्यायाधीश श्री श्रीकान्त पौडेल
सदस्य माननीय न्यायाधीश श्री शालिग्राम कोइराला
सदस्य माननीय न्यायाधीश श्री बलभद्र बास्तोला",False
076-CR-0268,सफाई,"सदस्य माननीय न्यायाधीश श्री रमेशकुमार पोखरेल
सदस्य माननीय न्यायाधीश श्री शालिग्राम कोइराला
सदस्य माननीय न्यायाधीश श्री बलभद्र बास्तोला",False
076-CR-0269,सफाई,"अध्यक्ष माननीय न्यायाधीश श्री श्रीकान्त पौडेल
सदस्य माननीय न्यायाधीश श्री यमुना भट्टराई
सदस्य माननीय न्यायाधीश श्री शालिग्राम कोइराला",False
076-CR-0270,आंशिक ठहर,"सदस्य माननीय न्यायाधीश डा. श्री खुशी प्रसाद थारु
सदस्य माननीय न्यायाधीश श्री राम बहादुर थापा
सदस्य माननीय न्यायाधीश श्री रितेन्द्र थापा",False
076-CR-0271,सफाई,"अध्यक्ष माननीय न्यायाधीश श्री श्रीकान्त पौडेल
सदस्य माननीय न्यायाधीश श्री शालिग्राम कोइराला
सदस्य माननीय न्यायाधीश श्री बलभद्र बास्तोला",False
076-CR-0272,सफाई,"सदस्य माननीय न्यायाधीश डा. श्री खुशी प्रसाद थारु
सदस्य माननीय न्यायाधीश श्री रमेशकुमार पोखरेल
सदस्य माननीय न्यायाधीश श्री शालिग्राम कोइराला",False
076-CR-0273,सफाई,"सदस्य माननीय न्यायाधीश डा. श्री खुशी प्रसाद थारु
सदस्य माननीय न्यायाधीश श्री शालिग्राम कोइराला
सदस्य माननीय न्यायाधीश श्री बलभद्र बास्तोला",False
076-CR-0274,सफाई,"अध्यक्ष माननीय न्यायाधीश श्री श्रीकान्त पौडेल
सदस्य माननीय न्यायाधीश श्री यमुना भट्टराई
सदस्य माननीय न्यायाधीश श्री बलभद्र बास्तोला",False
076-CR-0275,ठहर,"सदस्य माननीय न्यायाधीश श्री यमुना भट्टराई
सदस्य माननीय न्यायाधीश श्री शालिग्राम कोइराला
सदस्य माननीय न्यायाधीश श्री बलभद्र बास्तोला",False
076-CR-0276,सफाई,"अध्यक्ष माननीय न्यायाधीश श्री टेक नारायण कुँवर
सदस्य माननीय न्यायाधीश श्री राम बहादुर थापा
सदस्य माननीय न्यायाधीश श्री रितेन्द्र थापा",False
076-CR-0277,सफाई,"अध्यक्ष माननीय न्यायाधीश श्री श्रीकान्त पौडेल
सदस्य माननीय न्यायाधीश श्री बलभद्र बास्तोला",False
076-CR-0278,ठहर,"अध्यक्ष माननीय न्यायाधीश श्री शिवराज अधिकारी
सदस्य माननीय न्यायाधीश श्री बालेन्द्र रुपाखेती
सदस्य माननीय न्यायाधीश डा. सदस्य माननीय न्यायाधीश श्री रवि शर्मा अर्याल",False
076-CR-0279,ठहर,"अध्यक्ष माननीय न्यायाधीश श्री शिवराज अधिकारी
सदस्य माननीय न्यायाधीश श्री बालेन्द्र रुपाखेती
सदस्य माननीय न्यायाधीश डा. सदस्य माननीय न्यायाधीश श्री रवि शर्मा अर्याल",False
076-CR-0280,सफाई,"अध्यक्ष माननीय न्यायाधीश श्री श्रीकान्त पौडेल
सदस्य माननीय न्यायाधीश श्री रमेशकुमार पोखरेल",False
076-CR-0281,सफाई,"अध्यक्ष माननीय न्यायाधीश श्री श्रीकान्त पौडेल
सदस्य माननीय न्यायाधीश डा. श्री खुशी प्रसाद थारु
सदस्य माननीय न्यायाधीश श्री बलभद्र बास्तोला",False
076-CR-0282,ठहर,"अध्यक्ष माननीय न्यायाधीश श्री श्रीकान्त पौडेल
सदस्य माननीय न्यायाधीश श्री शालिग्राम कोइराला",False
076-CR-0283,सफाई,"अध्यक्ष माननीय न्यायाधीश श्री श्रीकान्त पौडेल
सदस्य माननीय न्यायाधीश श्री यमुना भट्टराई
सदस्य माननीय न्यायाधीश श्री शालिग्राम कोइराला",False
076-CR-0284,ठहर,"अध्यक्ष माननीय न्यायाधीश श्री टेक नारायण कुँवर
सदस्य माननीय न्यायाधीश श्री राम बहादुर थापा
सदस्य माननीय न्यायाधीश श्री रितेन्द्र थापा",False
076-CR-0285,ठहर,"अध्यक्ष माननीय न्यायाधीश श्री टेक नारायण कुँवर
सदस्य माननीय न्यायाधीश श्री राम बहादुर थापा
सदस्य माननीय न्यायाधीश श्री मुरारीबाबु श्रेष्ठ",False
076-CR-0286,आंशिक ठहर,"अध्यक्ष माननीय न्यायाधीश श्री टेक नारायण कुँवर
सदस्य माननीय न्यायाधीश श्री राम बहादुर थापा
सदस्य माननीय न्यायाधीश श्री मुरारीबाबु श्रेष्ठ",False
076-CR-0287,ठहर,"अध्यक्ष माननीय न्यायाधीश श्री टेक नारायण कुँवर
सदस्य माननीय न्यायाधीश श्री राम बहादुर थापा
सदस्य माननीय न्यायाधीश श्री मुरारीबाबु श्रेष्ठ",False
076-CR-0288,ठहर,"अध्यक्ष माननीय न्यायाधीश श्री टेक नारायण कुँवर
सदस्य माननीय न्यायाधीश श्री राम बहादुर थापा
सदस्य माननीय न्यायाधीश श्री मुरारीबाबु श्रेष्ठ",False
076-CR-0289,सफाई,"सदस्य माननीय न्यायाधीश श्री रमेशकुमार पोखरेल
सदस्य माननीय न्यायाधीश श्री यमुना भट्टराई
सदस्य माननीय न्यायाधीश श्री बलभद्र बास्तोला",False
076-CR-0290,ठहर,"सदस्य माननीय न्यायाधीश श्री रमेशकुमार पोखरेल
सदस्य माननीय न्यायाधीश श्री यमुना भट्टराई
सदस्य माननीय न्यायाधीश श्री शालिग्राम कोइराला",False
076-CR-0291,सफाई,"अध्यक्ष माननीय न्यायाधीश श्री श्रीकान्त पौडेल
सदस्य माननीय न्यायाधीश डा. श्री खुशी प्रसाद थारु
सदस्य माननीय न्यायाधीश श्री बलभद्र बास्तोला",False
076-CR-0292,ठहर,"अध्यक्ष माननीय न्यायाधीश श्री शिवराज अधिकारी
सदस्य माननीय न्यायाधीश डा. सदस्य माननीय न्यायाधीश श्री रवि शर्मा अर्याल",False
076-CR-0293,ठहर,"अध्यक्ष माननीय न्यायाधीश श्री श्रीकान्त पौडेल
सदस्य माननीय न्यायाधीश डा. श्री खुशी प्रसाद थारु
सदस्य माननीय न्यायाधीश श्री शालिग्राम कोइराला",False
076-CR-0295,सफाई,"अध्यक्ष माननीय न्यायाधीश श्री श्रीकान्त पौडेल
सदस्य माननीय न्यायाधीश श्री बलभद्र बास्तोला",False
076-CR-0296,ठहर,"सदस्य माननीय न्यायाधीश डा. श्री खुशी प्रसाद थारु
सदस्य माननीय न्यायाधीश श्री राम बहादुर थापा
सदस्य माननीय न्यायाधीश श्री मुरारीबाबु श्रेष्ठ",False
076-CR-0297,ठहर,"सदस्य माननीय न्यायाधीश श्री यमुना भट्टराई
सदस्य माननीय न्यायाधीश श्री बलभद्र बास्तोला",False
076-CR-0298,आंशिक ठहर,"अध्यक्ष माननीय न्यायाधीश श्री श्रीकान्त पौडेल
सदस्य माननीय न्यायाधीश श्री यमुना भट्टराई",False
076-CR-0299,आंशिक ठहर,"अध्यक्ष माननीय न्यायाधीश श्री श्रीकान्त पौडेल
सदस्य माननीय न्यायाधीश श्री यमुना भट्टराई",False
076-CR-0300,सफाई,"सदस्य माननीय न्यायाधीश डा. श्री खुशी प्रसाद थारु
सदस्य माननीय न्यायाधीश श्री रमेशकुमार पोखरेल
सदस्य माननीय न्यायाधीश श्री शालिग्राम कोइराला",False
076-CR-0301,आंशिक ठहर,"अध्यक्ष माननीय न्यायाधीश श्री श्रीकान्त पौडेल
सदस्य माननीय न्यायाधीश डा. श्री खुशी प्रसाद थारु
सदस्य माननीय न्यायाधीश श्री बलभद्र बास्तोला",False
076-CR-0302,सफाई,"सदस्य माननीय न्यायाधीश श्री रमेशकुमार पोखरेल
सदस्य माननीय न्यायाधीश श्री यमुना भट्टराई
सदस्य माननीय न्यायाधीश श्री शालिग्राम कोइराला",False
076-CR-0303,ठहर,"अध्यक्ष माननीय न्यायाधीश श्री श्रीकान्त पौडेल
सदस्य माननीय न्यायाधीश डा. श्री खुशी प्रसाद थारु",False
076-CR-0304,ठहर,"अध्यक्ष माननीय न्यायाधीश श्री श्रीकान्त पौडेल
सदस्य माननीय न्यायाधीश श्री शालिग्राम कोइराला
सदस्य माननीय न्यायाधीश श्री बलभद्र बास्तोला",False
076-CR-0305,ठहर,"सदस्य माननीय न्यायाधीश श्री अब्दुल अजिज मुसलमान
सदस्य माननीय न्यायाधीश श्री बालेन्द्र रुपाखेती
सदस्य माननीय न्यायाधीश श्री नित्यानन्द पाण्डेय",False
076-CR-0306,ठहर,"सदस्य माननीय न्यायाधीश श्री बालेन्द्र रुपाखेती
सदस्य माननीय न्यायाधीश श्री शान्तिसिंह थापा
सदस्य माननीय न्यायाधीश श्री चन्द्रबहादुर सारु",False
076-CR-0307,सफाई,"सदस्य माननीय न्यायाधीश श्री यमुना भट्टराई
सदस्य माननीय न्यायाधीश श्री बलभद्र बास्तोला",False
076-CR-0308,सफाई,"अध्यक्ष माननीय न्यायाधीश श्री श्रीकान्त पौडेल
सदस्य माननीय न्यायाधीश डा. श्री खुशी प्रसाद थारु
सदस्य माननीय न्यायाधीश श्री शालिग्राम कोइराला",False
076-CR-0309,सफाई,"सदस्य माननीय न्यायाधीश डा. श्री खुशी प्रसाद थारु
सदस्य माननीय न्यायाधीश श्री यमुना भट्टराई
सदस्य माननीय न्यायाधीश श्री बलभद्र बास्तोला",False
076-CR-0310,आंशिक ठहर,"अध्यक्ष माननीय न्यायाधीश श्री श्रीकान्त पौडेल
सदस्य माननीय न्यायाधीश डा. श्री खुशी प्रसाद थारु",False
076-CR-0311,ठहर,"सदस्य माननीय न्यायाधीश श्री रमेशकुमार पोखरेल
सदस्य माननीय न्यायाधीश श्री यमुना भट्टराई
सदस्य माननीय न्यायाधीश श्री बलभद्र बास्तोला",False
076-CR-0312,सफाई,"अध्यक्ष माननीय न्यायाधीश श्री श्रीकान्त पौडेल
सदस्य माननीय न्यायाधीश श्री यमुना भट्टराई
सदस्य माननीय न्यायाधीश श्री बलभद्र बास्तोला",False
076-CR-0313,ठहर,"अध्यक्ष माननीय न्यायाधीश श्री श्रीकान्त पौडेल
सदस्य माननीय न्यायाधीश डा. श्री खुशी प्रसाद थारु",False
076-CR-0314,सफाई,"अध्यक्ष माननीय न्यायाधीश श्री श्रीकान्त पौडेल
सदस्य माननीय न्यायाधीश डा. श्री खुशी प्रसाद थारु
सदस्य माननीय न्यायाधीश श्री शालिग्राम कोइराला",False
076-CR-0315,आंशिक ठहर,"सदस्य माननीय न्यायाधीश श्री यमुना भट्टराई
सदस्य माननीय न्यायाधीश श्री शालिग्राम कोइराला
सदस्य माननीय न्यायाधीश श्री बलभद्र बास्तोला",False
076-CR-0316,आंशिक ठहर,"सदस्य माननीय न्यायाधीश श्री अब्दुल अजिज मुसलमान
सदस्य माननीय न्यायाधीश श्री नित्यानन्द पाण्डेय
सदस्य माननीय न्यायाधीश श्री चन्द्रबहादुर सारु",False
076-CR-0317,आंशिक ठहर,"अध्यक्ष माननीय न्यायाधीश श्री श्रीकान्त पौडेल
सदस्य माननीय न्यायाधीश श्री यमुना भट्टराई",False
076-CR-0318,ठहर,"अध्यक्ष माननीय न्यायाधीश श्री टेक नारायण कुँवर
सदस्य माननीय न्यायाधीश श्री तेज नारायण सिंह राई
सदस्य माननीय न्यायाधीश श्री रितेन्द्र थापा",False
076-CR-0319,ठहर,"अध्यक्ष माननीय न्यायाधीश श्री श्रीकान्त पौडेल
सदस्य माननीय न्यायाधीश डा. श्री खुशी प्रसाद थारु
सदस्य माननीय न्यायाधीश श्री बलभद्र बास्तोला",False
076-CR-0320,ठहर,"सदस्य माननीय न्यायाधीश श्री अब्दुल अजिज मुसलमान
सदस्य माननीय न्यायाधीश श्री नित्यानन्द पाण्डेय",False
076-CR-0321,सफाई,"सदस्य माननीय न्यायाधीश डा. श्री खुशी प्रसाद थारु
सदस्य माननीय न्यायाधीश श्री रमेशकुमार पोखरेल
सदस्य माननीय न्यायाधीश श्री बलभद्र बास्तोला",False
076-CR-0322,आंशिक ठहर,"अध्यक्ष माननीय न्यायाधीश श्री श्रीकान्त पौडेल
सदस्य माननीय न्यायाधीश डा. श्री खुशी प्रसाद थारु",False
076-CR-0323,सफाई,"सदस्य माननीय न्यायाधीश डा. श्री खुशी प्रसाद थारु
सदस्य माननीय न्यायाधीश श्री शालिग्राम कोइराला
सदस्य माननीय न्यायाधीश श्री बलभद्र बास्तोला",False
076-CR-0324,आंशिक ठहर,"सदस्य माननीय न्यायाधीश डा. श्री खुशी प्रसाद थारु
सदस्य माननीय न्यायाधीश श्री शालिग्राम कोइराला
सदस्य माननीय न्यायाधीश श्री बलभद्र बास्तोला",False
076-CR-0325,सफाई,"सदस्य माननीय न्यायाधीश डा. श्री खुशी प्रसाद थारु
सदस्य माननीय न्यायाधीश श्री रमेशकुमार पोखरेल
सदस्य माननीय न्यायाधीश श्री शालिग्राम कोइराला",False
076-CR-0326,सफाई,"अध्यक्ष माननीय न्यायाधीश श्री श्रीकान्त पौडेल
सदस्य माननीय न्यायाधीश श्री यमुना भट्टराई
सदस्य माननीय न्यायाधीश श्री बलभद्र बास्तोला",False
076-CR-0327,सफाई,"सदस्य माननीय न्यायाधीश श्री रमेशकुमार पोखरेल
सदस्य माननीय न्यायाधीश श्री शालिग्राम कोइराला
सदस्य माननीय न्यायाधीश श्री बलभद्र बास्तोला",False
076-CR-0328,ठहर,"सदस्य माननीय न्यायाधीश श्री अब्दुल अजिज मुसलमान
सदस्य माननीय न्यायाधीश श्री नित्यानन्द पाण्डेय",False
076-CR-0329,ठहर,"सदस्य माननीय न्यायाधीश श्री कृष्ण गिरी
सदस्य माननीय न्यायाधीश श्री शान्तिसिंह थापा
सदस्य माननीय न्यायाधीश श्री चन्द्रबहादुर सारु",False
076-CR-0330,सफाई,"अध्यक्ष माननीय न्यायाधीश श्री श्रीकान्त पौडेल
सदस्य माननीय न्यायाधीश डा. श्री खुशी प्रसाद थारु
सदस्य माननीय न्यायाधीश श्री यमुना भट्टराई",False
076-CR-0331,ठहर,"सदस्य माननीय न्यायाधीश श्री अब्दुल अजिज मुसलमान
सदस्य माननीय न्यायाधीश श्री शान्तिसिंह थापा
सदस्य माननीय न्यायाधीश श्री चन्द्रबहादुर सारु",False
076-CR-0332,सफाई,"सदस्य माननीय न्यायाधीश श्री रमेशकुमार पोखरेल
सदस्य माननीय न्यायाधीश श्री यमुना भट्टराई
सदस्य माननीय न्यायाधीश श्री शालिग्राम कोइराला",False
076-CR-0333,आंशिक ठहर,"अध्यक्ष माननीय न्यायाधीश श्री श्रीकान्त पौडेल
सदस्य माननीय न्यायाधीश श्री रमेशकुमार पोखरेल
सदस्य माननीय न्यायाधीश श्री यमुना भट्टराई",False
076-CR-0334,सफाई,"सदस्य माननीय न्यायाधीश डा. श्री खुशी प्रसाद थारु
सदस्य माननीय न्यायाधीश श्री यमुना भट्टराई
सदस्य माननीय न्यायाधीश श्री बलभद्र बास्तोला",False
076-CR-0335,सफाई,"सदस्य माननीय न्यायाधीश श्री यमुना भट्टराई
सदस्य माननीय न्यायाधीश श्री बलभद्र बास्तोला",False
076-CR-0336,सफाई,"अध्यक्ष माननीय न्यायाधीश श्री श्रीकान्त पौडेल
सदस्य माननीय न्यायाधीश श्री यमुना भट्टराई
सदस्य माननीय न्यायाधीश श्री बलभद्र बास्तोला",False
076-CR-0337,ठहर,"सदस्य माननीय न्यायाधीश श्री अब्दुल अजिज मुसलमान
सदस्य माननीय न्यायाधीश श्री बालेन्द्र रुपाखेती
सदस्य माननीय न्यायाधीश श्री नित्यानन्द पाण्डेय",False
076-CR-0338,आंशिक ठहर,"अध्यक्ष माननीय न्यायाधीश श्री श्रीकान्त पौडेल
सदस्य माननीय न्यायाधीश श्री शालिग्राम कोइराला
सदस्य माननीय न्यायाधीश श्री बलभद्र बास्तोला",False
076-CR-0339,सफाई,"सदस्य माननीय न्यायाधीश श्री रमेशकुमार पोखरेल
सदस्य माननीय न्यायाधीश श्री यमुना भट्टराई
सदस्य माननीय न्यायाधीश श्री शालिग्राम कोइराला",False
076-CR-0340,सफाई,"सदस्य माननीय न्यायाधीश डा. श्री खुशी प्रसाद थारु
सदस्य माननीय न्यायाधीश श्री रमेशकुमार पोखरेल
सदस्य माननीय न्यायाधीश श्री बलभद्र बास्तोला",False
076-CR-0341,ठहर,"सदस्य माननीय न्यायाधीश श्री बालेन्द्र रुपाखेती
सदस्य माननीय न्यायाधीश श्री नित्यानन्द पाण्डेय
सदस्य माननीय न्यायाधीश श्री चन्द्रबहादुर सारु",False
076-CR-0342,सफाई,"अध्यक्ष माननीय न्यायाधीश श्री श्रीकान्त पौडेल
सदस्य माननीय न्यायाधीश डा. श्री खुशी प्रसाद थारु
सदस्य माननीय न्यायाधीश श्री शालिग्राम कोइराला",False
076-CR-0343,ठहर,"अध्यक्ष माननीय न्यायाधीश श्री श्रीकान्त पौडेल
सदस्य माननीय न्यायाधीश श्री रमेशकुमार पोखरेल
सदस्य माननीय न्यायाधीश श्री शालिग्राम कोइराला",False
076-CR-0344,ठहर,"सदस्य माननीय न्यायाधीश श्री अब्दुल अजिज मुसलमान
सदस्य माननीय न्यायाधीश श्री नित्यानन्द पाण्डेय
सदस्य माननीय न्यायाधीश श्री शान्तिसिंह थापा",False
076-CR-0345,ठहर,"सदस्य माननीय न्यायाधीश श्री अब्दुल अजिज मुसलमान
सदस्य माननीय न्यायाधीश श्री शान्तिसिंह थापा
सदस्य माननीय न्यायाधीश श्री चन्द्रबहादुर सारु",False
076-CR-0346,ठहर,"अध्यक्ष माननीय न्यायाधीश श्री श्रीकान्त पौडेल
सदस्य माननीय न्यायाधीश श्री यमुना भट्टराई",False
076-CR-0347,ठहर,"सदस्य माननीय न्यायाधीश श्री कृष्ण गिरी
सदस्य माननीय न्यायाधीश श्री शान्तिसिंह थापा
सदस्य माननीय न्यायाधीश श्री चन्द्रबहादुर सारु",False
076-CR-0348,ठहर,"अध्यक्ष माननीय न्यायाधीश श्री श्रीकान्त पौडेल
सदस्य माननीय न्यायाधीश श्री रमेशकुमार पोखरेल
सदस्य माननीय न्यायाधीश श्री यमुना भट्टराई",False
076-CR-0349,ठहर,"अध्यक्ष माननीय न्यायाधीश श्री श्रीकान्त पौडेल
सदस्य माननीय न्यायाधीश डा. श्री खुशी प्रसाद थारु
सदस्य माननीय न्यायाधीश श्री बलभद्र बास्तोला",False
076-CR-0350,ठहर,"सदस्य माननीय न्यायाधीश श्री कृष्ण गिरी
सदस्य माननीय न्यायाधीश श्री चन्द्रबहादुर सारु",False
076-CR-0351,सफाई,"अध्यक्ष माननीय न्यायाधीश श्री श्रीकान्त पौडेल
सदस्य माननीय न्यायाधीश डा. श्री खुशी प्रसाद थारु
सदस्य माननीय न्यायाधीश श्री बलभद्र बास्तोला",False
076-CR-0352,सफाई,"सदस्य माननीय न्यायाधीश श्री रमेशकुमार पोखरेल
सदस्य माननीय न्यायाधीश श्री यमुना भट्टराई
सदस्य माननीय न्यायाधीश श्री शालिग्राम कोइराला",False
076-CR-0353,ठहर,"अध्यक्ष माननीय न्यायाधीश श्री श्रीकान्त पौडेल
सदस्य माननीय न्यायाधीश डा. श्री खुशी प्रसाद थारु
सदस्य माननीय न्यायाधीश श्री शालिग्राम कोइराला",False
076-CR-0354,ठहर,"अध्यक्ष माननीय न्यायाधीश श्री टेक नारायण कुँवर
सदस्य माननीय न्यायाधीश श्री राम बहादुर थापा
सदस्य माननीय न्यायाधीश श्री मुरारीबाबु श्रेष्ठ",False
076-CR-0355,सफाई,"अध्यक्ष माननीय न्यायाधीश श्री श्रीकान्त पौडेल
सदस्य माननीय न्यायाधीश श्री बलभद्र बास्तोला",False
076-CR-0356,ठहर,"सदस्य माननीय न्यायाधीश श्री यमुना भट्टराई
सदस्य माननीय न्यायाधीश श्री बलभद्र बास्तोला",False
076-CR-0357,सफाई,"सदस्य माननीय न्यायाधीश श्री यमुना भट्टराई
सदस्य माननीय न्यायाधीश श्री बलभद्र बास्तोला",False
076-CR-0358,ठहर,"अध्यक्ष माननीय न्यायाधीश श्री श्रीकान्त पौडेल
सदस्य माननीय न्यायाधीश डा. श्री खुशी प्रसाद थारु
सदस्य माननीय न्यायाधीश श्री बलभद्र बास्तोला",False
076-CR-0359,सफाई,"अध्यक्ष माननीय न्यायाधीश श्री श्रीकान्त पौडेल
सदस्य माननीय न्यायाधीश श्री शालिग्राम कोइराला
सदस्य माननीय न्यायाधीश श्री बलभद्र बास्तोला",False
076-CR-0360,सफाई,"अध्यक्ष माननीय न्यायाधीश श्री श्रीकान्त पौडेल
सदस्य माननीय न्यायाधीश डा. श्री खुशी प्रसाद थारु
सदस्य माननीय न्यायाधीश श्री बलभद्र बास्तोला",False
076-CR-0361,सफाई,"अध्यक्ष माननीय न्यायाधीश श्री श्रीकान्त पौडेल
सदस्य माननीय न्यायाधीश डा. श्री खुशी प्रसाद थारु
सदस्य माननीय न्यायाधीश श्री यमुना भट्टराई",False
076-CR-0362,सफाई,"अध्यक्ष माननीय न्यायाधीश श्री श्रीकान्त पौडेल
सदस्य माननीय न्यायाधीश डा. श्री खुशी प्रसाद थारु",False
076-CR-0363,ठहर,"अध्यक्ष माननीय न्यायाधीश श्री शिवराज अधिकारी
सदस्य माननीय न्यायाधीश श्री कृष्ण गिरी",False
076-CR-0364,ठहर,"सदस्य माननीय न्यायाधीश श्री रमेशकुमार पोखरेल
सदस्य माननीय न्यायाधीश श्री यमुना भट्टराई
सदस्य माननीय न्यायाधीश श्री शालिग्राम कोइराला",False
076-CR-0365,ठहर,"अध्यक्ष माननीय न्यायाधीश श्री टेक नारायण कुँवर
सदस्य माननीय न्यायाधीश श्री तेज नारायण सिंह राई",False
076-CR-0366,ठहर,"अध्यक्ष माननीय न्यायाधीश श्री शिवराज अधिकारी
सदस्य माननीय न्यायाधीश श्री बालेन्द्र रुपाखेती
सदस्य माननीय न्यायाधीश डा. सदस्य माननीय न्यायाधीश श्री रवि शर्मा अर्याल",False
076-CR-0367,ठहर,"सदस्य माननीय न्यायाधीश श्री अब्दुल अजिज मुसलमान
सदस्य माननीय न्यायाधीश श्री नित्यानन्द पाण्डेय",False
076-CR-0368,ठहर,"अध्यक्ष माननीय न्यायाधीश श्री श्रीकान्त पौडेल
सदस्य माननीय न्यायाधीश श्री शालिग्राम कोइराला
सदस्य माननीय न्यायाधीश श्री बलभद्र बास्तोला",False
076-CR-0369,सफाई,"अध्यक्ष माननीय न्यायाधीश श्री श्रीकान्त पौडेल
सदस्य माननीय न्यायाधीश डा. श्री खुशी प्रसाद थारु",False
076-CR-0370,ठहर,"सदस्य माननीय न्यायाधीश श्री अब्दुल अजिज मुसलमान
सदस्य माननीय न्यायाधीश श्री नित्यानन्द पाण्डेय",False
076-CR-0371,ठहर,"सदस्य माननीय न्यायाधीश श्री अब्दुल अजिज मुसलमान
सदस्य माननीय न्यायाधीश श्री शान्तिसिंह थापा
सदस्य माननीय न्यायाधीश श्री चन्द्रबहादुर सारु",False
076-CR-0372,आंशिक ठहर,"सदस्य माननीय न्यायाधीश श्री रमेशकुमार पोखरेल
सदस्य माननीय न्यायाधीश श्री शालिग्राम कोइराला
सदस्य माननीय न्यायाधीश श्री बलभद्र बास्तोला",False
076-CR-0373,ठहर,"सदस्य माननीय न्यायाधीश श्री कृष्ण गिरी
सदस्य माननीय न्यायाधीश श्री शान्तिसिंह थापा",False
076-CR-0374,ठहर,"अध्यक्ष माननीय न्यायाधीश श्री श्रीकान्त पौडेल
सदस्य माननीय न्यायाधीश श्री यमुना भट्टराई",False
076-CR-0375,सफाई,"सदस्य माननीय न्यायाधीश डा. श्री खुशी प्रसाद थारु
सदस्य माननीय न्यायाधीश श्री शालिग्राम कोइराला",False
076-CR-0376,आंशिक ठहर,"अध्यक्ष माननीय न्यायाधीश श्री श्रीकान्त पौडेल
सदस्य माननीय न्यायाधीश डा. श्री खुशी प्रसाद थारु",False
076-CR-0377,ठहर,"अध्यक्ष माननीय न्यायाधीश श्री श्रीकान्त पौडेल
सदस्य माननीय न्यायाधीश श्री शालिग्राम कोइराला
सदस्य माननीय न्यायाधीश श्री बलभद्र बास्तोला",False
076-CR-0378,सफाई,"सदस्य माननीय न्यायाधीश श्री रमेशकुमार पोखरेल
सदस्य माननीय न्यायाधीश श्री यमुना भट्टराई
सदस्य माननीय न्यायाधीश श्री बलभद्र बास्तोला",False
076-CR-0379,सफाई,"सदस्य माननीय न्यायाधीश डा. श्री खुशी प्रसाद थारु
सदस्य माननीय न्यायाधीश श्री रमेशकुमार पोखरेल
सदस्य माननीय न्यायाधीश श्री बलभद्र बास्तोला",False
076-CR-0380,सफाई,"अध्यक्ष माननीय न्यायाधीश श्री श्रीकान्त पौडेल
सदस्य माननीय न्यायाधीश श्री यमुना भट्टराई
सदस्य माननीय न्यायाधीश श्री शालिग्राम कोइराला",False
076-CR-0381,सफाई,"सदस्य माननीय न्यायाधीश डा. श्री खुशी प्रसाद थारु
सदस्य माननीय न्यायाधीश श्री यमुना भट्टराई
सदस्य माननीय न्यायाधीश श्री बलभद्र बास्तोला",False
076-CR-0382,सफाई,"अध्यक्ष माननीय न्यायाधीश श्री श्रीकान्त पौडेल
सदस्य माननीय न्यायाधीश श्री शालिग्राम कोइराला",False
076-CR-0383,सफाई,"अध्यक्ष माननीय न्यायाधीश श्री श्रीकान्त पौडेल
सदस्य माननीय न्यायाधीश श्री बलभद्र बास्तोला",False
076-CR-0384,सफाई,"अध्यक्ष माननीय न्यायाधीश श्री टेक नारायण कुँवर
सदस्य माननीय न्यायाधीश श्री तेज नारायण सिंह राई
सदस्य माननीय न्यायाधीश श्री मुरारीबाबु श्रेष्ठ",False
076-CR-0385,ठहर,"सदस्य माननीय न्यायाधीश श्री यमुना भट्टराई
सदस्य माननीय न्यायाधीश श्री बलभद्र बास्तोला",False
076-CR-0386,आंशिक ठहर,"अध्यक्ष माननीय न्यायाधीश श्री श्रीकान्त पौडेल
सदस्य माननीय न्यायाधीश डा. श्री खुशी प्रसाद थारु
सदस्य माननीय न्यायाधीश श्री शालिग्राम कोइराला",False
076-CR-0387,सफाई,"सदस्य माननीय न्यायाधीश श्री यमुना भट्टराई
सदस्य माननीय न्यायाधीश श्री बलभद्र बास्तोला",False
076-CR-0388,आंशिक ठहर,"सदस्य माननीय न्यायाधीश श्री अब्दुल अजिज मुसलमान
सदस्य माननीय न्यायाधीश श्री नित्यानन्द पाण्डेय
सदस्य माननीय न्यायाधीश श्री शान्तिसिंह थापा",False
076-CR-0389,सफाई,"सदस्य माननीय न्यायाधीश श्री रमेशकुमार पोखरेल
सदस्य माननीय न्यायाधीश श्री यमुना भट्टराई
सदस्य माननीय न्यायाधीश श्री बलभद्र बास्तोला",False
076-CR-0390,सफाई,"सदस्य माननीय न्यायाधीश श्री रमेशकुमार पोखरेल
सदस्य माननीय न्यायाधीश श्री शालिग्राम कोइराला
सदस्य माननीय न्यायाधीश श्री बलभद्र बास्तोला",False
076-CR-0392,सफाई,"अध्यक्ष माननीय न्यायाधीश श्री श्रीकान्त पौडेल
सदस्य माननीय न्यायाधीश श्री शालिग्राम कोइराला",False
076-CR-0393,सफाई,"अध्यक्ष माननीय न्यायाधीश श्री श्रीकान्त पौडेल
सदस्य माननीय न्यायाधीश श्री रमेशकुमार पोखरेल",False
076-CR-0394,सफाई,"अध्यक्ष माननीय न्यायाधीश श्री टेक नारायण कुँवर
सदस्य माननीय न्यायाधीश श्री तेज नारायण सिंह राई
सदस्य माननीय न्यायाधीश श्री रितेन्द्र थापा",False
076-CR-0395,सफाई,"अध्यक्ष माननीय न्यायाधीश श्री टेक नारायण कुँवर
सदस्य माननीय न्यायाधीश श्री तेज नारायण सिंह राई
सदस्य माननीय न्यायाधीश श्री रितेन्द्र थापा",False
076-CR-0396,ठहर,"सदस्य माननीय न्यायाधीश श्री अब्दुल अजिज मुसलमान
सदस्य माननीय न्यायाधीश श्री नित्यानन्द पाण्डेय",False
076-CR-0397,सफाई,"अध्यक्ष माननीय न्यायाधीश श्री श्रीकान्त पौडेल
सदस्य माननीय न्यायाधीश डा. श्री खुशी प्रसाद थारु
सदस्य माननीय न्यायाधीश श्री शालिग्राम कोइराला",False
076-CR-0398,ठहर,"अध्यक्ष माननीय न्यायाधीश श्री श्रीकान्त पौडेल
सदस्य माननीय न्यायाधीश श्री शालिग्राम कोइराला",False
076-CR-0399,आंशिक ठहर,"सदस्य माननीय न्यायाधीश डा. श्री खुशी प्रसाद थारु
सदस्य माननीय न्यायाधीश श्री बलभद्र बास्तोला",False
076-CR-0400,ठहर,"अध्यक्ष माननीय न्यायाधीश श्री श्रीकान्त पौडेल
सदस्य माननीय न्यायाधीश श्री शालिग्राम कोइराला
सदस्य माननीय न्यायाधीश श्री बलभद्र बास्तोला",False
076-CR-0401,सफाई,"अध्यक्ष माननीय न्यायाधीश श्री श्रीकान्त पौडेल
सदस्य माननीय न्यायाधीश श्री यमुना भट्टराई
सदस्य माननीय न्यायाधीश श्री बलभद्र बास्तोला",False
076-CR-0402,सफाई,"अध्यक्ष माननीय न्यायाधीश श्री श्रीकान्त पौडेल
सदस्य माननीय न्यायाधीश डा. श्री खुशी प्रसाद थारु
सदस्य माननीय न्यायाधीश श्री यमुना भट्टराई",False
076-CR-0403,सफाई,"अध्यक्ष माननीय न्यायाधीश श्री श्रीकान्त पौडेल
सदस्य माननीय न्यायाधीश डा. श्री खुशी प्रसाद थारु
सदस्य माननीय न्यायाधीश श्री शालिग्राम कोइराला",False
076-CR-0404,सफाई,"अध्यक्ष माननीय न्यायाधीश श्री श्रीकान्त पौडेल
सदस्य माननीय न्यायाधीश डा. श्री खुशी प्रसाद थारु
सदस्य माननीय न्यायाधीश श्री शालिग्राम कोइराला",False
076-CR-0405,सफाई,"सदस्य माननीय न्यायाधीश डा. श्री खुशी प्रसाद थारु
सदस्य माननीय न्यायाधीश श्री रमेशकुमार पोखरेल
सदस्य माननीय न्यायाधीश श्री यमुना भट्टराई",False
076-CR-0406,सफाई,"अध्यक्ष माननीय न्यायाधीश श्री श्रीकान्त पौडेल
सदस्य माननीय न्यायाधीश डा. श्री खुशी प्रसाद थारु
सदस्य माननीय न्यायाधीश श्री शालिग्राम कोइराला",False
076-CR-0407,सफाई,"अध्यक्ष माननीय न्यायाधीश श्री श्रीकान्त पौडेल
सदस्य माननीय न्यायाधीश श्री शालिग्राम कोइराला
सदस्य माननीय न्यायाधीश श्री बलभद्र बास्तोला",False
076-CR-0408,सफाई,"अध्यक्ष माननीय न्यायाधीश श्री श्रीकान्त पौडेल
सदस्य माननीय न्यायाधीश श्री शालिग्राम कोइराला",False
076-CR-0409,ठहर,"सदस्य माननीय न्यायाधीश डा. श्री खुशी प्रसाद थारु
सदस्य माननीय न्यायाधीश श्री यमुना भट्टराई",False
076-CR-0410,सफाई,"अध्यक्ष माननीय न्यायाधीश श्री श्रीकान्त पौडेल
सदस्य माननीय न्यायाधीश डा. श्री खुशी प्रसाद थारु
सदस्य माननीय न्यायाधीश श्री बलभद्र बास्तोला",False
076-CR-0411,सफाई,"अध्यक्ष माननीय न्यायाधीश श्री श्रीकान्त पौडेल
सदस्य माननीय न्यायाधीश श्री बलभद्र बास्तोला",False
076-CR-0412,ठहर,"अध्यक्ष माननीय न्यायाधीश श्री प्रेमराज कार्की
सदस्य माननीय न्यायाधीश श्री बालेन्द्र रुपाखेती
सदस्य माननीय न्यायाधीश श्री चन्द्रबहादुर सारु",False
076-CR-0413,सफाई,"सदस्य माननीय न्यायाधीश डा. श्री खुशी प्रसाद थारु
सदस्य माननीय न्यायाधीश श्री रमेशकुमार पोखरेल
सदस्य माननीय न्यायाधीश श्री शालिग्राम कोइराला",False
076-CR-0414,सफाई,"सदस्य माननीय न्यायाधीश डा. श्री खुशी प्रसाद थारु
सदस्य माननीय न्यायाधीश श्री शालिग्राम कोइराला",False
076-CR-0415,ठहर,"अध्यक्ष माननीय न्यायाधीश श्री श्रीकान्त पौडेल
सदस्य माननीय न्यायाधीश डा. श्री खुशी प्रसाद थारु
सदस्य माननीय न्यायाधीश श्री यमुना भट्टराई",False
076-CR-0416,ठहर,"सदस्य माननीय न्यायाधीश डा. श्री खुशी प्रसाद थारु
सदस्य माननीय न्यायाधीश श्री राम बहादुर थापा
सदस्य माननीय न्यायाधीश श्री मुरारीबाबु श्रेष्ठ",False
076-CR-0417,सफाई,"सदस्य माननीय न्यायाधीश श्री अब्दुल अजिज मुसलमान
सदस्य माननीय न्यायाधीश श्री चन्द्रबहादुर सारु",False
076-CR-0418,ठहर,"अध्यक्ष माननीय न्यायाधीश श्री प्रेमराज कार्की
सदस्य माननीय न्यायाधीश श्री बालेन्द्र रुपाखेती",False
076-CR-0419,ठहर,"सदस्य माननीय न्यायाधीश श्री यमुना भट्टराई
सदस्य माननीय न्यायाधीश श्री शालिग्राम कोइराला
सदस्य माननीय न्यायाधीश श्री बलभद्र बास्तोला",False
076-CR-0420,सफाई,"अध्यक्ष माननीय न्यायाधीश श्री श्रीकान्त पौडेल
सदस्य माननीय न्यायाधीश श्री शालिग्राम कोइराला",False
076-CR-0421,सफाई,"अध्यक्ष माननीय न्यायाधीश श्री श्रीकान्त पौडेल
सदस्य माननीय न्यायाधीश श्री शालिग्राम कोइराला",False
076-CR-0422,सफाई,"अध्यक्ष माननीय न्यायाधीश श्री श्रीकान्त पौडेल
सदस्य माननीय न्यायाधीश डा. श्री खुशी प्रसाद थारु",False
076-CR-0423,ठहर,"अध्यक्ष माननीय न्यायाधीश श्री श्रीकान्त पौडेल
सदस्य माननीय न्यायाधीश डा. श्री खुशी प्रसाद थारु
सदस्य माननीय न्यायाधीश श्री बलभद्र बास्तोला",False
076-CR-0424,ठहर,"सदस्य माननीय न्यायाधीश श्री रमेशकुमार पोखरेल
सदस्य माननीय न्यायाधीश श्री यमुना भट्टराई
सदस्य माननीय न्यायाधीश श्री शालिग्राम कोइराला",False
076-CR-0425,ठहर,"अध्यक्ष माननीय न्यायाधीश श्री श्रीकान्त पौडेल
सदस्य माननीय न्यायाधीश डा. श्री खुशी प्रसाद थारु
सदस्य माननीय न्यायाधीश श्री यमुना भट्टराई",False
076-CR-0426,ठहर,"सदस्य माननीय न्यायाधीश श्री नित्यानन्द पाण्डेय
सदस्य माननीय न्यायाधीश श्री शान्तिसिंह थापा
सदस्य माननीय न्यायाधीश श्री चन्द्रबहादुर सारु",False
076-CR-0427,सफाई,"अध्यक्ष माननीय न्यायाधीश श्री श्रीकान्त पौडेल
सदस्य माननीय न्यायाधीश श्री शालिग्राम कोइराला",False
076-CR-0428,सफाई,"सदस्य माननीय न्यायाधीश श्री शालिग्राम कोइराला
सदस्य माननीय न्यायाधीश श्री बलभद्र बास्तोला",False
076-CR-0429,सफाई,"सदस्य माननीय न्यायाधीश श्री रमेशकुमार पोखरेल
सदस्य माननीय न्यायाधीश श्री यमुना भट्टराई
सदस्य माननीय न्यायाधीश श्री बलभद्र बास्तोला",False
076-CR-0430,ठहर,"सदस्य माननीय न्यायाधीश श्री अब्दुल अजिज मुसलमान
सदस्य माननीय न्यायाधीश श्री नित्यानन्द पाण्डेय",False
076-CR-0431,सफाई,"अध्यक्ष माननीय न्यायाधीश श्री श्रीकान्त पौडेल
सदस्य माननीय न्यायाधीश डा. श्री खुशी प्रसाद थारु
सदस्य माननीय न्यायाधीश श्री शालिग्राम कोइराला",False
076-CR-0432,सफाई,"अध्यक्ष माननीय न्यायाधीश श्री श्रीकान्त पौडेल
सदस्य माननीय न्यायाधीश श्री बलभद्र बास्तोला",False
076-CR-0433,ठहर,"अध्यक्ष माननीय न्यायाधीश श्री प्रेमराज कार्की
सदस्य माननीय न्यायाधीश श्री अब्दुल अजिज मुसलमान
सदस्य माननीय न्यायाधीश श्री चन्द्रबहादुर सारु",False
076-CR-0434,ठहर,"अध्यक्ष माननीय न्यायाधीश श्री श्रीकान्त पौडेल
सदस्य माननीय न्यायाधीश श्री यमुना भट्टराई
सदस्य माननीय न्यायाधीश श्री शालिग्राम कोइराला",False
076-CR-0435,ठहर,"अध्यक्ष माननीय न्यायाधीश श्री श्रीकान्त पौडेल
सदस्य माननीय न्यायाधीश श्री बलभद्र बास्तोला",False
076-CR-0436,ठहर,"सदस्य माननीय न्यायाधीश डा. श्री खुशी प्रसाद थारु
सदस्य माननीय न्यायाधीश श्री रमेशकुमार पोखरेल
सदस्य माननीय न्यायाधीश श्री शालिग्राम कोइराला",False
076-CR-0437,सफाई,"अध्यक्ष माननीय न्यायाधीश श्री श्रीकान्त पौडेल
सदस्य माननीय न्यायाधीश श्री रमेशकुमार पोखरेल
सदस्य माननीय न्यायाधीश श्री यमुना भट्टराई",False
076-CR-0438,सफाई,"सदस्य माननीय न्यायाधीश डा. श्री खुशी प्रसाद थारु
सदस्य माननीय न्यायाधीश श्री तेज नारायण सिंह राई
सदस्य माननीय न्यायाधीश श्री रितेन्द्र थापा",False
076-CR-0439,आंशिक ठहर,"सदस्य माननीय न्यायाधीश डा. श्री खुशी प्रसाद थारु
सदस्य माननीय न्यायाधीश श्री यमुना भट्टराई
सदस्य माननीय न्यायाधीश श्री बलभद्र बास्तोला",False
076-CR-0440,आंशिक ठहर,"सदस्य माननीय न्यायाधीश डा. श्री खुशी प्रसाद थारु
सदस्य माननीय न्यायाधीश श्री यमुना भट्टराई
सदस्य माननीय न्यायाधीश श्री बलभद्र बास्तोला",False
076-CR-0441,सफाई,"अध्यक्ष माननीय न्यायाधीश श्री श्रीकान्त पौडेल
सदस्य माननीय न्यायाधीश डा. श्री खुशी प्रसाद थारु
सदस्य माननीय न्यायाधीश श्री यमुना भट्टराई",False
076-CR-0442,सफाई,"अध्यक्ष माननीय न्यायाधीश श्री श्रीकान्त पौडेल
सदस्य माननीय न्यायाधीश श्री बलभद्र बास्तोला",False
076-CR-0443,सफाई,"सदस्य माननीय न्यायाधीश श्री बालेन्द्र रुपाखेती
सदस्य माननीय न्यायाधीश श्री नित्यानन्द पाण्डेय
सदस्य माननीय न्यायाधीश श्री शान्तिसिंह थापा",False
076-CR-0444,सफाई,"अध्यक्ष माननीय न्यायाधीश श्री श्रीकान्त पौडेल
सदस्य माननीय न्यायाधीश श्री शालिग्राम कोइराला
सदस्य माननीय न्यायाधीश श्री बलभद्र बास्तोला",False
076-CR-0445,ठहर,"सदस्य माननीय न्यायाधीश डा. श्री खुशी प्रसाद थारु
सदस्य माननीय न्यायाधीश श्री राम बहादुर थापा
सदस्य माननीय न्यायाधीश श्री मुरारीबाबु श्रेष्ठ",False
076-CR-0446,ठहर,"अध्यक्ष माननीय न्यायाधीश श्री श्रीकान्त पौडेल
सदस्य माननीय न्यायाधीश श्री शालिग्राम कोइराला
सदस्य माननीय न्यायाधीश श्री बलभद्र बास्तोला",False
076-CR-0447,सफाई,"अध्यक्ष माननीय न्यायाधीश श्री श्रीकान्त पौडेल
सदस्य माननीय न्यायाधीश डा. श्री खुशी प्रसाद थारु
सदस्य माननीय न्यायाधीश श्री शालिग्राम कोइराला",False
076-CR-0448,सफाई,"अध्यक्ष माननीय न्यायाधीश श्री श्रीकान्त पौडेल
सदस्य माननीय न्यायाधीश डा. श्री खुशी प्रसाद थारु
सदस्य माननीय न्यायाधीश श्री बलभद्र बास्तोला",False
076-CR-0449,सफाई,"अध्यक्ष माननीय न्यायाधीश श्री श्रीकान्त पौडेल
सदस्य माननीय न्यायाधीश श्री शालिग्राम कोइराला
सदस्य माननीय न्यायाधीश श्री बलभद्र बास्तोला",False
076-CR-0450,सफाई,"अध्यक्ष माननीय न्यायाधीश श्री श्रीकान्त पौडेल
सदस्य माननीय न्यायाधीश श्री यमुना भट्टराई",False
077-CR-0001,सफाई,"अध्यक्ष माननीय न्यायाधीश श्री श्रीकान्त पौडेल
सदस्य माननीय न्यायाधीश श्री यमुना भट्टराई
सदस्य माननीय न्यायाधीश श्री बलभद्र बास्तोला",False
077-CR-0002,सफाई,"सदस्य माननीय न्यायाधीश श्री रमेशकुमार पोखरेल
सदस्य माननीय न्यायाधीश श्री यमुना भट्टराई
सदस्य माननीय न्यायाधीश श्री शालिग्राम कोइराला",False
077-CR-0003,सफाई,"सदस्य माननीय न्यायाधीश श्री रमेशकुमार पोखरेल
सदस्य माननीय न्यायाधीश श्री यमुना भट्टराई
सदस्य माननीय न्यायाधीश श्री शालिग्राम कोइराला",False
077-CR-0004,ठहर,"अध्यक्ष माननीय न्यायाधीश श्री श्रीकान्त पौडेल
सदस्य माननीय न्यायाधीश डा. श्री खुशी प्रसाद थारु
सदस्य माननीय न्यायाधीश श्री बलभद्र बास्तोला",False
077-CR-0005,सफाई,"सदस्य माननीय न्यायाधीश डा. श्री खुशी प्रसाद थारु
सदस्य माननीय न्यायाधीश श्री शालिग्राम कोइराला",False
077-CR-0006,सफाई,"सदस्य माननीय न्यायाधीश डा. श्री खुशी प्रसाद थारु
सदस्य माननीय न्यायाधीश श्री यमुना भट्टराई
सदस्य माननीय न्यायाधीश श्री शालिग्राम कोइराला",False
077-CR-0007,सफाई,"सदस्य माननीय न्यायाधीश श्री रमेशकुमार पोखरेल
सदस्य माननीय न्यायाधीश श्री यमुना भट्टराई
सदस्य माननीय न्यायाधीश श्री बलभद्र बास्तोला",False
077-CR-0008,सफाई,"अध्यक्ष माननीय न्यायाधीश श्री श्रीकान्त पौडेल
सदस्य माननीय न्यायाधीश श्री यमुना भट्टराई
सदस्य माननीय न्यायाधीश श्री बलभद्र बास्तोला",False
077-CR-0009,सफाई,"अध्यक्ष माननीय न्यायाधीश श्री श्रीकान्त पौडेल
सदस्य माननीय न्यायाधीश श्री यमुना भट्टराई",False
077-CR-0010,सफाई,"अध्यक्ष माननीय न्यायाधीश श्री श्रीकान्त पौडेल
सदस्य माननीय न्यायाधीश श्री बलभद्र बास्तोला",False
077-CR-0011,ठहर,"सदस्य माननीय न्यायाधीश श्री अब्दुल अजिज मुसलमान
सदस्य माननीय न्यायाधीश श्री शान्तिसिंह थापा
सदस्य माननीय न्यायाधीश श्री चन्द्रबहादुर सारु",False
077-CR-0012,सफाई,"अध्यक्ष माननीय न्यायाधीश श्री श्रीकान्त पौडेल
सदस्य माननीय न्यायाधीश डा. श्री खुशी प्रसाद थारु
सदस्य माननीय न्यायाधीश श्री बलभद्र बास्तोला",False
077-CR-0013,सफाई,"अध्यक्ष माननीय न्यायाधीश श्री श्रीकान्त पौडेल
सदस्य माननीय न्यायाधीश डा. श्री खुशी प्रसाद थारु
सदस्य माननीय न्यायाधीश श्री बलभद्र बास्तोला",False
077-CR-0014,सफाई,"अध्यक्ष माननीय न्यायाधीश श्री श्रीकान्त पौडेल
सदस्य माननीय न्यायाधीश डा. श्री खुशी प्रसाद थारु
सदस्य माननीय न्यायाधीश श्री यमुना भट्टराई",False
077-CR-0015,सफाई,"सदस्य माननीय न्यायाधीश डा. श्री खुशी प्रसाद थारु
सदस्य माननीय न्यायाधीश श्री रमेशकुमार पोखरेल
सदस्य माननीय न्यायाधीश श्री बलभद्र बास्तोला",False
077-CR-0016,सफाई,"अध्यक्ष माननीय न्यायाधीश श्री श्रीकान्त पौडेल
सदस्य माननीय न्यायाधीश डा. श्री खुशी प्रसाद थारु
सदस्य माननीय न्यायाधीश श्री बलभद्र बास्तोला",False
077-CR-0017,सफाई,"अध्यक्ष माननीय न्यायाधीश श्री श्रीकान्त पौडेल
सदस्य माननीय न्यायाधीश डा. श्री खुशी प्रसाद थारु
सदस्य माननीय न्यायाधीश श्री यमुना भट्टराई",False
077-CR-0018,सफाई,"सदस्य माननीय न्यायाधीश डा. श्री खुशी प्रसाद थारु
सदस्य माननीय न्यायाधीश श्री बलभद्र बास्तोला",False
077-CR-0019,आंशिक ठहर,"सदस्य माननीय न्यायाधीश डा. श्री खुशी प्रसाद थारु
सदस्य माननीय न्यायाधीश श्री राम बहादुर थापा
सदस्य माननीय न्यायाधीश श्री मुरारीबाबु श्रेष्ठ",False
077-CR-0020,सफाई,"अध्यक्ष माननीय न्यायाधीश श्री टेक नारायण कुँवर
सदस्य माननीय न्यायाधीश श्री तेज नारायण सिंह राई
सदस्य माननीय न्यायाधीश श्री मुरारीबाबु श्रेष्ठ",False
077-CR-0021,आंशिक ठहर,"अध्यक्ष माननीय न्यायाधीश श्री टेक नारायण कुँवर
सदस्य माननीय न्यायाधीश श्री तेज नारायण सिंह राई
सदस्य माननीय न्यायाधीश श्री मुरारीबाबु श्रेष्ठ",False
077-CR-0022,ठहर,"अध्यक्ष माननीय न्यायाधीश श्री टेक नारायण कुँवर
सदस्य माननीय न्यायाधीश श्री तेज नारायण सिंह राई
सदस्य माननीय न्यायाधीश श्री रितेन्द्र थापा",False
077-CR-0023,सफाई,"अध्यक्ष माननीय न्यायाधीश श्री श्रीकान्त पौडेल
सदस्य माननीय न्यायाधीश डा. श्री खुशी प्रसाद थारु
सदस्य माननीय न्यायाधीश श्री यमुना भट्टराई",False
077-CR-0024,आंशिक ठहर,"अध्यक्ष माननीय न्यायाधीश श्री श्रीकान्त पौडेल
सदस्य माननीय न्यायाधीश डा. श्री खुशी प्रसाद थारु
सदस्य माननीय न्यायाधीश श्री शालिग्राम कोइराला",False
077-CR-0025,सफाई,"अध्यक्ष माननीय न्यायाधीश श्री टेक नारायण कुँवर
सदस्य माननीय न्यायाधीश श्री तेज नारायण सिंह राई
सदस्य माननीय न्यायाधीश श्री रितेन्द्र थापा",False
077-CR-0026,ठहर,"अध्यक्ष माननीय न्यायाधीश श्री श्रीकान्त पौडेल
सदस्य माननीय न्यायाधीश डा. श्री खुशी प्रसाद थारु",False
077-CR-0027,ठहर,"अध्यक्ष माननीय न्यायाधीश श्री श्रीकान्त पौडेल
सदस्य माननीय न्यायाधीश डा. श्री खुशी प्रसाद थारु",False
077-CR-0028,सफाई,"अध्यक्ष माननीय न्यायाधीश श्री श्रीकान्त पौडेल
सदस्य माननीय न्यायाधीश डा. श्री खुशी प्रसाद थारु",False
077-CR-0029,सफाई,"अध्यक्ष माननीय न्यायाधीश श्री श्रीकान्त पौडेल
सदस्य माननीय न्यायाधीश डा. श्री खुशी प्रसाद थारु",False
077-CR-0030,ठहर,"अध्यक्ष माननीय न्यायाधीश श्री श्रीकान्त पौडेल
सदस्य माननीय न्यायाधीश डा. श्री खुशी प्रसाद थारु
सदस्य माननीय न्यायाधीश श्री यमुना भट्टराई",False
077-CR-0031,सफाई,"अध्यक्ष माननीय न्यायाधीश श्री श्रीकान्त पौडेल
सदस्य माननीय न्यायाधीश डा. श्री खुशी प्रसाद थारु
सदस्य माननीय न्यायाधीश श्री बलभद्र बास्तोला",False
077-CR-0032,आंशिक ठहर,"अध्यक्ष माननीय न्यायाधीश श्री श्रीकान्त पौडेल
सदस्य माननीय न्यायाधीश श्री यमुना भट्टराई",False
077-CR-0033,ठहर,"अध्यक्ष माननीय न्यायाधीश श्री श्रीकान्त पौडेल
सदस्य माननीय न्यायाधीश डा. श्री खुशी प्रसाद थारु",False
077-CR-0034,सफाई,"अध्यक्ष माननीय न्यायाधीश श्री श्रीकान्त पौडेल
सदस्य माननीय न्यायाधीश डा. श्री खुशी प्रसाद थारु",False
077-CR-0035,ठहर,"सदस्य माननीय न्यायाधीश डा. श्री खुशी प्रसाद थारु
सदस्य माननीय न्यायाधीश श्री बलभद्र बास्तोला",False
077-CR-0036,आंशिक ठहर,"अध्यक्ष माननीय न्यायाधीश श्री श्रीकान्त पौडेल
सदस्य माननीय न्यायाधीश श्री यमुना भट्टराई
सदस्य माननीय न्यायाधीश श्री शालिग्राम कोइराला",False
077-CR-0037,सफाई,"अध्यक्ष माननीय न्यायाधीश श्री श्रीकान्त पौडेल
सदस्य माननीय न्यायाधीश डा. श्री खुशी प्रसाद थारु
सदस्य माननीय न्यायाधीश श्री यमुना भट्टराई",False
077-CR-0038,ठहर,"अध्यक्ष माननीय न्यायाधीश श्री श्रीकान्त पौडेल
सदस्य माननीय न्यायाधीश श्री यमुना भट्टराई
सदस्य माननीय न्यायाधीश श्री शालिग्राम कोइराला",False
077-CR-0039,सफाई,"अध्यक्ष माननीय न्यायाधीश श्री श्रीकान्त पौडेल
सदस्य माननीय न्यायाधीश श्री यमुना भट्टराई
सदस्य माननीय न्यायाधीश श्री शालिग्राम कोइराला",False
077-CR-0040,सफाई,"अध्यक्ष माननीय न्यायाधीश श्री श्रीकान्त पौडेल
सदस्य माननीय न्यायाधीश डा. श्री खुशी प्रसाद थारु
सदस्य माननीय न्यायाधीश श्री यमुना भट्टराई",False
077-CR-0041,सफाई,"सदस्य माननीय न्यायाधीश डा. श्री खुशी प्रसाद थारु
सदस्य माननीय न्यायाधीश श्री रमेशकुमार पोखरेल
सदस्य माननीय न्यायाधीश श्री शालिग्राम कोइराला",False
077-CR-0042,सफाई,"अध्यक्ष माननीय न्यायाधीश श्री श्रीकान्त पौडेल
सदस्य माननीय न्यायाधीश श्री यमुना भट्टराई
सदस्य माननीय न्यायाधीश श्री बलभद्र बास्तोला",False
077-CR-0043,सफाई,"अध्यक्ष माननीय न्यायाधीश श्री श्रीकान्त पौडेल
सदस्य माननीय न्यायाधीश डा. श्री खुशी प्रसाद थारु
सदस्य माननीय न्यायाधीश श्री शालिग्राम कोइराला",False
077-CR-0044,सफाई,"अध्यक्ष माननीय न्यायाधीश श्री श्रीकान्त पौडेल
सदस्य माननीय न्यायाधीश डा. श्री खुशी प्रसाद थारु
सदस्य माननीय न्यायाधीश श्री शालिग्राम कोइराला",False
077-CR-0045,सफाई,"सदस्य माननीय न्यायाधीश डा. श्री खुशी प्रसाद थारु
सदस्य माननीय न्यायाधीश श्री शालिग्राम कोइराला",False
077-CR-0046,सफाई,"अध्यक्ष माननीय न्यायाधीश श्री श्रीकान्त पौडेल
सदस्य माननीय न्यायाधीश डा. श्री खुशी प्रसाद थारु
सदस्य माननीय न्यायाधीश श्री यमुना भट्टराई",False
077-CR-0047,ठहर,"अध्यक्ष माननीय न्यायाधीश श्री श्रीकान्त पौडेल
सदस्य माननीय न्यायाधीश डा. श्री खुशी प्रसाद थारु
सदस्य माननीय न्यायाधीश श्री शालिग्राम कोइराला",False
077-CR-0048,आंशिक ठहर,"अध्यक्ष माननीय न्यायाधीश श्री श्रीकान्त पौडेल
सदस्य माननीय न्यायाधीश श्री रमेशकुमार पोखरेल
सदस्य माननीय न्यायाधीश श्री यमुना भट्टराई",False
077-CR-0049,सफाई,"अध्यक्ष माननीय न्यायाधीश श्री श्रीकान्त पौडेल
सदस्य माननीय न्यायाधीश डा. श्री खुशी प्रसाद थारु
सदस्य माननीय न्यायाधीश श्री यमुना भट्टराई",False
077-CR-0050,सफाई,"सदस्य माननीय न्यायाधीश श्री रमेशकुमार पोखरेल
सदस्य माननीय न्यायाधीश श्री यमुना भट्टराई
सदस्य माननीय न्यायाधीश श्री शालिग्राम कोइराला",False
077-CR-0051,सफाई,"सदस्य माननीय न्यायाधीश श्री यमुना भट्टराई
सदस्य माननीय न्यायाधीश श्री बलभद्र बास्तोला",False
077-CR-0052,आंशिक ठहर,"सदस्य माननीय न्यायाधीश डा. श्री खुशी प्रसाद थारु
सदस्य माननीय न्यायाधीश श्री यमुना भट्टराई
सदस्य माननीय न्यायाधीश श्री शालिग्राम कोइराला",False
077-CR-0053,ठहर,"अध्यक्ष माननीय न्यायाधीश श्री श्रीकान्त पौडेल
सदस्य माननीय न्यायाधीश श्री शालिग्राम कोइराला
सदस्य माननीय न्यायाधीश श्री बलभद्र बास्तोला",False
077-CR-0054,सफाई,"अध्यक्ष माननीय न्यायाधीश श्री टेक नारायण कुँवर
सदस्य माननीय न्यायाधीश श्री तेज नारायण सिंह राई
सदस्य माननीय न्यायाधीश श्री रितेन्द्र थापा",False
077-CR-0055,सफाई,"सदस्य माननीय न्यायाधीश श्री रमेशकुमार पोखरेल
सदस्य माननीय न्यायाधीश श्री यमुना भट्टराई
सदस्य माननीय न्यायाधीश श्री शालिग्राम कोइराला",False
077-CR-0056,सफाई,"अध्यक्ष माननीय न्यायाधीश श्री श्रीकान्त पौडेल
सदस्य माननीय न्यायाधीश श्री शालिग्राम कोइराला",False
077-CR-0057,सफाई,"सदस्य माननीय न्यायाधीश श्री रमेशकुमार पोखरेल
सदस्य माननीय न्यायाधीश श्री यमुना भट्टराई
सदस्य माननीय न्यायाधीश श्री शालिग्राम कोइराला",False
077-CR-0058,सफाई,"अध्यक्ष माननीय न्यायाधीश श्री श्रीकान्त पौडेल
सदस्य माननीय न्यायाधीश डा. श्री खुशी प्रसाद थारु
सदस्य माननीय न्यायाधीश श्री बलभद्र बास्तोला",False
077-CR-0059,सफाई,"अध्यक्ष माननीय न्यायाधीश श्री टेक नारायण कुँवर
सदस्य माननीय न्यायाधीश श्री तेज नारायण सिंह राई
सदस्य माननीय न्यायाधीश श्री रितेन्द्र थापा",False
077-CR-0060,सफाई,"अध्यक्ष माननीय न्यायाधीश श्री श्रीकान्त पौडेल
सदस्य माननीय न्यायाधीश डा. श्री खुशी प्रसाद थारु
सदस्य माननीय न्यायाधीश श्री शालिग्राम कोइराला",False
077-CR-0061,आंशिक ठहर,"अध्यक्ष माननीय न्यायाधीश श्री श्रीकान्त पौडेल
सदस्य माननीय न्यायाधीश डा. श्री खुशी प्रसाद थारु
सदस्य माननीय न्यायाधीश श्री शालिग्राम कोइराला",False
077-CR-0062,सफाई,"अध्यक्ष माननीय न्यायाधीश श्री श्रीकान्त पौडेल
सदस्य माननीय न्यायाधीश डा. श्री खुशी प्रसाद थारु
सदस्य माननीय न्यायाधीश श्री बलभद्र बास्तोला",False
077-CR-0063,आंशिक ठहर,"अध्यक्ष माननीय न्यायाधीश श्री श्रीकान्त पौडेल
सदस्य माननीय न्यायाधीश श्री यमुना भट्टराई",False
077-CR-0064,सफाई,"अध्यक्ष माननीय न्यायाधीश श्री श्रीकान्त पौडेल
सदस्य माननीय न्यायाधीश श्री यमुना भट्टराई
सदस्य माननीय न्यायाधीश श्री बलभद्र बास्तोला",False
077-CR-0065,सफाई,"अध्यक्ष माननीय न्यायाधीश श्री श्रीकान्त पौडेल
सदस्य माननीय न्यायाधीश डा. श्री खुशी प्रसाद थारु",False
077-CR-0066,आंशिक ठहर,"अध्यक्ष माननीय न्यायाधीश श्री टेक नारायण कुँवर
सदस्य माननीय न्यायाधीश श्री तेज नारायण सिंह राई
सदस्य माननीय न्यायाधीश श्री मुरारीबाबु श्रेष्ठ",False
077-CR-0067,आंशिक ठहर,"सदस्य माननीय न्यायाधीश डा. श्री खुशी प्रसाद थारु
सदस्य माननीय न्यायाधीश श्री राम बहादुर थापा",False
077-CR-0068,ठहर,"सदस्य माननीय न्यायाधीश डा. श्री खुशी प्रसाद थारु
सदस्य माननीय न्यायाधीश श्री शालिग्राम कोइराला",False
077-CR-0069,सफाई,"अध्यक्ष माननीय न्यायाधीश श्री श्रीकान्त पौडेल
सदस्य माननीय न्यायाधीश श्री बलभद्र बास्तोला",False
077-CR-0070,सफाई,"सदस्य माननीय न्यायाधीश डा. श्री खुशी प्रसाद थारु
सदस्य माननीय न्यायाधीश श्री तेज नारायण सिंह राई",False
077-CR-0071,सफाई,"सदस्य माननीय न्यायाधीश श्री यमुना भट्टराई
सदस्य माननीय न्यायाधीश श्री बलभद्र बास्तोला",False
077-CR-0072,ठहर,"अध्यक्ष माननीय न्यायाधीश श्री टेक नारायण कुँवर
सदस्य माननीय न्यायाधीश श्री तेज नारायण सिंह राई
सदस्य माननीय न्यायाधीश श्री मुरारीबाबु श्रेष्ठ",False
077-CR-0073,सफाई,"अध्यक्ष माननीय न्यायाधीश श्री श्रीकान्त पौडेल
सदस्य माननीय न्यायाधीश डा. श्री खुशी प्रसाद थारु
सदस्य माननीय न्यायाधीश श्री बलभद्र बास्तोला",False
077-CR-0074,सफाई,"अध्यक्ष माननीय न्यायाधीश श्री श्रीकान्त पौडेल
सदस्य माननीय न्यायाधीश डा. श्री खुशी प्रसाद थारु
सदस्य माननीय न्यायाधीश श्री शालिग्राम कोइराला",False
077-CR-0075,ठहर,"अध्यक्ष माननीय न्यायाधीश श्री टेक नारायण कुँवर
सदस्य माननीय न्यायाधीश श्री तेज नारायण सिंह राई
सदस्य माननीय न्यायाधीश श्री मुरारीबाबु श्रेष्ठ",False
077-CR-0076,सफाई,"सदस्य माननीय न्यायाधीश श्री रमेशकुमार पोखरेल
सदस्य माननीय न्यायाधीश श्री यमुना भट्टराई
सदस्य माननीय न्यायाधीश श्री शालिग्राम कोइराला",False
077-CR-0077,सफाई,"सदस्य माननीय न्यायाधीश डा. श्री खुशी प्रसाद थारु
सदस्य माननीय न्यायाधीश श्री रमेशकुमार पोखरेल
सदस्य माननीय न्यायाधीश श्री बलभद्र बास्तोला",False
077-CR-0078,आंशिक ठहर,"अध्यक्ष माननीय न्यायाधीश श्री श्रीकान्त पौडेल
सदस्य माननीय न्यायाधीश श्री यमुना भट्टराई
सदस्य माननीय न्यायाधीश श्री बलभद्र बास्तोला",False
077-CR-0079,सफाई,"सदस्य माननीय न्यायाधीश डा. श्री खुशी प्रसाद थारु
सदस्य माननीय न्यायाधीश श्री यमुना भट्टराई
सदस्य माननीय न्यायाधीश श्री शालिग्राम कोइराला",False
077-CR-0080,सफाई,"सदस्य माननीय न्यायाधीश डा. श्री खुशी प्रसाद थारु
सदस्य माननीय न्यायाधीश श्री यमुना भट्टराई
सदस्य माननीय न्यायाधीश श्री बलभद्र बास्तोला",False
077-CR-0081,सफाई,"सदस्य माननीय न्यायाधीश डा. श्री खुशी प्रसाद थारु
सदस्य माननीय न्यायाधीश श्री रमेशकुमार पोखरेल
सदस्य माननीय न्यायाधीश श्री यमुना भट्टराई",False
077-CR-0082,सफाई,"सदस्य माननीय न्यायाधीश श्री यमुना भट्टराई
सदस्य माननीय न्यायाधीश श्री बलभद्र बास्तोला",False
077-CR-0083,सफाई,"सदस्य माननीय न्यायाधीश श्री रमेशकुमार पोखरेल
सदस्य माननीय न्यायाधीश श्री शालिग्राम कोइराला
सदस्य माननीय न्यायाधीश श्री बलभद्र बास्तोला",False
077-CR-0084,सफाई,"सदस्य माननीय न्यायाधीश डा. श्री खुशी प्रसाद थारु
सदस्य माननीय न्यायाधीश श्री रमेशकुमार पोखरेल
सदस्य माननीय न्यायाधीश श्री शालिग्राम कोइराला",False
077-CR-0085,सफाई,"अध्यक्ष माननीय न्यायाधीश श्री टेक नारायण कुँवर
सदस्य माननीय न्यायाधीश श्री राम बहादुर थापा",False
077-CR-0086,सफाई,"अध्यक्ष माननीय न्यायाधीश श्री टेक नारायण कुँवर
सदस्य माननीय न्यायाधीश श्री राम बहादुर थापा",False
077-CR-0087,सफाई,"अध्यक्ष माननीय न्यायाधीश श्री टेक नारायण कुँवर
सदस्य माननीय न्यायाधीश श्री राम बहादुर थापा",False
077-CR-0088,सफाई,"अध्यक्ष माननीय न्यायाधीश श्री टेक नारायण कुँवर
सदस्य माननीय न्यायाधीश श्री राम बहादुर थापा",False
077-CR-0089,सफाई,"अध्यक्ष माननीय न्यायाधीश श्री टेक नारायण कुँवर
सदस्य माननीय न्यायाधीश श्री राम बहादुर थापा",False
077-CR-0090,सफाई,"अध्यक्ष माननीय न्यायाधीश श्री टेक नारायण कुँवर
सदस्य माननीय न्यायाधीश श्री राम बहादुर थापा",False
077-CR-0091,सफाई,"अध्यक्ष माननीय न्यायाधीश श्री टेक नारायण कुँवर
सदस्य माननीय न्यायाधीश श्री राम बहादुर थापा",False
077-CR-0092,सफाई,"अध्यक्ष माननीय न्यायाधीश श्री टेक नारायण कुँवर
सदस्य माननीय न्यायाधीश श्री राम बहादुर थापा",False
077-CR-0093,सफाई,"अध्यक्ष माननीय न्यायाधीश श्री टेक नारायण कुँवर
सदस्य माननीय न्यायाधीश श्री राम बहादुर थापा",False
077-CR-0094,सफाई,"अध्यक्ष माननीय न्यायाधीश श्री टेक नारायण कुँवर
सदस्य माननीय न्यायाधीश श्री राम बहादुर थापा",False
077-CR-0095,सफाई,"अध्यक्ष माननीय न्यायाधीश श्री टेक नारायण कुँवर
सदस्य माननीय न्यायाधीश श्री राम बहादुर थापा",False
077-CR-0096,सफाई,"सदस्य माननीय न्यायाधीश डा. श्री खुशी प्रसाद थारु
सदस्य माननीय न्यायाधीश श्री शालिग्राम कोइराला",False
077-CR-0097,सफाई,"अध्यक्ष माननीय न्यायाधीश श्री श्रीकान्त पौडेल
सदस्य माननीय न्यायाधीश डा. श्री खुशी प्रसाद थारु
सदस्य माननीय न्यायाधीश श्री बलभद्र बास्तोला",False
077-CR-0098,ठहर,"सदस्य माननीय न्यायाधीश श्री यमुना भट्टराई
सदस्य माननीय न्यायाधीश श्री बलभद्र बास्तोला",False
077-CR-0099,सफाई,"अध्यक्ष माननीय न्यायाधीश श्री श्रीकान्त पौडेल
सदस्य माननीय न्यायाधीश डा. श्री खुशी प्रसाद थारु
सदस्य माननीय न्यायाधीश श्री बलभद्र बास्तोला",False
077-CR-0100,ठहर,"सदस्य माननीय न्यायाधीश डा. श्री खुशी प्रसाद थारु
सदस्य माननीय न्यायाधीश श्री रमेशकुमार पोखरेल
सदस्य माननीय न्यायाधीश श्री यमुना भट्टराई",False
077-CR-0101,सफाई,"अध्यक्ष माननीय न्यायाधीश श्री श्रीकान्त पौडेल
सदस्य माननीय न्यायाधीश श्री यमुना भट्टराई",False
077-CR-0102,सफाई,"सदस्य माननीय न्यायाधीश डा. श्री खुशी प्रसाद थारु
सदस्य माननीय न्यायाधीश श्री राम बहादुर थापा
सदस्य माननीय न्यायाधीश श्री रितेन्द्र थापा",False
077-CR-0103,ठहर,"अध्यक्ष माननीय न्यायाधीश श्री टेक नारायण कुँवर
सदस्य माननीय न्यायाधीश श्री तेज नारायण सिंह राई
सदस्य माननीय न्यायाधीश श्री रितेन्द्र थापा",False
077-CR-0104,सफाई,"सदस्य माननीय न्यायाधीश डा. श्री खुशी प्रसाद थारु
सदस्य माननीय न्यायाधीश श्री यमुना भट्टराई
सदस्य माननीय न्यायाधीश श्री बलभद्र बास्तोला",False
077-CR-0105,आंशिक ठहर,"सदस्य माननीय न्यायाधीश डा. श्री खुशी प्रसाद थारु
सदस्य माननीय न्यायाधीश श्री बलभद्र बास्तोला",False
077-CR-0106,सफाई,"अध्यक्ष माननीय न्यायाधीश श्री श्रीकान्त पौडेल
सदस्य माननीय न्यायाधीश डा. श्री खुशी प्रसाद थारु",False
077-CR-0107,सफाई,"अध्यक्ष माननीय न्यायाधीश श्री श्रीकान्त पौडेल
सदस्य माननीय न्यायाधीश श्री यमुना भट्टराई
सदस्य माननीय न्यायाधीश श्री बलभद्र बास्तोला",False
077-CR-0108,सफाई,"अध्यक्ष माननीय न्यायाधीश श्री श्रीकान्त पौडेल
सदस्य माननीय न्यायाधीश श्री यमुना भट्टराई",False
077-CR-0109,ठहर,"अध्यक्ष माननीय न्यायाधीश श्री श्रीकान्त पौडेल
सदस्य माननीय न्यायाधीश श्री शालिग्राम कोइराला",False
077-CR-0110,सफाई,"अध्यक्ष माननीय न्यायाधीश श्री टेक नारायण कुँवर
सदस्य माननीय न्यायाधीश श्री तेज नारायण सिंह राई
सदस्य माननीय न्यायाधीश श्री मुरारीबाबु श्रेष्ठ",False
077-CR-0111,आंशिक ठहर,"अध्यक्ष माननीय न्यायाधीश श्री श्रीकान्त पौडेल
सदस्य माननीय न्यायाधीश श्री शालिग्राम कोइराला",False
077-CR-0112,सफाई,"अध्यक्ष माननीय न्यायाधीश श्री श्रीकान्त पौडेल
सदस्य माननीय न्यायाधीश श्री यमुना भट्टराई",False
077-CR-0113,ठहर,"सदस्य माननीय न्यायाधीश डा. श्री खुशी प्रसाद थारु
सदस्य माननीय न्यायाधीश श्री यमुना भट्टराई
सदस्य माननीय न्यायाधीश श्री शालिग्राम कोइराला",False
077-CR-0114,आंशिक ठहर,"अध्यक्ष माननीय न्यायाधीश श्री श्रीकान्त पौडेल
सदस्य माननीय न्यायाधीश डा. श्री खुशी प्रसाद थारु
सदस्य माननीय न्यायाधीश श्री यमुना भट्टराई",False
077-CR-0115,आंशिक ठहर,"सदस्य माननीय न्यायाधीश डा. श्री खुशी प्रसाद थारु
सदस्य माननीय न्यायाधीश श्री रमेशकुमार पोखरेल
सदस्य माननीय न्यायाधीश श्री शालिग्राम कोइराला",False
077-CR-0116,सफाई,"अध्यक्ष माननीय न्यायाधीश श्री श्रीकान्त पौडेल
सदस्य माननीय न्यायाधीश श्री बलभद्र बास्तोला",False
077-CR-0117,ठहर,"अध्यक्ष माननीय न्यायाधीश श्री श्रीकान्त पौडेल
सदस्य माननीय न्यायाधीश श्री यमुना भट्टराई
सदस्य माननीय न्यायाधीश श्री शालिग्राम कोइराला",False
077-CR-0118,सफाई,"अध्यक्ष माननीय न्यायाधीश श्री श्रीकान्त पौडेल
सदस्य माननीय न्यायाधीश श्री बलभद्र बास्तोला",False
077-CR-0119,सफाई,"अध्यक्ष माननीय न्यायाधीश श्री श्रीकान्त पौडेल
सदस्य माननीय न्यायाधीश डा. श्री खुशी प्रसाद थारु
सदस्य माननीय न्यायाधीश श्री यमुना भट्टराई",False
077-CR-0120,सफाई,"सदस्य माननीय न्यायाधीश डा. श्री खुशी प्रसाद थारु
सदस्य माननीय न्यायाधीश श्री यमुना भट्टराई
सदस्य माननीय न्यायाधीश श्री शालिग्राम कोइराला",False
077-CR-0121,सफाई,"सदस्य माननीय न्यायाधीश डा. श्री खुशी प्रसाद थारु
सदस्य माननीय न्यायाधीश श्री यमुना भट्टराई
सदस्य माननीय न्यायाधीश श्री शालिग्राम कोइराला",False
077-CR-0122,ठहर,"सदस्य माननीय न्यायाधीश डा. श्री खुशी प्रसाद थारु
सदस्य माननीय न्यायाधीश श्री बलभद्र बास्तोला",False
077-CR-0123,आंशिक ठहर,"अध्यक्ष माननीय न्यायाधीश श्री श्रीकान्त पौडेल
सदस्य माननीय न्यायाधीश श्री बलभद्र बास्तोला",False
077-CR-0124,सफाई,"अध्यक्ष माननीय न्यायाधीश श्री श्रीकान्त पौडेल
सदस्य माननीय न्यायाधीश श्री बलभद्र बास्तोला",False
077-CR-0125,ठहर,"अध्यक्ष माननीय न्यायाधीश श्री श्रीकान्त पौडेल
सदस्य माननीय न्यायाधीश डा. श्री खुशी प्रसाद थारु
सदस्य माननीय न्यायाधीश श्री बलभद्र बास्तोला",False
077-CR-0126,सफाई,"सदस्य माननीय न्यायाधीश डा. श्री खुशी प्रसाद थारु
सदस्य माननीय न्यायाधीश श्री यमुना भट्टराई
सदस्य माननीय न्यायाधीश श्री बलभद्र बास्तोला",False
077-CR-0127,सफाई,"सदस्य माननीय न्यायाधीश डा. श्री खुशी प्रसाद थारु
सदस्य माननीय न्यायाधीश श्री यमुना भट्टराई
सदस्य माननीय न्यायाधीश श्री बलभद्र बास्तोला",False
078-CR-0001,सफाई,"अध्यक्ष माननीय न्यायाधीश श्री टेक नारायण कुँवर
सदस्य माननीय न्यायाधीश श्री राम बहादुर थापा
सदस्य माननीय न्यायाधीश श्री रितेन्द्र थापा",False
078-CR-0002,ठहर,"सदस्य माननीय न्यायाधीश श्री यमुना भट्टराई
सदस्य माननीय न्यायाधीश श्री शालिग्राम कोइराला
सदस्य माननीय न्यायाधीश श्री बलभद्र बास्तोला",False
078-CR-0003,ठहर,"सदस्य माननीय न्यायाधीश श्री रमेशकुमार पोखरेल
सदस्य माननीय न्यायाधीश श्री यमुना भट्टराई
सदस्य माननीय न्यायाधीश श्री शालिग्राम कोइराला",False
078-CR-0004,ठहर,"सदस्य माननीय न्यायाधीश डा. श्री खुशी प्रसाद थारु
सदस्य माननीय न्यायाधीश श्री रमेशकुमार पोखरेल
सदस्य माननीय न्यायाधीश श्री यमुना भट्टराई",False
078-CR-0005,सफाई,"अध्यक्ष माननीय न्यायाधीश श्री श्रीकान्त पौडेल
सदस्य माननीय न्यायाधीश श्री बलभद्र बास्तोला",False
078-CR-0006,सफाई,"अध्यक्ष माननीय न्यायाधीश श्री श्रीकान्त पौडेल
सदस्य माननीय न्यायाधीश श्री शालिग्राम कोइराला
सदस्य माननीय न्यायाधीश श्री बलभद्र बास्तोला",False
078-CR-0007,ठहर,"अध्यक्ष माननीय न्यायाधीश श्री श्रीकान्त पौडेल
सदस्य माननीय न्यायाधीश डा. श्री खुशी प्रसाद थारु
सदस्य माननीय न्यायाधीश श्री यमुना भट्टराई",False
078-CR-0008,सफाई,"सदस्य माननीय न्यायाधीश डा. श्री खुशी प्रसाद थारु
सदस्य माननीय न्यायाधीश श्री यमुना भट्टराई
सदस्य माननीय न्यायाधीश श्री शालिग्राम कोइराला",False
078-CR-0009,ठहर,"अध्यक्ष माननीय न्यायाधीश श्री टेक नारायण कुँवर
सदस्य माननीय न्यायाधीश श्री तेज नारायण सिंह राई
सदस्य माननीय न्यायाधीश श्री मुरारीबाबु श्रेष्ठ",False
078-CR-0010,सफाई,"सदस्य माननीय न्यायाधीश श्री यमुना भट्टराई
सदस्य माननीय न्यायाधीश श्री शालिग्राम कोइराला
सदस्य माननीय न्यायाधीश श्री बलभद्र बास्तोला",False
078-CR-0011,आंशिक ठहर,"अध्यक्ष माननीय न्यायाधीश श्री टेक नारायण कुँवर
सदस्य माननीय न्यायाधीश श्री तेज नारायण सिंह राई
सदस्य माननीय न्यायाधीश श्री रितेन्द्र थापा",False
078-CR-0012,सफाई,"अध्यक्ष माननीय न्यायाधीश श्री श्रीकान्त पौडेल
सदस्य माननीय न्यायाधीश श्री बलभद्र बास्तोला",False
078-CR-0013,सफाई,"अध्यक्ष माननीय न्यायाधीश श्री श्रीकान्त पौडेल
सदस्य माननीय न्यायाधीश श्री शालिग्राम कोइराला",False
078-CR-0014,सफाई,"अध्यक्ष माननीय न्यायाधीश श्री टेक नारायण कुँवर
सदस्य माननीय न्यायाधीश श्री तेज नारायण सिंह राई
सदस्य माननीय न्यायाधीश श्री रितेन्द्र थापा",False
078-CR-0015,ठहर,"अध्यक्ष माननीय न्यायाधीश श्री श्रीकान्त पौडेल
सदस्य माननीय न्यायाधीश श्री बलभद्र बास्तोला",False
078-CR-0016,ठहर,"अध्यक्ष माननीय न्यायाधीश श्री श्रीकान्त पौडेल
सदस्य माननीय न्यायाधीश डा. श्री खुशी प्रसाद थारु
सदस्य माननीय न्यायाधीश श्री बलभद्र बास्तोला",False
078-CR-0017,सफाई,"अध्यक्ष माननीय न्यायाधीश श्री टेक नारायण कुँवर
सदस्य माननीय न्यायाधीश श्री राम बहादुर थापा
सदस्य माननीय न्यायाधीश श्री मुरारीबाबु श्रेष्ठ",False
078-CR-0018,आंशिक ठहर,"अध्यक्ष माननीय न्यायाधीश श्री श्रीकान्त पौडेल
सदस्य माननीय न्यायाधीश डा. श्री खुशी प्रसाद थारु
सदस्य माननीय न्यायाधीश श्री यमुना भट्टराई",False
078-CR-0019,आंशिक ठहर,"अध्यक्ष माननीय न्यायाधीश श्री टेक नारायण कुँवर
सदस्य माननीय न्यायाधीश श्री तेज नारायण सिंह राई
सदस्य माननीय न्यायाधीश श्री मुरारीबाबु श्रेष्ठ",False
078-CR-0020,ठहर,"अध्यक्ष माननीय न्यायाधीश श्री टेक नारायण कुँवर
सदस्य माननीय न्यायाधीश श्री राम बहादुर थापा
सदस्य माननीय न्यायाधीश श्री रितेन्द्र थापा",False
078-CR-0021,सफाई,"सदस्य माननीय न्यायाधीश डा. श्री खुशी प्रसाद थारु
सदस्य माननीय न्यायाधीश श्री बलभद्र बास्तोला",False
078-CR-0022,आंशिक ठहर,"सदस्य माननीय न्यायाधीश डा. श्री खुशी प्रसाद थारु
सदस्य माननीय न्यायाधीश श्री यमुना भट्टराई",False
078-CR-0023,सफाई,"सदस्य माननीय न्यायाधीश डा. श्री खुशी प्रसाद थारु
सदस्य माननीय न्यायाधीश श्री राम बहादुर थापा
सदस्य माननीय न्यायाधीश श्री रितेन्द्र थापा",False
078-CR-0024,सफाई,"अध्यक्ष माननीय न्यायाधीश श्री श्रीकान्त पौडेल
सदस्य माननीय न्यायाधीश डा. श्री खुशी प्रसाद थारु
सदस्य माननीय न्यायाधीश श्री यमुना भट्टराई",False
078-CR-0025,आंशिक ठहर,"सदस्य माननीय न्यायाधीश डा. श्री खुशी प्रसाद थारु
सदस्य माननीय न्यायाधीश श्री तेज नारायण सिंह राई
सदस्य माननीय न्यायाधीश श्री राम बहादुर थापा",False
078-CR-0026,सफाई,"सदस्य माननीय न्यायाधीश श्री रमेशकुमार पोखरेल
सदस्य माननीय न्यायाधीश श्री यमुना भट्टराई",False
078-CR-0027,सफाई,"अध्यक्ष माननीय न्यायाधीश श्री श्रीकान्त पौडेल
सदस्य माननीय न्यायाधीश श्री बलभद्र बास्तोला",False
078-CR-0028,ठहर,"सदस्य माननीय न्यायाधीश श्री यमुना भट्टराई
सदस्य माननीय न्यायाधीश श्री शालिग्राम कोइराला",False
078-CR-0029,सफाई,"अध्यक्ष माननीय न्यायाधीश श्री श्रीकान्त पौडेल
सदस्य माननीय न्यायाधीश श्री बलभद्र बास्तोला",False
078-CR-0030,ठहर,"अध्यक्ष माननीय न्यायाधीश श्री श्रीकान्त पौडेल
सदस्य माननीय न्यायाधीश श्री बलभद्र बास्तोला",False
078-CR-0031,ठहर,"अध्यक्ष माननीय न्यायाधीश श्री श्रीकान्त पौडेल
सदस्य माननीय न्यायाधीश श्री बलभद्र बास्तोला",False
078-CR-0032,आंशिक ठहर,"सदस्य माननीय न्यायाधीश श्री यमुना भट्टराई
सदस्य माननीय न्यायाधीश श्री शालिग्राम कोइराला",False
078-CR-0033,ठहर,"अध्यक्ष माननीय न्यायाधीश श्री श्रीकान्त पौडेल
सदस्य माननीय न्यायाधीश श्री बलभद्र बास्तोला",False
078-CR-0034,ठहर,"अध्यक्ष माननीय न्यायाधीश श्री श्रीकान्त पौडेल
सदस्य माननीय न्यायाधीश डा. श्री खुशी प्रसाद थारु
सदस्य माननीय न्यायाधीश श्री बलभद्र बास्तोला",False
078-CR-0035,ठहर,"अध्यक्ष माननीय न्यायाधीश श्री टेक नारायण कुँवर
सदस्य माननीय न्यायाधीश श्री तेज नारायण सिंह राई
सदस्य माननीय न्यायाधीश श्री मुरारीबाबु श्रेष्ठ",False
078-CR-0036,आंशिक ठहर,"अध्यक्ष माननीय न्यायाधीश श्री श्रीकान्त पौडेल
सदस्य माननीय न्यायाधीश डा. श्री खुशी प्रसाद थारु
सदस्य माननीय न्यायाधीश श्री बलभद्र बास्तोला",False
078-CR-0037,आंशिक ठहर,"अध्यक्ष माननीय न्यायाधीश श्री श्रीकान्त पौडेल
सदस्य माननीय न्यायाधीश श्री शालिग्राम कोइराला",False
078-CR-0038,सफाई,"अध्यक्ष माननीय न्यायाधीश श्री श्रीकान्त पौडेल
सदस्य माननीय न्यायाधीश श्री बलभद्र बास्तोला",False
078-CR-0039,ठहर,"सदस्य माननीय न्यायाधीश डा. श्री खुशी प्रसाद थारु
सदस्य माननीय न्यायाधीश श्री यमुना भट्टराई",False
078-CR-0040,आंशिक ठहर,"सदस्य माननीय न्यायाधीश श्री यमुना भट्टराई
सदस्य माननीय न्यायाधीश श्री शालिग्राम कोइराला
सदस्य माननीय न्यायाधीश श्री बलभद्र बास्तोला",False
078-CR-0041,आंशिक ठहर,"अध्यक्ष माननीय न्यायाधीश श्री श्रीकान्त पौडेल
सदस्य माननीय न्यायाधीश श्री यमुना भट्टराई
सदस्य माननीय न्यायाधीश श्री बलभद्र बास्तोला",False
078-CR-0042,सफाई,"सदस्य माननीय न्यायाधीश डा. श्री खुशी प्रसाद थारु
सदस्य माननीय न्यायाधीश श्री रमेशकुमार पोखरेल
सदस्य माननीय न्यायाधीश श्री बलभद्र बास्तोला",False
078-CR-0043,ठहर,"सदस्य माननीय न्यायाधीश श्री अब्दुल अजिज मुसलमान
सदस्य माननीय न्यायाधीश श्री नित्यानन्द पाण्डेय",False
078-CR-0044,सफाई,"अध्यक्ष माननीय न्यायाधीश श्री श्रीकान्त पौडेल
सदस्य माननीय न्यायाधीश श्री शालिग्राम कोइराला
सदस्य माननीय न्यायाधीश श्री बलभद्र बास्तोला",False
078-CR-0045,ठहर,"सदस्य माननीय न्यायाधीश डा. श्री खुशी प्रसाद थारु
सदस्य माननीय न्यायाधीश श्री यमुना भट्टराई
सदस्य माननीय न्यायाधीश श्री बलभद्र बास्तोला",False
078-CR-0046,सफाई,"सदस्य माननीय न्यायाधीश डा. श्री खुशी प्रसाद थारु
सदस्य माननीय न्यायाधीश श्री यमुना भट्टराई",False
078-CR-0047,सफाई,"सदस्य माननीय न्यायाधीश डा. श्री खुशी प्रसाद थारु
सदस्य माननीय न्यायाधीश श्री रमेशकुमार पोखरेल
सदस्य माननीय न्यायाधीश श्री बलभद्र बास्तोला",False
078-CR-0048,सफाई,"अध्यक्ष माननीय न्यायाधीश श्री टेक नारायण कुँवर
सदस्य माननीय न्यायाधीश श्री तेज नारायण सिंह राई
सदस्य माननीय न्यायाधीश श्री रितेन्द्र थापा",False
078-CR-0049,ठहर,"अध्यक्ष माननीय न्यायाधीश श्री टेक नारायण कुँवर
सदस्य माननीय न्यायाधीश श्री राम बहादुर थापा",False
078-CR-0050,सफाई,"अध्यक्ष माननीय न्यायाधीश श्री टेक नारायण कुँवर
सदस्य माननीय न्यायाधीश श्री तेज नारायण सिंह राई
सदस्य माननीय न्यायाधीश श्री मुरारीबाबु श्रेष्ठ",False
078-CR-0051,ठहर,"सदस्य माननीय न्यायाधीश डा. श्री खुशी प्रसाद थारु
सदस्य माननीय न्यायाधीश श्री राम बहादुर थापा
सदस्य माननीय न्यायाधीश श्री रितेन्द्र थापा",False
078-CR-0052,सफाई,"अध्यक्ष माननीय न्यायाधीश श्री टेक नारायण कुँवर
सदस्य माननीय न्यायाधीश श्री तेज नारायण सिंह राई
सदस्य माननीय न्यायाधीश श्री मुरारीबाबु श्रेष्ठ",False
078-CR-0053,सफाई,"अध्यक्ष माननीय न्यायाधीश श्री श्रीकान्त पौडेल
सदस्य माननीय न्यायाधीश श्री बलभद्र बास्तोला",False
078-CR-0054,सफाई,"सदस्य माननीय न्यायाधीश डा. श्री खुशी प्रसाद थारु
सदस्य माननीय न्यायाधीश श्री यमुना भट्टराई",False
078-CR-0055,ठहर,"सदस्य माननीय न्यायाधीश डा. श्री खुशी प्रसाद थारु
सदस्य माननीय न्यायाधीश श्री यमुना भट्टराई",False
078-CR-0056,ठहर,"सदस्य माननीय न्यायाधीश श्री रमेशकुमार पोखरेल
सदस्य माननीय न्यायाधीश श्री बलभद्र बास्तोला",False
078-CR-0057,ठहर,"अध्यक्ष माननीय न्यायाधीश श्री श्रीकान्त पौडेल
सदस्य माननीय न्यायाधीश श्री बलभद्र बास्तोला",False
078-CR-0058,आंशिक ठहर,"अध्यक्ष माननीय न्यायाधीश श्री श्रीकान्त पौडेल
सदस्य माननीय न्यायाधीश श्री यमुना भट्टराई
सदस्य माननीय न्यायाधीश श्री बलभद्र बास्तोला",False
078-CR-0059,ठहर,"अध्यक्ष माननीय न्यायाधीश श्री टेक नारायण कुँवर
सदस्य माननीय न्यायाधीश श्री तेज नारायण सिंह राई
सदस्य माननीय न्यायाधीश श्री राम बहादुर थापा",False
078-CR-0060,ठहर,"अध्यक्ष माननीय न्यायाधीश श्री टेक नारायण कुँवर
सदस्य माननीय न्यायाधीश श्री तेज नारायण सिंह राई
सदस्य माननीय न्यायाधीश श्री मुरारीबाबु श्रेष्ठ",False
078-CR-0061,ठहर,"सदस्य माननीय न्यायाधीश डा. श्री खुशी प्रसाद थारु
सदस्य माननीय न्यायाधीश श्री यमुना भट्टराई
सदस्य माननीय न्यायाधीश श्री शालिग्राम कोइराला",False
078-CR-0062,सफाई,"अध्यक्ष माननीय न्यायाधीश श्री टेक नारायण कुँवर
सदस्य माननीय न्यायाधीश श्री राम बहादुर थापा
सदस्य माननीय न्यायाधीश श्री रितेन्द्र थापा",False
078-CR-0063,सफाई,"अध्यक्ष माननीय न्यायाधीश श्री श्रीकान्त पौडेल
सदस्य माननीय न्यायाधीश डा. श्री खुशी प्रसाद थारु
सदस्य माननीय न्यायाधीश श्री शालिग्राम कोइराला",False
078-CR-0064,आंशिक ठहर,"सदस्य माननीय न्यायाधीश डा. श्री खुशी प्रसाद थारु
सदस्य माननीय न्यायाधीश श्री बलभद्र बास्तोला",False
078-CR-0065,आंशिक ठहर,"अध्यक्ष माननीय न्यायाधीश श्री टेक नारायण कुँवर
सदस्य माननीय न्यायाधीश श्री राम बहादुर थापा
सदस्य माननीय न्यायाधीश श्री मुरारीबाबु श्रेष्ठ",False
078-CR-0066,ठहर,"अध्यक्ष माननीय न्यायाधीश श्री श्रीकान्त पौडेल
सदस्य माननीय न्यायाधीश श्री शालिग्राम कोइराला
सदस्य माननीय न्यायाधीश श्री बलभद्र बास्तोला",False
078-CR-0067,सफाई,"सदस्य माननीय न्यायाधीश डा. श्री खुशी प्रसाद थारु
सदस्य माननीय न्यायाधीश श्री तेज नारायण सिंह राई
सदस्य माननीय न्यायाधीश श्री रितेन्द्र थापा",False
078-CR-0068,सफाई,"सदस्य माननीय न्यायाधीश श्री यमुना भट्टराई
सदस्य माननीय न्यायाधीश श्री बलभद्र बास्तोला",False
078-CR-0069,आंशिक ठहर,"अध्यक्ष माननीय न्यायाधीश श्री श्रीकान्त पौडेल
सदस्य माननीय न्यायाधीश डा. श्री खुशी प्रसाद थारु",False
078-CR-0070,सफाई,"अध्यक्ष माननीय न्यायाधीश श्री टेक नारायण कुँवर
सदस्य माननीय न्यायाधीश श्री राम बहादुर थापा
सदस्य माननीय न्यायाधीश श्री मुरारीबाबु श्रेष्ठ",False
078-CR-0071,आंशिक ठहर,"अध्यक्ष माननीय न्यायाधीश श्री श्रीकान्त पौडेल
सदस्य माननीय न्यायाधीश डा. श्री खुशी प्रसाद थारु
सदस्य माननीय न्यायाधीश श्री यमुना भट्टराई",False
078-CR-0072,सफाई,"सदस्य माननीय न्यायाधीश श्री यमुना भट्टराई
सदस्य माननीय न्यायाधीश श्री बलभद्र बास्तोला",False
078-CR-0073,आंशिक ठहर,"अध्यक्ष माननीय न्यायाधीश श्री टेक नारायण कुँवर
सदस्य माननीय न्यायाधीश श्री तेज नारायण सिंह राई",False
078-CR-0074,आंशिक ठहर,"अध्यक्ष माननीय न्यायाधीश श्री टेक नारायण कुँवर
सदस्य माननीय न्यायाधीश श्री मुरारीबाबु श्रेष्ठ",False
078-CR-0075,आंशिक ठहर,"अध्यक्ष माननीय न्यायाधीश श्री श्रीकान्त पौडेल
सदस्य माननीय न्यायाधीश श्री बलभद्र बास्तोला",False
078-CR-0076,सफाई,"सदस्य माननीय न्यायाधीश श्री यमुना भट्टराई
सदस्य माननीय न्यायाधीश श्री शालिग्राम कोइराला
सदस्य माननीय न्यायाधीश श्री बलभद्र बास्तोला",False
078-CR-0077,सफाई,"सदस्य माननीय न्यायाधीश डा. श्री खुशी प्रसाद थारु
सदस्य माननीय न्यायाधीश श्री राम बहादुर थापा
सदस्य माननीय न्यायाधीश श्री मुरारीबाबु श्रेष्ठ",False
078-CR-0078,सफाई,"सदस्य माननीय न्यायाधीश डा. श्री खुशी प्रसाद थारु
सदस्य माननीय न्यायाधीश श्री यमुना भट्टराई
सदस्य माननीय न्यायाधीश श्री बलभद्र बास्तोला",False
078-CR-0079,ठहर,"सदस्य माननीय न्यायाधीश डा. श्री खुशी प्रसाद थारु
सदस्य माननीय न्यायाधीश श्री यमुना भट्टराई
सदस्य माननीय न्यायाधीश श्री बलभद्र बास्तोला",False
078-CR-0080,ठहर,"सदस्य माननीय न्यायाधीश श्री यमुना भट्टराई
सदस्य माननीय न्यायाधीश श्री शालिग्राम कोइराला
सदस्य माननीय न्यायाधीश श्री बलभद्र बास्तोला",False
078-CR-0081,सफाई,"सदस्य माननीय न्यायाधीश डा. श्री खुशी प्रसाद थारु
सदस्य माननीय न्यायाधीश श्री राम बहादुर थापा
सदस्य माननीय न्यायाधीश श्री मुरारीबाबु श्रेष्ठ",False
078-CR-0082,सफाई,"सदस्य माननीय न्यायाधीश डा. श्री खुशी प्रसाद थारु
सदस्य माननीय न्यायाधीश श्री राम बहादुर थापा
सदस्य माननीय न्यायाधीश श्री मुरारीबाबु श्रेष्ठ",False
078-CR-0083,आंशिक ठहर,"अध्यक्ष माननीय न्यायाधीश श्री टेक नारायण कुँवर
सदस्य माननीय न्यायाधीश श्री मुरारीबाबु श्रेष्ठ",False
078-CR-0084,आंशिक ठहर,"अध्यक्ष माननीय न्यायाधीश श्री टेक नारायण कुँवर
सदस्य माननीय न्यायाधीश श्री मुरारीबाबु श्रेष्ठ",False
078-CR-0085,आंशिक ठहर,"अध्यक्ष माननीय न्यायाधीश श्री टेक नारायण कुँवर
सदस्य माननीय न्यायाधीश श्री मुरारीबाबु श्रेष्ठ",False
078-CR-0086,सफाई,"सदस्य माननीय न्यायाधीश श्री रमेशकुमार पोखरेल
सदस्य माननीय न्यायाधीश श्री शालिग्राम कोइराला
सदस्य माननीय न्यायाधीश श्री बलभद्र बास्तोला",False
078-CR-0087,सफाई,"अध्यक्ष माननीय न्यायाधीश श्री श्रीकान्त पौडेल
सदस्य माननीय न्यायाधीश श्री बलभद्र बास्तोला",False
078-CR-0088,ठहर,"अध्यक्ष माननीय न्यायाधीश श्री श्रीकान्त पौडेल
सदस्य माननीय न्यायाधीश डा. श्री खुशी प्रसाद थारु",False
078-CR-0089,आंशिक ठहर,"अध्यक्ष माननीय न्यायाधीश श्री टेक नारायण कुँवर
सदस्य माननीय न्यायाधीश श्री राम बहादुर थापा
सदस्य माननीय न्यायाधीश श्री रितेन्द्र थापा",False
078-CR-0090,ठहर,"अध्यक्ष माननीय न्यायाधीश श्री श्रीकान्त पौडेल
सदस्य माननीय न्यायाधीश डा. श्री खुशी प्रसाद थारु
सदस्य माननीय न्यायाधीश श्री यमुना भट्टराई",False
078-CR-0091,ठहर,"अध्यक्ष माननीय न्यायाधीश श्री श्रीकान्त पौडेल
सदस्य माननीय न्यायाधीश श्री रमेशकुमार पोखरेल
सदस्य माननीय न्यायाधीश श्री शालिग्राम कोइराला",False
078-CR-0092,सफाई,"अध्यक्ष माननीय न्यायाधीश श्री श्रीकान्त पौडेल
सदस्य माननीय न्यायाधीश डा. श्री खुशी प्रसाद थारु
सदस्य माननीय न्यायाधीश श्री शालिग्राम कोइराला",False
078-CR-0093,सफाई,"सदस्य माननीय न्यायाधीश श्री तेज नारायण सिंह राई
सदस्य माननीय न्यायाधीश श्री मुरारीबाबु श्रेष्ठ
सदस्य माननीय न्यायाधीश श्री रितेन्द्र थापा",False
078-CR-0094,सफाई,"सदस्य माननीय न्यायाधीश डा. श्री खुशी प्रसाद थारु
सदस्य माननीय न्यायाधीश श्री तेज नारायण सिंह राई
सदस्य माननीय न्यायाधीश श्री राम बहादुर थापा",False
078-CR-0095,सफाई,"सदस्य माननीय न्यायाधीश डा. श्री खुशी प्रसाद थारु
सदस्य माननीय न्यायाधीश श्री तेज नारायण सिंह राई
सदस्य माननीय न्यायाधीश श्री रितेन्द्र थापा",False
078-CR-0096,सफाई,"अध्यक्ष माननीय न्यायाधीश श्री टेक नारायण कुँवर
सदस्य माननीय न्यायाधीश श्री राम बहादुर थापा
सदस्य माननीय न्यायाधीश श्री रितेन्द्र थापा",False
078-CR-0097,आंशिक ठहर,"अध्यक्ष माननीय न्यायाधीश श्री श्रीकान्त पौडेल
सदस्य माननीय न्यायाधीश श्री शालिग्राम कोइराला
सदस्य माननीय न्यायाधीश श्री बलभद्र बास्तोला",False
078-CR-0098,ठहर,"अध्यक्ष माननीय न्यायाधीश श्री श्रीकान्त पौडेल
सदस्य माननीय न्यायाधीश श्री शालिग्राम कोइराला",False
078-CR-0099,सफाई,"सदस्य माननीय न्यायाधीश डा. श्री खुशी प्रसाद थारु
सदस्य माननीय न्यायाधीश श्री राम बहादुर थापा
सदस्य माननीय न्यायाधीश श्री मुरारीबाबु श्रेष्ठ",False
078-CR-0100,सफाई,"सदस्य माननीय न्यायाधीश डा. श्री खुशी प्रसाद थारु
सदस्य माननीय न्यायाधीश श्री राम बहादुर थापा
सदस्य माननीय न्यायाधीश श्री मुरारीबाबु श्रेष्ठ",False
078-CR-0101,सफाई,"सदस्य माननीय न्यायाधीश डा. श्री खुशी प्रसाद थारु
सदस्य माननीय न्यायाधीश श्री राम बहादुर थापा
सदस्य माननीय न्यायाधीश श्री मुरारीबाबु श्रेष्ठ",False
078-CR-0102,ठहर,"सदस्य माननीय न्यायाधीश डा. श्री खुशी प्रसाद थारु
सदस्य माननीय न्यायाधीश श्री तेज नारायण सिंह राई
सदस्य माननीय न्यायाधीश श्री रितेन्द्र थापा",False
078-CR-0103,ठहर,"सदस्य माननीय न्यायाधीश श्री यमुना भट्टराई
सदस्य माननीय न्यायाधीश श्री बलभद्र बास्तोला",False
078-CR-0104,सफाई,"सदस्य माननीय न्यायाधीश डा. श्री खुशी प्रसाद थारु
सदस्य माननीय न्यायाधीश श्री राम बहादुर थापा",False
078-CR-0105,ठहर,"सदस्य माननीय न्यायाधीश श्री यमुना भट्टराई
सदस्य माननीय न्यायाधीश श्री शालिग्राम कोइराला
सदस्य माननीय न्यायाधीश श्री बलभद्र बास्तोला",False
078-CR-0106,आंशिक ठहर,"अध्यक्ष माननीय न्यायाधीश श्री श्रीकान्त पौडेल
सदस्य माननीय न्यायाधीश डा. श्री खुशी प्रसाद थारु",False
078-CR-0107,सफाई,"अध्यक्ष माननीय न्यायाधीश श्री श्रीकान्त पौडेल
सदस्य माननीय न्यायाधीश श्री शालिग्राम कोइराला",False
078-CR-0108,सफाई,"अध्यक्ष माननीय न्यायाधीश श्री श्रीकान्त पौडेल
सदस्य माननीय न्यायाधीश डा. श्री खुशी प्रसाद थारु
सदस्य माननीय न्यायाधीश श्री बलभद्र बास्तोला",False
078-CR-0109,सफाई,"अध्यक्ष माननीय न्यायाधीश श्री टेक नारायण कुँवर
सदस्य माननीय न्यायाधीश श्री तेज नारायण सिंह राई
सदस्य माननीय न्यायाधीश श्री मुरारीबाबु श्रेष्ठ",False
078-CR-0110,आंशिक ठहर,"अध्यक्ष माननीय न्यायाधीश श्री श्रीकान्त पौडेल
सदस्य माननीय न्यायाधीश श्री शालिग्राम कोइराला",False
078-CR-0111,सफाई,"सदस्य माननीय न्यायाधीश श्री यमुना भट्टराई
सदस्य माननीय न्यायाधीश श्री बलभद्र बास्तोला",False
078-CR-0112,आंशिक ठहर,"अध्यक्ष माननीय न्यायाधीश श्री टेक नारायण कुँवर
सदस्य माननीय न्यायाधीश श्री तेज नारायण सिंह राई
सदस्य माननीय न्यायाधीश श्री रितेन्द्र थापा",False
078-CR-0113,सफाई,"अध्यक्ष माननीय न्यायाधीश श्री टेक नारायण कुँवर
सदस्य माननीय न्यायाधीश श्री मुरारीबाबु श्रेष्ठ
सदस्य माननीय न्यायाधीश श्री रितेन्द्र थापा",False
078-CR-0114,ठहर,"अध्यक्ष माननीय न्यायाधीश श्री श्रीकान्त पौडेल
सदस्य माननीय न्यायाधीश श्री शालिग्राम कोइराला
सदस्य माननीय न्यायाधीश श्री बलभद्र बास्तोला",False
078-CR-0115,सफाई,"अध्यक्ष माननीय न्यायाधीश श्री टेक नारायण कुँवर
सदस्य माननीय न्यायाधीश श्री तेज नारायण सिंह राई
सदस्य माननीय न्यायाधीश श्री मुरारीबाबु श्रेष्ठ",False
078-CR-0116,सफाई,"अध्यक्ष माननीय न्यायाधीश श्री टेक नारायण कुँवर
सदस्य माननीय न्यायाधीश श्री तेज नारायण सिंह राई
सदस्य माननीय न्यायाधीश श्री मुरारीबाबु श्रेष्ठ",False
078-CR-0117,ठहर,"अध्यक्ष माननीय न्यायाधीश श्री श्रीकान्त पौडेल
सदस्य माननीय न्यायाधीश श्री यमुना भट्टराई
सदस्य माननीय न्यायाधीश श्री बलभद्र बास्तोला",False
078-CR-0118,ठहर,"अध्यक्ष माननीय न्यायाधीश श्री श्रीकान्त पौडेल
सदस्य माननीय न्यायाधीश डा. श्री खुशी प्रसाद थारु",False
078-CR-0119,आंशिक ठहर,"अध्यक्ष माननीय न्यायाधीश श्री श्रीकान्त पौडेल
सदस्य माननीय न्यायाधीश डा. श्री खुशी प्रसाद थारु
सदस्य माननीय न्यायाधीश श्री शालिग्राम कोइराला",False
078-CR-0120,ठहर,"अध्यक्ष माननीय न्यायाधीश श्री टेक नारायण कुँवर
सदस्य माननीय न्यायाधीश श्री तेज नारायण सिंह राई
सदस्य माननीय न्यायाधीश श्री मुरारीबाबु श्रेष्ठ",False
078-CR-0121,सफाई,"अध्यक्ष माननीय न्यायाधीश श्री टेक नारायण कुँवर
सदस्य माननीय न्यायाधीश श्री मुरारीबाबु श्रेष्ठ",False
078-CR-0122,सफाई,"अध्यक्ष माननीय न्यायाधीश श्री टेक नारायण कुँवर
सदस्य माननीय न्यायाधीश श्री मुरारीबाबु श्रेष्ठ",False
078-CR-0123,सफाई,"अध्यक्ष माननीय न्यायाधीश श्री टेक नारायण कुँवर
सदस्य माननीय न्यायाधीश श्री मुरारीबाबु श्रेष्ठ",False
078-CR-0124,आंशिक ठहर,"अध्यक्ष माननीय न्यायाधीश श्री श्रीकान्त पौडेल
सदस्य माननीय न्यायाधीश श्री शालिग्राम कोइराला",False
078-CR-0125,सफाई,"सदस्य माननीय न्यायाधीश श्री यमुना भट्टराई
सदस्य माननीय न्यायाधीश श्री बलभद्र बास्तोला",False
078-CR-0126,ठहर,"अध्यक्ष माननीय न्यायाधीश श्री टेक नारायण कुँवर
सदस्य माननीय न्यायाधीश श्री राम बहादुर थापा
सदस्य माननीय न्यायाधीश श्री मुरारीबाबु श्रेष्ठ",False
078-CR-0127,सफाई,"अध्यक्ष माननीय न्यायाधीश श्री श्रीकान्त पौडेल
सदस्य माननीय न्यायाधीश श्री शालिग्राम कोइराला",False
078-CR-0128,सफाई,"सदस्य माननीय न्यायाधीश श्री यमुना भट्टराई
सदस्य माननीय न्यायाधीश श्री बलभद्र बास्तोला",False
078-CR-0129,सफाई,"अध्यक्ष माननीय न्यायाधीश श्री श्रीकान्त पौडेल
सदस्य माननीय न्यायाधीश श्री बलभद्र बास्तोला",False
078-CR-0130,आंशिक ठहर,"अध्यक्ष माननीय न्यायाधीश श्री टेक नारायण कुँवर
सदस्य माननीय न्यायाधीश श्री तेज नारायण सिंह राई
सदस्य माननीय न्यायाधीश श्री मुरारीबाबु श्रेष्ठ",False
078-CR-0131,ठहर,"अध्यक्ष माननीय न्यायाधीश श्री श्रीकान्त पौडेल
सदस्य माननीय न्यायाधीश डा. श्री खुशी प्रसाद थारु",False
078-CR-0132,ठहर,"अध्यक्ष माननीय न्यायाधीश श्री श्रीकान्त पौडेल
सदस्य माननीय न्यायाधीश श्री शालिग्राम कोइराला",False
078-CR-0133,ठहर,"अध्यक्ष माननीय न्यायाधीश श्री श्रीकान्त पौडेल
सदस्य माननीय न्यायाधीश श्री यमुना भट्टराई",False
078-CR-0134,सफाई,"सदस्य माननीय न्यायाधीश श्री यमुना भट्टराई
सदस्य माननीय न्यायाधीश श्री शालिग्राम कोइराला
सदस्य माननीय न्यायाधीश श्री बलभद्र बास्तोला",False
078-CR-0135,आंशिक ठहर,"अध्यक्ष माननीय न्यायाधीश श्री श्रीकान्त पौडेल
सदस्य माननीय न्यायाधीश श्री बलभद्र बास्तोला",False
079-CR-0001,आंशिक ठहर,"अध्यक्ष माननीय न्यायाधीश श्री श्रीकान्त पौडेल
सदस्य माननीय न्यायाधीश डा. श्री खुशी प्रसाद थारु
सदस्य माननीय न्यायाधीश श्री बलभद्र बास्तोला",False
079-CR-0002,आंशिक ठहर,"अध्यक्ष माननीय न्यायाधीश श्री टेक नारायण कुँवर
सदस्य माननीय न्यायाधीश श्री तेज नारायण सिंह राई
सदस्य माननीय न्यायाधीश श्री रितेन्द्र थापा",False
079-CR-0003,आंशिक ठहर,"अध्यक्ष माननीय न्यायाधीश श्री श्रीकान्त पौडेल
सदस्य माननीय न्यायाधीश श्री शालिग्राम कोइराला",False
079-CR-0004,सफाई,"सदस्य माननीय न्यायाधीश श्री यमुना भट्टराई
सदस्य माननीय न्यायाधीश श्री शालिग्राम कोइराला
सदस्य माननीय न्यायाधीश श्री बलभद्र बास्तोला",False
079-CR-0005,आंशिक ठहर,"अध्यक्ष माननीय न्यायाधीश श्री टेक नारायण कुँवर
सदस्य माननीय न्यायाधीश श्री तेज नारायण सिंह राई
सदस्य माननीय न्यायाधीश श्री मुरारीबाबु श्रेष्ठ",False
079-CR-0006,सफाई,"अध्यक्ष माननीय न्यायाधीश श्री टेक नारायण कुँवर
सदस्य माननीय न्यायाधीश श्री तेज नारायण सिंह राई
सदस्य माननीय न्यायाधीश श्री मुरारीबाबु श्रेष्ठ",False
079-CR-0007,सफाई,"अध्यक्ष माननीय न्यायाधीश श्री टेक नारायण कुँवर
सदस्य माननीय न्यायाधीश श्री तेज नारायण सिंह राई
सदस्य माननीय न्यायाधीश श्री मुरारीबाबु श्रेष्ठ",False
079-CR-0008,सफाई,"अध्यक्ष माननीय न्यायाधीश श्री श्रीकान्त पौडेल
सदस्य माननीय न्यायाधीश श्री बलभद्र बास्तोला",False
079-CR-0009,सफाई,"सदस्य माननीय न्यायाधीश डा. श्री खुशी प्रसाद थारु
सदस्य माननीय न्यायाधीश श्री राम बहादुर थापा
सदस्य माननीय न्यायाधीश श्री रितेन्द्र थापा",False
079-CR-0010,सफाई,"सदस्य माननीय न्यायाधीश डा. श्री खुशी प्रसाद थारु
सदस्य माननीय न्यायाधीश श्री तेज नारायण सिंह राई
सदस्य माननीय न्यायाधीश श्री मुरारीबाबु श्रेष्ठ",False
079-CR-0011,आंशिक ठहर,"अध्यक्ष माननीय न्यायाधीश श्री श्रीकान्त पौडेल
सदस्य माननीय न्यायाधीश श्री बलभद्र बास्तोला",False
079-CR-0012,आंशिक ठहर,"अध्यक्ष माननीय न्यायाधीश श्री टेक नारायण कुँवर
सदस्य माननीय न्यायाधीश श्री तेज नारायण सिंह राई
सदस्य माननीय न्यायाधीश श्री मुरारीबाबु श्रेष्ठ",False
079-CR-0013,ठहर,"अध्यक्ष माननीय न्यायाधीश श्री श्रीकान्त पौडेल
सदस्य माननीय न्यायाधीश श्री यमुना भट्टराई
सदस्य माननीय न्यायाधीश श्री शालिग्राम कोइराला",False
079-CR-0014,सफाई,"अध्यक्ष माननीय न्यायाधीश श्री श्रीकान्त पौडेल
सदस्य माननीय न्यायाधीश श्री बलभद्र बास्तोला",False
079-CR-0015,सफाई,माननीय न्यायाधीश श्री टेकनारायण कुँवर (अध्यक्ष) माननीय न्यायाधीश श्री तेज नारायण सिहं राई (सदस्य) माननीय न्यायाधीश श्री रितेन्द्र थापा (सदस्य),True
079-CR-0016,ठहर,"सदस्य माननीय न्यायाधीश श्री यमुना भट्टराई
सदस्य माननीय न्यायाधीश श्री शालिग्राम कोइराला
सदस्य माननीय न्यायाधीश श्री बलभद्र बास्तोला",False
079-CR-0017,ठहर,"अध्यक्ष माननीय न्यायाधीश श्री श्रीकान्त पौडेल
सदस्य माननीय न्यायाधीश श्री शालिग्राम कोइराला",False
079-CR-0018,आंशिक ठहर,"अध्यक्ष माननीय न्यायाधीश श्री टेक नारायण कुँवर
सदस्य माननीय न्यायाधीश श्री राम बहादुर थापा
सदस्य माननीय न्यायाधीश श्री रितेन्द्र थापा",False
079-CR-0019,आंशिक ठहर,"अध्यक्ष माननीय न्यायाधीश श्री टेक नारायण कुँवर
सदस्य माननीय न्यायाधीश श्री मुरारीबाबु श्रेष्ठ
सदस्य माननीय न्यायाधीश श्री रितेन्द्र थापा",False
079-CR-0020,सफाई,"सदस्य माननीय न्यायाधीश डा. श्री खुशी प्रसाद थारु
सदस्य माननीय न्यायाधीश श्री तेज नारायण सिंह राई
सदस्य माननीय न्यायाधीश श्री राम बहादुर थापा",False
079-CR-0021,ठहर,"सदस्य माननीय न्यायाधीश डा. श्री खुशी प्रसाद थारु
सदस्य माननीय न्यायाधीश श्री राम बहादुर थापा",False
079-CR-0022,ठहर,"अध्यक्ष माननीय न्यायाधीश श्री टेक नारायण कुँवर
सदस्य माननीय न्यायाधीश श्री तेज नारायण सिंह राई
सदस्य माननीय न्यायाधीश श्री मुरारीबाबु श्रेष्ठ",False
079-CR-0023,सफाई,"सदस्य माननीय न्यायाधीश डा. श्री खुशी प्रसाद थारु
सदस्य माननीय न्यायाधीश श्री तेज नारायण सिंह राई
सदस्य माननीय न्यायाधीश श्री मुरारीबाबु श्रेष्ठ",False
079-CR-0024,सफाई,"सदस्य माननीय न्यायाधीश श्री यमुना भट्टराई
सदस्य माननीय न्यायाधीश श्री शालिग्राम कोइराला",False
079-CR-0026,ठहर,"अध्यक्ष माननीय न्यायाधीश श्री श्रीकान्त पौडेल
सदस्य माननीय न्यायाधीश डा. श्री खुशी प्रसाद थारु
सदस्य माननीय न्यायाधीश श्री शालिग्राम कोइराला",False
079-CR-0027,सफाई,"सदस्य माननीय न्यायाधीश श्री यमुना भट्टराई
सदस्य माननीय न्यायाधीश श्री शालिग्राम कोइराला
सदस्य माननीय न्यायाधीश श्री बलभद्र बास्तोला",False
079-CR-0028,ठहर,"सदस्य माननीय न्यायाधीश श्री यमुना भट्टराई
सदस्य माननीय न्यायाधीश श्री शालिग्राम कोइराला
सदस्य माननीय न्यायाधीश श्री बलभद्र बास्तोला",False
079-CR-0029,ठहर,"अध्यक्ष माननीय न्यायाधीश श्री श्रीकान्त पौडेल
सदस्य माननीय न्यायाधीश डा. श्री खुशी प्रसाद थारु",False
079-CR-0030,आंशिक ठहर,"अध्यक्ष माननीय न्यायाधीश श्री टेक नारायण कुँवर
सदस्य माननीय न्यायाधीश श्री राम बहादुर थापा
सदस्य माननीय न्यायाधीश श्री मुरारीबाबु श्रेष्ठ",False
079-CR-0031,सफाई,"अध्यक्ष माननीय न्यायाधीश श्री श्रीकान्त पौडेल
सदस्य माननीय न्यायाधीश डा. श्री खुशी प्रसाद थारु
सदस्य माननीय न्यायाधीश श्री यमुना भट्टराई",False
079-CR-0032,ठहर,"अध्यक्ष माननीय न्यायाधीश श्री टेक नारायण कुँवर
सदस्य माननीय न्यायाधीश श्री राम बहादुर थापा
सदस्य माननीय न्यायाधीश श्री मुरारीबाबु श्रेष्ठ",False
079-CR-0033,ठहर,"सदस्य माननीय न्यायाधीश डा. श्री खुशी प्रसाद थारु
सदस्य माननीय न्यायाधीश श्री तेज नारायण सिंह राई
सदस्य माननीय न्यायाधीश श्री राम बहादुर थापा",False
079-CR-0034,सफाई,"अध्यक्ष माननीय न्यायाधीश श्री श्रीकान्त पौडेल
सदस्य माननीय न्यायाधीश डा. श्री खुशी प्रसाद थारु
सदस्य माननीय न्यायाधीश श्री बलभद्र बास्तोला",False
079-CR-0035,ठहर,"अध्यक्ष माननीय न्यायाधीश श्री टेक नारायण कुँवर
सदस्य माननीय न्यायाधीश श्री राम बहादुर थापा
सदस्य माननीय न्यायाधीश श्री रितेन्द्र थापा",False
079-CR-0036,सफाई,"सदस्य माननीय न्यायाधीश डा. श्री खुशी प्रसाद थारु
सदस्य माननीय न्यायाधीश श्री राम बहादुर थापा
सदस्य माननीय न्यायाधीश श्री मुरारीबाबु श्रेष्ठ",False
079-CR-0037,सफाई,"अध्यक्ष माननीय न्यायाधीश श्री श्रीकान्त पौडेल
सदस्य माननीय न्यायाधीश डा. श्री खुशी प्रसाद थारु",False
079-CR-0038,ठहर,"सदस्य माननीय न्यायाधीश श्री यमुना भट्टराई
सदस्य माननीय न्यायाधीश श्री बलभद्र बास्तोला",False
079-CR-0039,सफाई,"सदस्य माननीय न्यायाधीश डा. श्री खुशी प्रसाद थारु
सदस्य माननीय न्यायाधीश श्री राम बहादुर थापा
सदस्य माननीय न्यायाधीश श्री मुरारीबाबु श्रेष्ठ",False
079-CR-0040,सफाई,"सदस्य माननीय न्यायाधीश श्री यमुना भट्टराई
सदस्य माननीय न्यायाधीश श्री बलभद्र बास्तोला",False
079-CR-0041,ठहर,"अध्यक्ष माननीय न्यायाधीश श्री टेक नारायण कुँवर
सदस्य माननीय न्यायाधीश श्री तेज नारायण सिंह राई
सदस्य माननीय न्यायाधीश श्री मुरारीबाबु श्रेष्ठ",False
079-CR-0042,सफाई,"सदस्य माननीय न्यायाधीश डा. श्री खुशी प्रसाद थारु
सदस्य माननीय न्यायाधीश श्री यमुना भट्टराई
सदस्य माननीय न्यायाधीश श्री शालिग्राम कोइराला",False
079-CR-0043,ठहर,"अध्यक्ष माननीय न्यायाधीश श्री टेक नारायण कुँवर
सदस्य माननीय न्यायाधीश श्री राम बहादुर थापा
सदस्य माननीय न्यायाधीश श्री मुरारीबाबु श्रेष्ठ",False
079-CR-0044,आंशिक ठहर,"अध्यक्ष माननीय न्यायाधीश श्री टेक नारायण कुँवर
सदस्य माननीय न्यायाधीश श्री मुरारीबाबु श्रेष्ठ",False
079-CR-0045,सफाई,"अध्यक्ष माननीय न्यायाधीश श्री टेक नारायण कुँवर
सदस्य माननीय न्यायाधीश श्री मुरारीबाबु श्रेष्ठ
सदस्य माननीय न्यायाधीश श्री रितेन्द्र थापा",False
079-CR-0046,सफाई,"अध्यक्ष माननीय न्यायाधीश श्री टेक नारायण कुँवर
सदस्य माननीय न्यायाधीश श्री तेज नारायण सिंह राई
सदस्य माननीय न्यायाधीश श्री मुरारीबाबु श्रेष्ठ",False
079-CR-0047,ठहर,"अध्यक्ष माननीय न्यायाधीश श्री श्रीकान्त पौडेल
सदस्य माननीय न्यायाधीश डा. श्री खुशी प्रसाद थारु
सदस्य माननीय न्यायाधीश श्री शालिग्राम कोइराला",False
079-CR-0048,सफाई,"सदस्य माननीय न्यायाधीश डा. श्री खुशी प्रसाद थारु
सदस्य माननीय न्यायाधीश श्री मुरारीबाबु श्रेष्ठ
सदस्य माननीय न्यायाधीश श्री रितेन्द्र थापा",False
079-CR-0049,ठहर,"सदस्य माननीय न्यायाधीश श्री यमुना भट्टराई
सदस्य माननीय न्यायाधीश श्री शालिग्राम कोइराला
सदस्य माननीय न्यायाधीश श्री बलभद्र बास्तोला",False
079-CR-0050,सफाई,"अध्यक्ष माननीय न्यायाधीश श्री टेक नारायण कुँवर
सदस्य माननीय न्यायाधीश श्री तेज नारायण सिंह राई
सदस्य माननीय न्यायाधीश श्री मुरारीबाबु श्रेष्ठ",False
079-CR-0051,सफाई,"अध्यक्ष माननीय न्यायाधीश श्री टेक नारायण कुँवर
सदस्य माननीय न्यायाधीश श्री तेज नारायण सिंह राई
सदस्य माननीय न्यायाधीश श्री मुरारीबाबु श्रेष्ठ",False
079-CR-0052,सफाई,"सदस्य माननीय न्यायाधीश डा. श्री खुशी प्रसाद थारु
सदस्य माननीय न्यायाधीश श्री राम बहादुर थापा",False
079-CR-0053,सफाई,"अध्यक्ष माननीय न्यायाधीश श्री टेक नारायण कुँवर
सदस्य माननीय न्यायाधीश श्री राम बहादुर थापा
सदस्य माननीय न्यायाधीश श्री रितेन्द्र थापा",False
079-CR-0054,सफाई,"सदस्य माननीय न्यायाधीश डा. श्री खुशी प्रसाद थारु
सदस्य माननीय न्यायाधीश श्री राम बहादुर थापा
सदस्य माननीय न्यायाधीश श्री रितेन्द्र थापा",False
079-CR-0055,सफाई,"अध्यक्ष माननीय न्यायाधीश श्री टेक नारायण कुँवर
सदस्य माननीय न्यायाधीश श्री तेज नारायण सिंह राई
सदस्य माननीय न्यायाधीश श्री रितेन्द्र थापा",False
079-CR-0056,सफाई,"अध्यक्ष माननीय न्यायाधीश श्री टेक नारायण कुँवर
सदस्य माननीय न्यायाधीश श्री राम बहादुर थापा
सदस्य माननीय न्यायाधीश श्री मुरारीबाबु श्रेष्ठ",False
079-CR-0057,ठहर,"अध्यक्ष माननीय न्यायाधीश श्री टेक नारायण कुँवर
सदस्य माननीय न्यायाधीश श्री तेज नारायण सिंह राई
सदस्य माननीय न्यायाधीश श्री रितेन्द्र थापा",False
079-CR-0058,सफाई,"अध्यक्ष माननीय न्यायाधीश श्री टेक नारायण कुँवर
सदस्य माननीय न्यायाधीश श्री राम बहादुर थापा
सदस्य माननीय न्यायाधीश श्री रितेन्द्र थापा",False
079-CR-0059,सफाई,"अध्यक्ष माननीय न्यायाधीश श्री श्रीकान्त पौडेल
सदस्य माननीय न्यायाधीश श्री बलभद्र बास्तोला",False
079-CR-0060,सफाई,"अध्यक्ष माननीय न्यायाधीश श्री टेक नारायण कुँवर
सदस्य माननीय न्यायाधीश श्री तेज नारायण सिंह राई
सदस्य माननीय न्यायाधीश श्री रितेन्द्र थापा",False
079-CR-0061,ठहर,"अध्यक्ष माननीय न्यायाधीश श्री श्रीकान्त पौडेल
सदस्य माननीय न्यायाधीश डा. श्री खुशी प्रसाद थारु
सदस्य माननीय न्यायाधीश श्री बलभद्र बास्तोला",False
079-CR-0062,ठहर,"सदस्य माननीय न्यायाधीश श्री यमुना भट्टराई
सदस्य माननीय न्यायाधीश श्री बलभद्र बास्तोला",False
079-CR-0063,ठहर,"सदस्य माननीय न्यायाधीश श्री यमुना भट्टराई
सदस्य माननीय न्यायाधीश श्री बलभद्र बास्तोला",False
079-CR-0064,सफाई,"अध्यक्ष माननीय न्यायाधीश श्री टेक नारायण कुँवर
सदस्य माननीय न्यायाधीश श्री तेज नारायण सिंह राई
सदस्य माननीय न्यायाधीश श्री मुरारीबाबु श्रेष्ठ",False
079-CR-0065,ठहर,"सदस्य माननीय न्यायाधीश डा. श्री खुशी प्रसाद थारु
सदस्य माननीय न्यायाधीश श्री तेज नारायण सिंह राई
सदस्य माननीय न्यायाधीश श्री राम बहादुर थापा",False
079-CR-0066,सफाई,"अध्यक्ष माननीय न्यायाधीश श्री टेक नारायण कुँवर
सदस्य माननीय न्यायाधीश श्री तेज नारायण सिंह राई
सदस्य माननीय न्यायाधीश श्री राम बहादुर थापा",False
079-CR-0067,सफाई,"अध्यक्ष माननीय न्यायाधीश श्री श्रीकान्त पौडेल
सदस्य माननीय न्यायाधीश श्री बलभद्र बास्तोला",False
079-CR-0068,सफाई,"अध्यक्ष माननीय न्यायाधीश श्री श्रीकान्त पौडेल
सदस्य माननीय न्यायाधीश श्री बलभद्र बास्तोला",False
079-CR-0069,सफाई,"सदस्य माननीय न्यायाधीश डा. श्री खुशी प्रसाद थारु
सदस्य माननीय न्यायाधीश श्री तेज नारायण सिंह राई
सदस्य माननीय न्यायाधीश श्री मुरारीबाबु श्रेष्ठ",False
079-CR-0070,सफाई,"अध्यक्ष माननीय न्यायाधीश श्री टेक नारायण कुँवर
सदस्य माननीय न्यायाधीश श्री मुरारीबाबु श्रेष्ठ
सदस्य माननीय न्यायाधीश श्री रितेन्द्र थापा",False
079-CR-0071,आंशिक ठहर,"अध्यक्ष माननीय न्यायाधीश श्री टेक नारायण कुँवर
सदस्य माननीय न्यायाधीश श्री तेज नारायण सिंह राई
सदस्य माननीय न्यायाधीश श्री मुरारीबाबु श्रेष्ठ",False
079-CR-0072,ठहर,"सदस्य माननीय न्यायाधीश श्री यमुना भट्टराई
सदस्य माननीय न्यायाधीश श्री शालिग्राम कोइराला
सदस्य माननीय न्यायाधीश श्री बलभद्र बास्तोला",False
079-CR-0073,सफाई,"अध्यक्ष माननीय न्यायाधीश श्री टेक नारायण कुँवर
सदस्य माननीय न्यायाधीश श्री तेज नारायण सिंह राई
सदस्य माननीय न्यायाधीश श्री मुरारीबाबु श्रेष्ठ",False
079-CR-0074,सफाई,"अध्यक्ष माननीय न्यायाधीश श्री टेक नारायण कुँवर
सदस्य माननीय न्यायाधीश श्री तेज नारायण सिंह राई
सदस्य माननीय न्यायाधीश श्री मुरारीबाबु श्रेष्ठ",False
079-CR-0075,सफाई,"अध्यक्ष माननीय न्यायाधीश श्री टेक नारायण कुँवर
सदस्य माननीय न्यायाधीश श्री राम बहादुर थापा
सदस्य माननीय न्यायाधीश श्री मुरारीबाबु श्रेष्ठ",False
079-CR-0076,सफाई,"सदस्य माननीय न्यायाधीश श्री तेज नारायण सिंह राई
सदस्य माननीय न्यायाधीश श्री राम बहादुर थापा
सदस्य माननीय न्यायाधीश श्री मुरारीबाबु श्रेष्ठ",False
079-CR-0077,सफाई,"सदस्य माननीय न्यायाधीश डा. श्री खुशी प्रसाद थारु
सदस्य माननीय न्यायाधीश श्री मुरारीबाबु श्रेष्ठ",False
079-CR-0078,आंशिक ठहर,"सदस्य माननीय न्यायाधीश डा. श्री खुशी प्रसाद थारु
सदस्य माननीय न्यायाधीश श्री यमुना भट्टराई
सदस्य माननीय न्यायाधीश श्री शालिग्राम कोइराला",False
079-CR-0079,आंशिक ठहर,"सदस्य माननीय न्यायाधीश डा. श्री खुशी प्रसाद थारु
सदस्य माननीय न्यायाधीश श्री तेज नारायण सिंह राई
सदस्य माननीय न्यायाधीश श्री रितेन्द्र थापा",False
079-CR-0080,ठहर,"सदस्य माननीय न्यायाधीश डा. श्री खुशी प्रसाद थारु
सदस्य माननीय न्यायाधीश श्री यमुना भट्टराई
सदस्य माननीय न्यायाधीश श्री बलभद्र बास्तोला",False
079-CR-0081,सफाई,सदस्य माननीय न्यायाधीश डा. श्री खुशी प्रसाद थारु सदस्य माननीय न्यायाधीश श्री मुरारीबाबु श्रेष्ठ सदस्य माननीय न्यायाधीश श्री रितेन्द्र थापा,True
079-CR-0082,सफाई,"सदस्य माननीय न्यायाधीश डा. श्री खुशी प्रसाद थारु
सदस्य माननीय न्यायाधीश श्री राम बहादुर थापा
सदस्य माननीय न्यायाधीश श्री रितेन्द्र थापा",False
079-CR-0083,सफाई,"सदस्य माननीय न्यायाधीश श्री तेज नारायण सिंह राई
सदस्य माननीय न्यायाधीश श्री मुरारीबाबु श्रेष्ठ",False
079-CR-0084,आंशिक ठहर,"अध्यक्ष माननीय न्यायाधीश श्री टेक नारायण कुँवर
सदस्य माननीय न्यायाधीश श्री तेज नारायण सिंह राई
सदस्य माननीय न्यायाधीश श्री मुरारीबाबु श्रेष्ठ",False
079-CR-0085,सफाई,"अध्यक्ष माननीय न्यायाधीश श्री टेक नारायण कुँवर
सदस्य माननीय न्यायाधीश श्री तेज नारायण सिंह राई
सदस्य माननीय न्यायाधीश श्री मुरारीबाबु श्रेष्ठ",False
079-CR-0086,सफाई,"सदस्य माननीय न्यायाधीश डा. श्री खुशी प्रसाद थारु
सदस्य माननीय न्यायाधीश श्री तेज नारायण सिंह राई
सदस्य माननीय न्यायाधीश श्री रितेन्द्र थापा",False
079-CR-0087,सफाई,"अध्यक्ष माननीय न्यायाधीश श्री टेक नारायण कुँवर
सदस्य माननीय न्यायाधीश श्री राम बहादुर थापा
सदस्य माननीय न्यायाधीश श्री मुरारीबाबु श्रेष्ठ",False
079-CR-0088,आंशिक ठहर,"सदस्य माननीय न्यायाधीश डा. श्री खुशी प्रसाद थारु
सदस्य माननीय न्यायाधीश श्री राम बहादुर थापा
सदस्य माननीय न्यायाधीश श्री मुरारीबाबु श्रेष्ठ",False
079-CR-0089,ठहर,"अध्यक्ष माननीय न्यायाधीश श्री टेक नारायण कुँवर
सदस्य माननीय न्यायाधीश श्री राम बहादुर थापा
सदस्य माननीय न्यायाधीश श्री मुरारीबाबु श्रेष्ठ",False
079-CR-0090,ठहर,"सदस्य माननीय न्यायाधीश डा. श्री खुशी प्रसाद थारु
सदस्य माननीय न्यायाधीश श्री तेज नारायण सिंह राई
सदस्य माननीय न्यायाधीश श्री मुरारीबाबु श्रेष्ठ",False
079-CR-0091,सफाई,"सदस्य माननीय न्यायाधीश डा. श्री खुशी प्रसाद थारु
सदस्य माननीय न्यायाधीश श्री तेज नारायण सिंह राई
सदस्य माननीय न्यायाधीश श्री मुरारीबाबु श्रेष्ठ",False
079-CR-0092,सफाई,"अध्यक्ष माननीय न्यायाधीश श्री टेक नारायण कुँवर
सदस्य माननीय न्यायाधीश श्री राम बहादुर थापा
सदस्य माननीय न्यायाधीश श्री रितेन्द्र थापा",False
079-CR-0093,सफाई,"सदस्य माननीय न्यायाधीश डा. श्री खुशी प्रसाद थारु
सदस्य माननीय न्यायाधीश श्री राम बहादुर थापा
सदस्य माननीय न्यायाधीश श्री मुरारीबाबु श्रेष्ठ",False
079-CR-0094,सफाई,"अध्यक्ष माननीय न्यायाधीश श्री श्रीकान्त पौडेल
सदस्य माननीय न्यायाधीश श्री शालिग्राम कोइराला
सदस्य माननीय न्यायाधीश श्री बलभद्र बास्तोला",False
079-CR-0095,सफाई,"अध्यक्ष माननीय न्यायाधीश श्री टेक नारायण कुँवर
सदस्य माननीय न्यायाधीश श्री तेज नारायण सिंह राई
सदस्य माननीय न्यायाधीश श्री राम बहादुर थापा",False
079-CR-0096,सफाई,"अध्यक्ष माननीय न्यायाधीश श्री टेक नारायण कुँवर
सदस्य माननीय न्यायाधीश श्री तेज नारायण सिंह राई
सदस्य माननीय न्यायाधीश श्री राम बहादुर थापा",False
079-CR-0097,सफाई,"अध्यक्ष माननीय न्यायाधीश श्री टेक नारायण कुँवर
सदस्य माननीय न्यायाधीश श्री तेज नारायण सिंह राई
सदस्य माननीय न्यायाधीश श्री रितेन्द्र थापा",False
079-CR-0098,ठहर,"सदस्य माननीय न्यायाधीश डा. श्री खुशी प्रसाद थारु
सदस्य माननीय न्यायाधीश श्री तेज नारायण सिंह राई
सदस्य माननीय न्यायाधीश श्री मुरारीबाबु श्रेष्ठ",False
079-CR-0099,ठहर,"सदस्य माननीय न्यायाधीश डा. श्री खुशी प्रसाद थारु
सदस्य माननीय न्यायाधीश श्री रमेशकुमार पोखरेल
सदस्य माननीय न्यायाधीश श्री यमुना भट्टराई",False
079-CR-0100,सफाई,"अध्यक्ष माननीय न्यायाधीश श्री टेक नारायण कुँवर
सदस्य माननीय न्यायाधीश श्री तेज नारायण सिंह राई
सदस्य माननीय न्यायाधीश श्री मुरारीबाबु श्रेष्ठ",False
079-CR-0101,सफाई,"अध्यक्ष माननीय न्यायाधीश श्री टेक नारायण कुँवर
सदस्य माननीय न्यायाधीश श्री तेज नारायण सिंह राई
सदस्य माननीय न्यायाधीश श्री रितेन्द्र थापा",False
079-CR-0102,आंशिक ठहर,"सदस्य माननीय न्यायाधीश डा. श्री खुशी प्रसाद थारु
सदस्य माननीय न्यायाधीश श्री मुरारीबाबु श्रेष्ठ
सदस्य माननीय न्यायाधीश श्री रितेन्द्र थापा",False
079-CR-0103,आंशिक ठहर,"सदस्य माननीय न्यायाधीश डा. श्री खुशी प्रसाद थारु
सदस्य माननीय न्यायाधीश श्री तेज नारायण सिंह राई
सदस्य माननीय न्यायाधीश श्री राम बहादुर थापा",False
079-CR-0104,सफाई,"अध्यक्ष माननीय न्यायाधीश श्री टेक नारायण कुँवर
सदस्य माननीय न्यायाधीश श्री तेज नारायण सिंह राई
सदस्य माननीय न्यायाधीश श्री मुरारीबाबु श्रेष्ठ",False
079-CR-0105,सफाई,"अध्यक्ष माननीय न्यायाधीश श्री टेक नारायण कुँवर
सदस्य माननीय न्यायाधीश श्री राम बहादुर थापा
सदस्य माननीय न्यायाधीश श्री रितेन्द्र थापा",False
079-CR-0106,सफाई,"अध्यक्ष माननीय न्यायाधीश श्री टेक नारायण कुँवर
सदस्य माननीय न्यायाधीश श्री राम बहादुर थापा
सदस्य माननीय न्यायाधीश श्री रितेन्द्र थापा",False
079-CR-0107,सफाई,"अध्यक्ष माननीय न्यायाधीश श्री टेक नारायण कुँवर
सदस्य माननीय न्यायाधीश श्री राम बहादुर थापा
सदस्य माननीय न्यायाधीश श्री रितेन्द्र थापा",False
079-CR-0108,ठहर,"सदस्य माननीय न्यायाधीश डा. श्री खुशी प्रसाद थारु
सदस्य माननीय न्यायाधीश श्री यमुना भट्टराई
सदस्य माननीय न्यायाधीश श्री बलभद्र बास्तोला",False
079-CR-0109,सफाई,"अध्यक्ष माननीय न्यायाधीश श्री टेक नारायण कुँवर
सदस्य माननीय न्यायाधीश श्री तेज नारायण सिंह राई
सदस्य माननीय न्यायाधीश श्री रितेन्द्र थापा",False
079-CR-0110,सफाई,"अध्यक्ष माननीय न्यायाधीश श्री श्रीकान्त पौडेल
सदस्य माननीय न्यायाधीश डा. श्री खुशी प्रसाद थारु
सदस्य माननीय न्यायाधीश श्री बलभद्र बास्तोला",False
079-CR-0111,सफाई,"अध्यक्ष माननीय न्यायाधीश श्री टेक नारायण कुँवर
सदस्य माननीय न्यायाधीश श्री राम बहादुर थापा
सदस्य माननीय न्यायाधीश श्री मुरारीबाबु श्रेष्ठ",False
079-CR-0112,ठहर,"अध्यक्ष माननीय न्यायाधीश श्री टेक नारायण कुँवर
सदस्य माननीय न्यायाधीश श्री मुरारीबाबु श्रेष्ठ
सदस्य माननीय न्यायाधीश श्री रितेन्द्र थापा",False
079-CR-0113,सफाई,"अध्यक्ष माननीय न्यायाधीश श्री टेक नारायण कुँवर
सदस्य माननीय न्यायाधीश श्री तेज नारायण सिंह राई
सदस्य माननीय न्यायाधीश श्री रितेन्द्र थापा",False
079-CR-0114,सफाई,"अध्यक्ष माननीय न्यायाधीश श्री टेक नारायण कुँवर
सदस्य माननीय न्यायाधीश श्री तेज नारायण सिंह राई
सदस्य माननीय न्यायाधीश श्री राम बहादुर थापा",False
079-CR-0115,सफाई,"अध्यक्ष माननीय न्यायाधीश श्री टेक नारायण कुँवर
सदस्य माननीय न्यायाधीश श्री राम बहादुर थापा
सदस्य माननीय न्यायाधीश श्री मुरारीबाबु श्रेष्ठ",False
079-CR-0116,सफाई,"सदस्य माननीय न्यायाधीश श्री तेज नारायण सिंह राई
सदस्य माननीय न्यायाधीश श्री राम बहादुर थापा
सदस्य माननीय न्यायाधीश श्री रितेन्द्र थापा",False
079-CR-0117,आंशिक ठहर,"सदस्य माननीय न्यायाधीश डा. श्री खुशी प्रसाद थारु
सदस्य माननीय न्यायाधीश श्री तेज नारायण सिंह राई
सदस्य माननीय न्यायाधीश श्री रितेन्द्र थापा",False
079-CR-0118,सफाई,"सदस्य माननीय न्यायाधीश डा. श्री खुशी प्रसाद थारु
सदस्य माननीय न्यायाधीश श्री राम बहादुर थापा
सदस्य माननीय न्यायाधीश श्री रितेन्द्र थापा",False
079-CR-0119,सफाई,"अध्यक्ष माननीय न्यायाधीश श्री टेक नारायण कुँवर
सदस्य माननीय न्यायाधीश श्री राम बहादुर थापा
सदस्य माननीय न्यायाधीश श्री रितेन्द्र थापा",False
079-CR-0120,सफाई,"सदस्य माननीय न्यायाधीश डा. श्री खुशी प्रसाद थारु
सदस्य माननीय न्यायाधीश श्री तेज नारायण सिंह राई
सदस्य माननीय न्यायाधीश श्री रितेन्द्र थापा",False
079-CR-0121,ठहर,"अध्यक्ष माननीय न्यायाधीश श्री टेक नारायण कुँवर
सदस्य माननीय न्यायाधीश श्री तेज नारायण सिंह राई
सदस्य माननीय न्यायाधीश श्री रितेन्द्र थापा",False
079-CR-0122,सफाई,"अध्यक्ष माननीय न्यायाधीश श्री टेक नारायण कुँवर
सदस्य माननीय न्यायाधीश श्री राम बहादुर थापा
सदस्य माननीय न्यायाधीश श्री रितेन्द्र थापा",False
079-CR-0123,ठहर,"सदस्य माननीय न्यायाधीश डा. श्री खुशी प्रसाद थारु
सदस्य माननीय न्यायाधीश श्री तेज नारायण सिंह राई
सदस्य माननीय न्यायाधीश श्री मुरारीबाबु श्रेष्ठ",False
079-CR-0124,आंशिक ठहर,"अध्यक्ष माननीय न्यायाधीश श्री टेक नारायण कुँवर
सदस्य माननीय न्यायाधीश श्री मुरारीबाबु श्रेष्ठ",False
079-CR-0125,आंशिक ठहर,"अध्यक्ष माननीय न्यायाधीश श्री टेक नारायण कुँवर
सदस्य माननीय न्यायाधीश श्री तेज नारायण सिंह राई
सदस्य माननीय न्यायाधीश श्री मुरारीबाबु श्रेष्ठ",False
079-CR-0127,ठहर,"अध्यक्ष माननीय न्यायाधीश श्री टेक नारायण कुँवर
सदस्य माननीय न्यायाधीश श्री तेज नारायण सिंह राई
सदस्य माननीय न्यायाधीश श्री रितेन्द्र थापा",False
079-CR-0128,सफाई,"अध्यक्ष माननीय न्यायाधीश श्री टेक नारायण कुँवर
सदस्य माननीय न्यायाधीश श्री तेज नारायण सिंह राई
सदस्य माननीय न्यायाधीश श्री मुरारीबाबु श्रेष्ठ",False
079-CR-0129,सफाई,"अध्यक्ष माननीय न्यायाधीश श्री टेक नारायण कुँवर
सदस्य माननीय न्यायाधीश श्री राम बहादुर थापा
सदस्य माननीय न्यायाधीश श्री रितेन्द्र थापा",False
079-CR-0130,ठहर,"सदस्य माननीय न्यायाधीश डा. श्री खुशी प्रसाद थारु
सदस्य माननीय न्यायाधीश श्री तेज नारायण सिंह राई
सदस्य माननीय न्यायाधीश श्री राम बहादुर थापा",False
079-CR-0131,ठहर,"अध्यक्ष माननीय न्यायाधीश श्री टेक नारायण कुँवर
सदस्य माननीय न्यायाधीश श्री राम बहादुर थापा
सदस्य माननीय न्यायाधीश श्री रितेन्द्र थापा",False
079-CR-0132,ठहर,"सदस्य माननीय न्यायाधीश डा. श्री खुशी प्रसाद थारु
सदस्य माननीय न्यायाधीश श्री मुरारीबाबु श्रेष्ठ
सदस्य माननीय न्यायाधीश श्री रितेन्द्र थापा",False
079-CR-0133,सफाई,"अध्यक्ष माननीय न्यायाधीश श्री टेक नारायण कुँवर
सदस्य माननीय न्यायाधीश श्री मुरारीबाबु श्रेष्ठ
सदस्य माननीय न्यायाधीश श्री रितेन्द्र थापा",False
079-CR-0134,ठहर,"अध्यक्ष माननीय न्यायाधीश श्री श्रीकान्त पौडेल
सदस्य माननीय न्यायाधीश श्री शालिग्राम कोइराला",False
079-CR-0135,सफाई,"सदस्य माननीय न्यायाधीश डा. श्री खुशी प्रसाद थारु
सदस्य माननीय न्यायाधीश श्री तेज नारायण सिंह राई
सदस्य माननीय न्यायाधीश श्री मुरारीबाबु श्रेष्ठ",False
079-CR-0136,सफाई,"अध्यक्ष माननीय न्यायाधीश श्री टेक नारायण कुँवर
सदस्य माननीय न्यायाधीश श्री तेज नारायण सिंह राई
सदस्य माननीय न्यायाधीश श्री मुरारीबाबु श्रेष्ठ",False
079-CR-0137,आंशिक ठहर,"अध्यक्ष माननीय न्यायाधीश श्री टेक नारायण कुँवर
सदस्य माननीय न्यायाधीश श्री राम बहादुर थापा
सदस्य माननीय न्यायाधीश श्री रितेन्द्र थापा",False
079-CR-0138,सफाई,"अध्यक्ष माननीय न्यायाधीश श्री टेक नारायण कुँवर
सदस्य माननीय न्यायाधीश श्री मुरारीबाबु श्रेष्ठ",False
079-CR-0139,ठहर,"सदस्य माननीय न्यायाधीश डा. श्री खुशी प्रसाद थारु
सदस्य माननीय न्यायाधीश श्री तेज नारायण सिंह राई
सदस्य माननीय न्यायाधीश श्री मुरारीबाबु श्रेष्ठ",False
079-CR-0140,आंशिक ठहर,"अध्यक्ष माननीय न्यायाधीश श्री टेक नारायण कुँवर
सदस्य माननीय न्यायाधीश श्री तेज नारायण सिंह राई
सदस्य माननीय न्यायाधीश श्री राम बहादुर थापा",False
079-CR-0141,ठहर,"सदस्य माननीय न्यायाधीश डा. श्री खुशी प्रसाद थारु
सदस्य माननीय न्यायाधीश श्री राम बहादुर थापा
सदस्य माननीय न्यायाधीश श्री रितेन्द्र थापा",False
079-CR-0142,ठहर,"अध्यक्ष माननीय न्यायाधीश श्री टेक नारायण कुँवर
सदस्य माननीय न्यायाधीश श्री तेज नारायण सिंह राई
सदस्य माननीय न्यायाधीश श्री रितेन्द्र थापा",False
079-CR-0143,ठहर,"अध्यक्ष माननीय न्यायाधीश श्री टेक नारायण कुँवर
सदस्य माननीय न्यायाधीश श्री राम बहादुर थापा
सदस्य माननीय न्यायाधीश श्री मुरारीबाबु श्रेष्ठ",False
079-CR-0144,सफाई,"सदस्य माननीय न्यायाधीश डा. श्री खुशी प्रसाद थारु
सदस्य माननीय न्यायाधीश श्री तेज नारायण सिंह राई
सदस्य माननीय न्यायाधीश श्री राम बहादुर थापा",False
079-CR-0145,सफाई,"सदस्य माननीय न्यायाधीश श्री तेज नारायण सिंह राई
सदस्य माननीय न्यायाधीश श्री राम बहादुर थापा
सदस्य माननीय न्यायाधीश श्री रितेन्द्र थापा",False
079-CR-0146,सफाई,"अध्यक्ष माननीय न्यायाधीश श्री टेक नारायण कुँवर
सदस्य माननीय न्यायाधीश श्री राम बहादुर थापा
सदस्य माननीय न्यायाधीश श्री मुरारीबाबु श्रेष्ठ",False
079-CR-0147,ठहर,"अध्यक्ष माननीय न्यायाधीश श्री टेक नारायण कुँवर
सदस्य माननीय न्यायाधीश श्री राम बहादुर थापा",False
079-CR-0148,ठहर,"अध्यक्ष माननीय न्यायाधीश श्री टेक नारायण कुँवर
सदस्य माननीय न्यायाधीश श्री राम बहादुर थापा
सदस्य माननीय न्यायाधीश श्री रितेन्द्र थापा",False
079-CR-0149,सफाई,"अध्यक्ष माननीय न्यायाधीश श्री टेक नारायण कुँवर
सदस्य माननीय न्यायाधीश श्री तेज नारायण सिंह राई
सदस्य माननीय न्यायाधीश श्री रितेन्द्र थापा",False
079-CR-0150,सफाई,"सदस्य माननीय न्यायाधीश श्री तेज नारायण सिंह राई
सदस्य माननीय न्यायाधीश श्री मुरारीबाबु श्रेष्ठ
सदस्य माननीय न्यायाधीश श्री रितेन्द्र थापा",False
079-CR-0151,सफाई,"सदस्य माननीय न्यायाधीश डा. श्री खुशी प्रसाद थारु
सदस्य माननीय न्यायाधीश श्री मुरारीबाबु श्रेष्ठ
सदस्य माननीय न्यायाधीश श्री रितेन्द्र थापा",False
079-CR-0152,आंशिक ठहर,"अध्यक्ष माननीय न्यायाधीश श्री टेक नारायण कुँवर
सदस्य माननीय न्यायाधीश श्री मुरारीबाबु श्रेष्ठ
सदस्य माननीय न्यायाधीश श्री रितेन्द्र थापा",False
079-CR-0153,आंशिक ठहर,"अध्यक्ष माननीय न्यायाधीश श्री टेक नारायण कुँवर
सदस्य माननीय न्यायाधीश श्री राम बहादुर थापा
सदस्य माननीय न्यायाधीश श्री रितेन्द्र थापा",False
079-CR-0154,आंशिक ठहर,"अध्यक्ष माननीय न्यायाधीश श्री टेक नारायण कुँवर
सदस्य माननीय न्यायाधीश श्री तेज नारायण सिंह राई
सदस्य माननीय न्यायाधीश श्री राम बहादुर थापा",False
079-CR-0155,सफाई,"अध्यक्ष माननीय न्यायाधीश श्री टेक नारायण कुँवर
सदस्य माननीय न्यायाधीश श्री तेज नारायण सिंह राई
सदस्य माननीय न्यायाधीश श्री मुरारीबाबु श्रेष्ठ",False
079-CR-0156,सफाई,"अध्यक्ष माननीय न्यायाधीश श्री टेक नारायण कुँवर
सदस्य माननीय न्यायाधीश श्री राम बहादुर थापा
सदस्य माननीय न्यायाधीश श्री रितेन्द्र थापा",False
079-CR-0157,सफाई,"अध्यक्ष माननीय न्यायाधीश श्री टेक नारायण कुँवर
सदस्य माननीय न्यायाधीश श्री राम बहादुर थापा
सदस्य माननीय न्यायाधीश श्री रितेन्द्र थापा",False
079-CR-0158,सफाई,"अध्यक्ष माननीय न्यायाधीश श्री टेक नारायण कुँवर
सदस्य माननीय न्यायाधीश श्री मुरारीबाबु श्रेष्ठ
सदस्य माननीय न्यायाधीश श्री रितेन्द्र थापा",False
079-CR-0159,ठहर,"सदस्य माननीय न्यायाधीश डा. श्री खुशी प्रसाद थारु
सदस्य माननीय न्यायाधीश श्री तेज नारायण सिंह राई
सदस्य माननीय न्यायाधीश श्री मुरारीबाबु श्रेष्ठ",False
079-CR-0160,सफाई,"अध्यक्ष माननीय न्यायाधीश श्री टेक नारायण कुँवर
सदस्य माननीय न्यायाधीश श्री राम बहादुर थापा",False
079-CR-0161,आंशिक ठहर,"अध्यक्ष माननीय न्यायाधीश श्री टेक नारायण कुँवर
सदस्य माननीय न्यायाधीश श्री तेज नारायण सिंह राई
सदस्य माननीय न्यायाधीश श्री मुरारीबाबु श्रेष्ठ",False
079-CR-0162,ठहर,"अध्यक्ष माननीय न्यायाधीश श्री टेक नारायण कुँवर
सदस्य माननीय न्यायाधीश श्री राम बहादुर थापा
सदस्य माननीय न्यायाधीश श्री रितेन्द्र थापा",False
079-CR-0163,ठहर,"अध्यक्ष माननीय न्यायाधीश श्री टेक नारायण कुँवर
सदस्य माननीय न्यायाधीश श्री राम बहादुर थापा
सदस्य माननीय न्यायाधीश श्री मुरारीबाबु श्रेष्ठ",False
079-CR-0164,सफाई,"अध्यक्ष माननीय न्यायाधीश श्री टेक नारायण कुँवर
सदस्य माननीय न्यायाधीश श्री मुरारीबाबु श्रेष्ठ",False
079-CR-0165,सफाई,"अध्यक्ष माननीय न्यायाधीश श्री टेक नारायण कुँवर
सदस्य माननीय न्यायाधीश श्री मुरारीबाबु श्रेष्ठ",False
079-CR-0166,सफाई,"अध्यक्ष माननीय न्यायाधीश श्री टेक नारायण कुँवर
सदस्य माननीय न्यायाधीश श्री मुरारीबाबु श्रेष्ठ",False
079-CR-0167,ठहर,"सदस्य माननीय न्यायाधीश डा. श्री खुशी प्रसाद थारु
सदस्य माननीय न्यायाधीश श्री तेज नारायण सिंह राई
सदस्य माननीय न्यायाधीश श्री मुरारीबाबु श्रेष्ठ",False
079-CR-0168,ठहर,"सदस्य माननीय न्यायाधीश डा. श्री खुशी प्रसाद थारु
सदस्य माननीय न्यायाधीश श्री राम बहादुर थापा
सदस्य माननीय न्यायाधीश श्री रितेन्द्र थापा",False
079-CR-0169,ठहर,"अध्यक्ष माननीय न्यायाधीश श्री टेक नारायण कुँवर
सदस्य माननीय न्यायाधीश श्री राम बहादुर थापा
सदस्य माननीय न्यायाधीश श्री मुरारीबाबु श्रेष्ठ",False
079-CR-0170,ठहर,"सदस्य माननीय न्यायाधीश डा. श्री खुशी प्रसाद थारु
सदस्य माननीय न्यायाधीश श्री तेज नारायण सिंह राई
सदस्य माननीय न्यायाधीश श्री रितेन्द्र थापा",False
079-CR-0171,ठहर,"सदस्य माननीय न्यायाधीश डा. श्री खुशी प्रसाद थारु
सदस्य माननीय न्यायाधीश श्री तेज नारायण सिंह राई
सदस्य माननीय न्यायाधीश श्री राम बहादुर थापा",False
079-CR-0172,सफाई,"अध्यक्ष माननीय न्यायाधीश श्री टेक नारायण कुँवर
सदस्य माननीय न्यायाधीश श्री तेज नारायण सिंह राई
सदस्य माननीय न्यायाधीश श्री मुरारीबाबु श्रेष्ठ",False
079-CR-0173,सफाई,"अध्यक्ष माननीय न्यायाधीश श्री टेक नारायण कुँवर
सदस्य माननीय न्यायाधीश श्री मुरारीबाबु श्रेष्ठ
सदस्य माननीय न्यायाधीश श्री रितेन्द्र थापा",False
079-CR-0174,आंशिक ठहर,"सदस्य माननीय न्यायाधीश श्री यमुना भट्टराई
सदस्य माननीय न्यायाधीश श्री शालिग्राम कोइराला
सदस्य माननीय न्यायाधीश श्री बलभद्र बास्तोला",False
079-CR-0175,आंशिक ठहर,"अध्यक्ष माननीय न्यायाधीश श्री टेक नारायण कुँवर
सदस्य माननीय न्यायाधीश श्री तेज नारायण सिंह राई
सदस्य माननीय न्यायाधीश श्री रितेन्द्र थापा",False
079-CR-0176,सफाई,"अध्यक्ष माननीय न्यायाधीश श्री टेक नारायण कुँवर
सदस्य माननीय न्यायाधीश श्री तेज नारायण सिंह राई
सदस्य माननीय न्यायाधीश श्री रितेन्द्र थापा",False
080-CR-0001,सफाई,"सदस्य माननीय न्यायाधीश डा. श्री खुशी प्रसाद थारु
सदस्य माननीय न्यायाधीश श्री राम बहादुर थापा
सदस्य माननीय न्यायाधीश श्री मुरारीबाबु श्रेष्ठ",False
080-CR-0002,सफाई,"अध्यक्ष माननीय न्यायाधीश श्री टेक नारायण कुँवर
सदस्य माननीय न्यायाधीश श्री मुरारीबाबु श्रेष्ठ
सदस्य माननीय न्यायाधीश श्री रितेन्द्र थापा",False
080-CR-0003,आंशिक ठहर,"सदस्य माननीय न्यायाधीश श्री तेज नारायण सिंह राई
सदस्य माननीय न्यायाधीश श्री राम बहादुर थापा
सदस्य माननीय न्यायाधीश श्री रितेन्द्र थापा",False
080-CR-0004,सफाई,"अध्यक्ष माननीय न्यायाधीश श्री टेक नारायण कुँवर
सदस्य माननीय न्यायाधीश श्री तेज नारायण सिंह राई
सदस्य माननीय न्यायाधीश श्री मुरारीबाबु श्रेष्ठ",False
080-CR-0005,आंशिक ठहर,"अध्यक्ष माननीय न्यायाधीश श्री टेक नारायण कुँवर
सदस्य माननीय न्यायाधीश श्री राम बहादुर थापा",False
080-CR-0006,सफाई,"सदस्य माननीय न्यायाधीश डा. श्री खुशी प्रसाद थारु
सदस्य माननीय न्यायाधीश श्री तेज नारायण सिंह राई
सदस्य माननीय न्यायाधीश श्री मुरारीबाबु श्रेष्ठ",False
080-CR-0007,सफाई,"अध्यक्ष माननीय न्यायाधीश श्री टेक नारायण कुँवर
सदस्य माननीय न्यायाधीश श्री तेज नारायण सिंह राई
सदस्य माननीय न्यायाधीश श्री राम बहादुर थापा",False
080-CR-0008,ठहर,"सदस्य माननीय न्यायाधीश डा. श्री खुशी प्रसाद थारु
सदस्य माननीय न्यायाधीश श्री तेज नारायण सिंह राई
सदस्य माननीय न्यायाधीश श्री रितेन्द्र थापा",False
080-CR-0009,ठहर,"अध्यक्ष माननीय न्यायाधीश श्री टेक नारायण कुँवर
सदस्य माननीय न्यायाधीश श्री तेज नारायण सिंह राई",False
080-CR-0010,ठहर,"अध्यक्ष माननीय न्यायाधीश श्री टेक नारायण कुँवर
सदस्य माननीय न्यायाधीश श्री मुरारीबाबु श्रेष्ठ
सदस्य माननीय न्यायाधीश श्री रितेन्द्र थापा",False
080-CR-0011,ठहर,"अध्यक्ष माननीय न्यायाधीश श्री टेक नारायण कुँवर
सदस्य माननीय न्यायाधीश श्री राम बहादुर थापा",False
080-CR-0012,ठहर,"सदस्य माननीय न्यायाधीश डा. श्री खुशी प्रसाद थारु
सदस्य माननीय न्यायाधीश श्री तेज नारायण सिंह राई
सदस्य माननीय न्यायाधीश श्री रितेन्द्र थापा",False
080-CR-0013,आंशिक ठहर,"अध्यक्ष माननीय न्यायाधीश श्री टेक नारायण कुँवर
सदस्य माननीय न्यायाधीश श्री तेज नारायण सिंह राई
सदस्य माननीय न्यायाधीश श्री मुरारीबाबु श्रेष्ठ",False
080-CR-0014,सफाई,"सदस्य माननीय न्यायाधीश डा. श्री खुशी प्रसाद थारु
सदस्य माननीय न्यायाधीश श्री तेज नारायण सिंह राई
सदस्य माननीय न्यायाधीश श्री राम बहादुर थापा",False
080-CR-0015,ठहर,"अध्यक्ष माननीय न्यायाधीश श्री टेक नारायण कुँवर
सदस्य माननीय न्यायाधीश श्री मुरारीबाबु श्रेष्ठ",False
080-CR-0016,सफाई,"अध्यक्ष माननीय न्यायाधीश श्री टेक नारायण कुँवर
सदस्य माननीय न्यायाधीश श्री मुरारीबाबु श्रेष्ठ",False
080-CR-0017,सफाई,"सदस्य माननीय न्यायाधीश श्री तेज नारायण सिंह राई
सदस्य माननीय न्यायाधीश श्री राम बहादुर थापा",False
080-CR-0018,सफाई,"अध्यक्ष माननीय न्यायाधीश श्री टेक नारायण कुँवर
सदस्य माननीय न्यायाधीश श्री तेज नारायण सिंह राई
सदस्य माननीय न्यायाधीश श्री रितेन्द्र थापा",False
080-CR-0019,सफाई,"अध्यक्ष माननीय न्यायाधीश श्री टेक नारायण कुँवर
सदस्य माननीय न्यायाधीश श्री तेज नारायण सिंह राई
सदस्य माननीय न्यायाधीश श्री मुरारीबाबु श्रेष्ठ",False
080-CR-0020,सफाई,"अध्यक्ष माननीय न्यायाधीश श्री टेक नारायण कुँवर
सदस्य माननीय न्यायाधीश श्री तेज नारायण सिंह राई
सदस्य माननीय न्यायाधीश श्री राम बहादुर थापा",False
080-CR-0021,सफाई,"अध्यक्ष माननीय न्यायाधीश श्री टेक नारायण कुँवर
सदस्य माननीय न्यायाधीश श्री मुरारीबाबु श्रेष्ठ
सदस्य माननीय न्यायाधीश श्री रितेन्द्र थापा",False
080-CR-0022,सफाई,"अध्यक्ष माननीय न्यायाधीश श्री टेक नारायण कुँवर
सदस्य माननीय न्यायाधीश श्री तेज नारायण सिंह राई
सदस्य माननीय न्यायाधीश श्री मुरारीबाबु श्रेष्ठ",False
080-CR-0023,सफाई,"अध्यक्ष माननीय न्यायाधीश श्री टेक नारायण कुँवर
सदस्य माननीय न्यायाधीश श्री मुरारीबाबु श्रेष्ठ
सदस्य माननीय न्यायाधीश श्री रितेन्द्र थापा",False
080-CR-0024,सफाई,"अध्यक्ष माननीय न्यायाधीश श्री टेक नारायण कुँवर
सदस्य माननीय न्यायाधीश श्री तेज नारायण सिंह राई
सदस्य माननीय न्यायाधीश श्री राम बहादुर थापा",False
080-CR-0025,सफाई,"अध्यक्ष माननीय न्यायाधीश श्री टेक नारायण कुँवर
सदस्य माननीय न्यायाधीश श्री राम बहादुर थापा
सदस्य माननीय न्यायाधीश श्री रितेन्द्र थापा",False
080-CR-0026,सफाई,"अध्यक्ष माननीय न्यायाधीश श्री टेक नारायण कुँवर
सदस्य माननीय न्यायाधीश श्री राम बहादुर थापा
सदस्य माननीय न्यायाधीश श्री रितेन्द्र थापा",False
080-CR-0027,ठहर,"सदस्य माननीय न्यायाधीश डा. श्री खुशी प्रसाद थारु
सदस्य माननीय न्यायाधीश श्री तेज नारायण सिंह राई
सदस्य माननीय न्यायाधीश श्री रितेन्द्र थापा",False
080-CR-0028,सफाई,"अध्यक्ष माननीय न्यायाधीश श्री टेक नारायण कुँवर
सदस्य माननीय न्यायाधीश श्री तेज नारायण सिंह राई
सदस्य माननीय न्यायाधीश श्री मुरारीबाबु श्रेष्ठ",False
080-CR-0029,ठहर,"अध्यक्ष माननीय न्यायाधीश श्री टेक नारायण कुँवर
सदस्य माननीय न्यायाधीश श्री तेज नारायण सिंह राई
सदस्य माननीय न्यायाधीश श्री रितेन्द्र थापा",False
080-CR-0030,ठहर,"सदस्य माननीय न्यायाधीश डा. श्री खुशी प्रसाद थारु
सदस्य माननीय न्यायाधीश श्री राम बहादुर थापा
सदस्य माननीय न्यायाधीश श्री रितेन्द्र थापा",False
080-CR-0031,सफाई,"अध्यक्ष माननीय न्यायाधीश श्री टेक नारायण कुँवर
सदस्य माननीय न्यायाधीश श्री तेज नारायण सिंह राई
सदस्य माननीय न्यायाधीश श्री रितेन्द्र थापा",False
080-CR-0032,सफाई,"अध्यक्ष माननीय न्यायाधीश श्री टेक नारायण कुँवर
सदस्य माननीय न्यायाधीश श्री तेज नारायण सिंह राई
सदस्य माननीय न्यायाधीश श्री राम बहादुर थापा",False
080-CR-0033,सफाई,"अध्यक्ष माननीय न्यायाधीश श्री टेक नारायण कुँवर
सदस्य माननीय न्यायाधीश श्री तेज नारायण सिंह राई
सदस्य माननीय न्यायाधीश श्री मुरारीबाबु श्रेष्ठ",False
080-CR-0034,ठहर,"अध्यक्ष माननीय न्यायाधीश श्री टेक नारायण कुँवर
सदस्य माननीय न्यायाधीश श्री तेज नारायण सिंह राई
सदस्य माननीय न्यायाधीश श्री रितेन्द्र थापा",False
080-CR-0035,ठहर,"अध्यक्ष माननीय न्यायाधीश श्री टेक नारायण कुँवर
सदस्य माननीय न्यायाधीश श्री तेज नारायण सिंह राई
सदस्य माननीय न्यायाधीश श्री मुरारीबाबु श्रेष्ठ",False
080-CR-0036,ठहर,"सदस्य माननीय न्यायाधीश डा. श्री खुशी प्रसाद थारु
सदस्य माननीय न्यायाधीश श्री तेज नारायण सिंह राई
सदस्य माननीय न्यायाधीश श्री रितेन्द्र थापा",False
080-CR-0037,ठहर,"अध्यक्ष माननीय न्यायाधीश श्री टेक नारायण कुँवर
सदस्य माननीय न्यायाधीश श्री राम बहादुर थापा
सदस्य माननीय न्यायाधीश श्री रितेन्द्र थापा",False
080-CR-0038,सफाई,"अध्यक्ष माननीय न्यायाधीश श्री टेक नारायण कुँवर
सदस्य माननीय न्यायाधीश श्री मुरारीबाबु श्रेष्ठ
सदस्य माननीय न्यायाधीश श्री रितेन्द्र थापा",False
080-CR-0039,ठहर,"सदस्य माननीय न्यायाधीश डा. श्री खुशी प्रसाद थारु
सदस्य माननीय न्यायाधीश श्री राम बहादुर थापा
सदस्य माननीय न्यायाधीश श्री रितेन्द्र थापा",False
080-CR-0040,सफाई,"सदस्य माननीय न्यायाधीश डा. श्री खुशी प्रसाद थारु
सदस्य माननीय न्यायाधीश श्री राम बहादुर थापा
सदस्य माननीय न्यायाधीश श्री मुरारीबाबु श्रेष्ठ",False
080-CR-0041,सफाई,"सदस्य माननीय न्यायाधीश श्री मुरारीबाबु श्रेष्ठ
सदस्य माननीय न्यायाधीश श्री रितेन्द्र थापा",False
080-CR-0042,ठहर,"सदस्य माननीय न्यायाधीश डा. श्री खुशी प्रसाद थारु
सदस्य माननीय न्यायाधीश श्री तेज नारायण सिंह राई
सदस्य माननीय न्यायाधीश श्री रितेन्द्र थापा",False
080-CR-0043,सफाई,"अध्यक्ष माननीय न्यायाधीश श्री टेक नारायण कुँवर
सदस्य माननीय न्यायाधीश श्री तेज नारायण सिंह राई
सदस्य माननीय न्यायाधीश श्री रितेन्द्र थापा",False
080-CR-0044,ठहर,"अध्यक्ष माननीय न्यायाधीश श्री टेक नारायण कुँवर
सदस्य माननीय न्यायाधीश श्री राम बहादुर थापा
सदस्य माननीय न्यायाधीश श्री रितेन्द्र थापा",False
080-CR-0045,ठहर,"अध्यक्ष माननीय न्यायाधीश श्री टेक नारायण कुँवर
सदस्य माननीय न्यायाधीश श्री मुरारीबाबु श्रेष्ठ
सदस्य माननीय न्यायाधीश श्री रितेन्द्र थापा",False
080-CR-0046,ठहर,"सदस्य माननीय न्यायाधीश डा. श्री खुशी प्रसाद थारु
सदस्य माननीय न्यायाधीश श्री तेज नारायण सिंह राई
सदस्य माननीय न्यायाधीश श्री राम बहादुर थापा",False
080-CR-0047,सफाई,"अध्यक्ष माननीय न्यायाधीश श्री टेक नारायण कुँवर
सदस्य माननीय न्यायाधीश श्री मुरारीबाबु श्रेष्ठ",False
080-CR-0048,ठहर,"अध्यक्ष माननीय न्यायाधीश श्री टेक नारायण कुँवर
सदस्य माननीय न्यायाधीश श्री मुरारीबाबु श्रेष्ठ",False
080-CR-0049,ठहर,"सदस्य माननीय न्यायाधीश श्री तेज नारायण सिंह राई
सदस्य माननीय न्यायाधीश श्री राम बहादुर थापा
सदस्य माननीय न्यायाधीश श्री रितेन्द्र थापा",False
080-CR-0050,सफाई,"सदस्य माननीय न्यायाधीश डा. श्री खुशी प्रसाद थारु
सदस्य माननीय न्यायाधीश श्री राम बहादुर थापा
सदस्य माननीय न्यायाधीश श्री मुरारीबाबु श्रेष्ठ",False
080-CR-0051,सफाई,"अध्यक्ष माननीय न्यायाधीश श्री टेक नारायण कुँवर
सदस्य माननीय न्यायाधीश श्री तेज नारायण सिंह राई
सदस्य माननीय न्यायाधीश श्री राम बहादुर थापा",False
080-CR-0052,सफाई,"सदस्य माननीय न्यायाधीश श्री तेज नारायण सिंह राई
सदस्य माननीय न्यायाधीश श्री राम बहादुर थापा
सदस्य माननीय न्यायाधीश श्री रितेन्द्र थापा",False
080-CR-0053,आंशिक ठहर,"अध्यक्ष माननीय न्यायाधीश श्री टेक नारायण कुँवर
सदस्य माननीय न्यायाधीश श्री तेज नारायण सिंह राई
सदस्य माननीय न्यायाधीश श्री मुरारीबाबु श्रेष्ठ",False
080-CR-0054,ठहर,"सदस्य माननीय न्यायाधीश डा. श्री खुशी प्रसाद थारु
सदस्य माननीय न्यायाधीश श्री तेज नारायण सिंह राई
सदस्य माननीय न्यायाधीश श्री रितेन्द्र थापा",False
080-CR-0055,ठहर,"अध्यक्ष माननीय न्यायाधीश श्री टेक नारायण कुँवर
सदस्य माननीय न्यायाधीश श्री तेज नारायण सिंह राई
सदस्य माननीय न्यायाधीश श्री रितेन्द्र थापा",False
080-CR-0056,ठहर,"सदस्य माननीय न्यायाधीश डा. श्री खुशी प्रसाद थारु
सदस्य माननीय न्यायाधीश श्री राम बहादुर थापा
सदस्य माननीय न्यायाधीश श्री रितेन्द्र थापा",False
080-CR-0057,ठहर,"अध्यक्ष माननीय न्यायाधीश श्री टेक नारायण कुँवर
सदस्य माननीय न्यायाधीश श्री मुरारीबाबु श्रेष्ठ",False
080-CR-0058,ठहर,"अध्यक्ष माननीय न्यायाधीश श्री टेक नारायण कुँवर
सदस्य माननीय न्यायाधीश श्री मुरारीबाबु श्रेष्ठ",False
080-CR-0059,सफाई,"अध्यक्ष माननीय न्यायाधीश श्री टेक नारायण कुँवर
सदस्य माननीय न्यायाधीश श्री मुरारीबाबु श्रेष्ठ",False
080-CR-0060,आंशिक ठहर,"सदस्य माननीय न्यायाधीश डा. श्री खुशी प्रसाद थारु
सदस्य माननीय न्यायाधीश श्री राम बहादुर थापा
सदस्य माननीय न्यायाधीश श्री मुरारीबाबु श्रेष्ठ",False
080-CR-0061,ठहर,"अध्यक्ष माननीय न्यायाधीश श्री टेक नारायण कुँवर
सदस्य माननीय न्यायाधीश श्री तेज नारायण सिंह राई
सदस्य माननीय न्यायाधीश श्री राम बहादुर थापा",False
080-CR-0062,ठहर,"अध्यक्ष माननीय न्यायाधीश श्री टेक नारायण कुँवर
सदस्य माननीय न्यायाधीश श्री तेज नारायण सिंह राई
सदस्य माननीय न्यायाधीश श्री रितेन्द्र थापा",False
080-CR-0063,ठहर,"अध्यक्ष माननीय न्यायाधीश श्री टेक नारायण कुँवर
सदस्य माननीय न्यायाधीश श्री राम बहादुर थापा
सदस्य माननीय न्यायाधीश श्री मुरारीबाबु श्रेष्ठ",False
080-CR-0064,सफाई,"सदस्य माननीय न्यायाधीश डा. श्री खुशी प्रसाद थारु
सदस्य माननीय न्यायाधीश श्री तेज नारायण सिंह राई
सदस्य माननीय न्यायाधीश श्री रितेन्द्र थापा",False
080-CR-0065,आंशिक ठहर,"सदस्य माननीय न्यायाधीश श्री तेज नारायण सिंह राई
सदस्य माननीय न्यायाधीश श्री राम बहादुर थापा
सदस्य माननीय न्यायाधीश श्री रितेन्द्र थापा",False
080-CR-0066,आंशिक ठहर,"अध्यक्ष माननीय न्यायाधीश श्री टेक नारायण कुँवर
सदस्य माननीय न्यायाधीश श्री तेज नारायण सिंह राई
सदस्य माननीय न्यायाधीश श्री राम बहादुर थापा",False
080-CR-0067,सफाई,"सदस्य माननीय न्यायाधीश डा. श्री खुशी प्रसाद थारु
सदस्य माननीय न्यायाधीश श्री मुरारीबाबु श्रेष्ठ
सदस्य माननीय न्यायाधीश श्री रितेन्द्र थापा",False
080-CR-0068,ठहर,"अध्यक्ष माननीय न्यायाधीश श्री टेक नारायण कुँवर
सदस्य माननीय न्यायाधीश श्री तेज नारायण सिंह राई
सदस्य माननीय न्यायाधीश श्री मुरारीबाबु श्रेष्ठ",False
080-CR-0069,ठहर,"सदस्य माननीय न्यायाधीश श्री तेज नारायण सिंह राई
सदस्य माननीय न्यायाधीश श्री राम बहादुर थापा
सदस्य माननीय न्यायाधीश श्री रितेन्द्र थापा",False
080-CR-0070,सफाई,"सदस्य माननीय न्यायाधीश डा. श्री खुशी प्रसाद थारु
सदस्य माननीय न्यायाधीश श्री तेज नारायण सिंह राई
सदस्य माननीय न्यायाधीश श्री राम बहादुर थापा",False
080-CR-0071,ठहर,"अध्यक्ष माननीय न्यायाधीश श्री टेक नारायण कुँवर
सदस्य माननीय न्यायाधीश श्री तेज नारायण सिंह राई
सदस्य माननीय न्यायाधीश श्री मुरारीबाबु श्रेष्ठ",False
080-CR-0072,सफाई,"सदस्य माननीय न्यायाधीश डा. श्री खुशी प्रसाद थारु
सदस्य माननीय न्यायाधीश श्री राम बहादुर थापा
सदस्य माननीय न्यायाधीश श्री मुरारीबाबु श्रेष्ठ",False
080-CR-0073,ठहर,"सदस्य माननीय न्यायाधीश डा. श्री खुशी प्रसाद थारु
सदस्य माननीय न्यायाधीश श्री तेज नारायण सिंह राई
सदस्य माननीय न्यायाधीश श्री रितेन्द्र थापा",False
080-CR-0074,ठहर,"अध्यक्ष माननीय न्यायाधीश श्री टेक नारायण कुँवर
सदस्य माननीय न्यायाधीश श्री तेज नारायण सिंह राई
सदस्य माननीय न्यायाधीश श्री मुरारीबाबु श्रेष्ठ",False
080-CR-0075,आंशिक ठहर,"अध्यक्ष माननीय न्यायाधीश श्री टेक नारायण कुँवर
सदस्य माननीय न्यायाधीश श्री तेज नारायण सिंह राई
सदस्य माननीय न्यायाधीश श्री राम बहादुर थापा",False
080-CR-0076,आंशिक ठहर,"अध्यक्ष माननीय न्यायाधीश श्री टेक नारायण कुँवर
सदस्य माननीय न्यायाधीश श्री राम बहादुर थापा
सदस्य माननीय न्यायाधीश श्री रितेन्द्र थापा",False
080-CR-0077,आंशिक ठहर,"सदस्य माननीय न्यायाधीश श्री राम बहादुर थापा
सदस्य माननीय न्यायाधीश श्री रितेन्द्र थापा",False
080-CR-0078,ठहर,"अध्यक्ष माननीय न्यायाधीश श्री टेक नारायण कुँवर
सदस्य माननीय न्यायाधीश श्री तेज नारायण सिंह राई
सदस्य माननीय न्यायाधीश श्री रितेन्द्र थापा",False
080-CR-0079,सफाई,"अध्यक्ष माननीय न्यायाधीश श्री टेक नारायण कुँवर
सदस्य माननीय न्यायाधीश श्री राम बहादुर थापा
सदस्य माननीय न्यायाधीश श्री मुरारीबाबु श्रेष्ठ",False
080-CR-0080,आंशिक ठहर,"अध्यक्ष माननीय न्यायाधीश श्री टेक नारायण कुँवर
सदस्य माननीय न्यायाधीश श्री तेज नारायण सिंह राई",False
080-CR-0081,ठहर,"सदस्य माननीय न्यायाधीश डा. श्री खुशी प्रसाद थारु
सदस्य माननीय न्यायाधीश श्री तेज नारायण सिंह राई
सदस्य माननीय न्यायाधीश श्री रितेन्द्र थापा",False
080-CR-0082,सफाई,सदस्य माननीय न्यायाधीश डा. श्री खुशी प्रसाद थारु सदस्य माननीय न्यायाधीश श्री तेज नारायण ससंह राई सदस्य माननीय न्यायाधीश श्री मुरारी बाबु श्रेष्ठ,True
080-CR-0083,ठहर,"अध्यक्ष माननीय न्यायाधीश श्री टेक नारायण कुँवर
सदस्य माननीय न्यायाधीश श्री राम बहादुर थापा
सदस्य माननीय न्यायाधीश श्री मुरारीबाबु श्रेष्ठ",False
080-CR-0084,सफाई,"अध्यक्ष माननीय न्यायाधीश श्री टेक नारायण कुँवर
सदस्य माननीय न्यायाधीश श्री राम बहादुर थापा
सदस्य माननीय न्यायाधीश श्री रितेन्द्र थापा",False
080-CR-0085,सफाई,"सदस्य माननीय न्यायाधीश डा. श्री खुशी प्रसाद थारु
सदस्य माननीय न्यायाधीश श्री राम बहादुर थापा
सदस्य माननीय न्यायाधीश श्री रितेन्द्र थापा",False
080-CR-0086,सफाई,"अध्यक्ष माननीय न्यायाधीश श्री टेक नारायण कुँवर
सदस्य माननीय न्यायाधीश श्री तेज नारायण सिंह राई
सदस्य माननीय न्यायाधीश श्री मुरारीबाबु श्रेष्ठ",False
080-CR-0087,सफाई,"अध्यक्ष माननीय न्यायाधीश श्री टेक नारायण कुँवर
सदस्य माननीय न्यायाधीश श्री तेज नारायण सिंह राई
सदस्य माननीय न्यायाधीश श्री राम बहादुर थापा",False
080-CR-0088,सफाई,"अध्यक्ष माननीय न्यायाधीश श्री टेक नारायण कुँवर
सदस्य माननीय न्यायाधीश श्री तेज नारायण सिंह राई
सदस्य माननीय न्यायाधीश श्री मुरारीबाबु श्रेष्ठ",False
080-CR-0089,आंशिक ठहर,"सदस्य माननीय न्यायाधीश डा. श्री खुशी प्रसाद थारु
सदस्य माननीय न्यायाधीश श्री तेज नारायण सिंह राई
सदस्य माननीय न्यायाधीश श्री राम बहादुर थापा",False
080-CR-0090,सफाई,"अध्यक्ष माननीय न्यायाधीश श्री टेक नारायण कुँवर
सदस्य माननीय न्यायाधीश श्री तेज नारायण सिंह राई
सदस्य माननीय न्यायाधीश श्री रितेन्द्र थापा",False
080-CR-0091,सफाई,"सदस्य माननीय न्यायाधीश डा. श्री खुशी प्रसाद थारु
सदस्य माननीय न्यायाधीश श्री तेज नारायण सिंह राई
सदस्य माननीय न्यायाधीश श्री राम बहादुर थापा",False
080-CR-0092,सफाई,"अध्यक्ष माननीय न्यायाधीश श्री टेक नारायण कुँवर
सदस्य माननीय न्यायाधीश श्री मुरारीबाबु श्रेष्ठ
सदस्य माननीय न्यायाधीश श्री रितेन्द्र थापा",False
080-CR-0093,सफाई,"अध्यक्ष माननीय न्यायाधीश श्री टेक नारायण कुँवर
सदस्य माननीय न्यायाधीश श्री मुरारीबाबु श्रेष्ठ
सदस्य माननीय न्यायाधीश श्री रितेन्द्र थापा",False
080-CR-0094,ठहर,"अध्यक्ष माननीय न्यायाधीश श्री टेक नारायण कुँवर
सदस्य माननीय न्यायाधीश श्री तेज नारायण सिंह राई
सदस्य माननीय न्यायाधीश श्री रितेन्द्र थापा",False
080-CR-0095,ठहर,"सदस्य माननीय न्यायाधीश डा. श्री खुशी प्रसाद थारु
सदस्य माननीय न्यायाधीश श्री तेज नारायण सिंह राई
सदस्य माननीय न्यायाधीश श्री राम बहादुर थापा",False
080-CR-0096,आंशिक ठहर,"अध्यक्ष माननीय न्यायाधीश श्री टेक नारायण कुँवर
सदस्य माननीय न्यायाधीश श्री तेज नारायण सिंह राई
सदस्य माननीय न्यायाधीश श्री रितेन्द्र थापा",False
080-CR-0097,ठहर,"अध्यक्ष माननीय न्यायाधीश श्री टेक नारायण कुँवर
सदस्य माननीय न्यायाधीश श्री तेज नारायण सिंह राई",False
080-CR-0098,आंशिक ठहर,"अध्यक्ष माननीय न्यायाधीश श्री टेक नारायण कुँवर
सदस्य माननीय न्यायाधीश श्री तेज नारायण सिंह राई
सदस्य माननीय न्यायाधीश श्री रितेन्द्र थापा",False
080-CR-0100,सफाई,"सदस्य माननीय न्यायाधीश श्री तेज नारायण सिंह राई
सदस्य माननीय न्यायाधीश श्री मुरारीबाबु श्रेष्ठ
सदस्य माननीय न्यायाधीश श्री रितेन्द्र थापा",False
080-CR-0101,ठहर,"अध्यक्ष माननीय न्यायाधीश श्री टेक नारायण कुँवर
सदस्य माननीय न्यायाधीश श्री राम बहादुर थापा
सदस्य माननीय न्यायाधीश श्री रितेन्द्र थापा",False
080-CR-0102,ठहर,"सदस्य माननीय न्यायाधीश श्री तेज नारायण सिंह राई
सदस्य माननीय न्यायाधीश श्री रितेन्द्र थापा",False
080-CR-0105,ठहर,इजलास अध्यक्ष माननीय श्री टेकनारायण कुँवर सदस्य माननीय श्री तेज नारायण राई,True
080-CR-0106,आंशिक ठहर,"अध्यक्ष माननीय न्यायाधीश श्री टेक नारायण कुँवर
सदस्य माननीय न्यायाधीश श्री तेज नारायण सिंह राई
सदस्य माननीय न्यायाधीश श्री मुरारीबाबु श्रेष्ठ",False
080-CR-0107,सफाई,"अध्यक्ष माननीय न्यायाधीश श्री टेक नारायण कुँवर
सदस्य माननीय न्यायाधीश श्री राम बहादुर थापा
सदस्य माननीय न्यायाधीश श्री मुरारीबाबु श्रेष्ठ",False
080-CR-0108,सफाई,"सदस्य माननीय न्यायाधीश श्री तेज नारायण सिंह राई
सदस्य माननीय न्यायाधीश श्री राम बहादुर थापा
सदस्य माननीय न्यायाधीश श्री रितेन्द्र थापा",False
080-CR-0109,ठहर,"सदस्य माननीय न्यायाधीश डा. श्री खुशी प्रसाद थारु
सदस्य माननीय न्यायाधीश श्री राम बहादुर थापा
सदस्य माननीय न्यायाधीश श्री मुरारीबाबु श्रेष्ठ",False
080-CR-0110,ठहर,"सदस्य माननीय न्यायाधीश डा. श्री खुशी प्रसाद थारु
सदस्य माननीय न्यायाधीश श्री राम बहादुर थापा
सदस्य माननीय न्यायाधीश श्री रितेन्द्र थापा",False
080-CR-0111,आंशिक ठहर,"अध्यक्ष माननीय न्यायाधीश श्री टेक नारायण कुँवर
सदस्य माननीय न्यायाधीश श्री मुरारीबाबु श्रेष्ठ
सदस्य माननीय न्यायाधीश श्री रितेन्द्र थापा",False
080-CR-0112,आंशिक ठहर,"अध्यक्ष माननीय न्यायाधीश श्री टेक नारायण कुँवर
सदस्य माननीय न्यायाधीश श्री मुरारीबाबु श्रेष्ठ
सदस्य माननीय न्यायाधीश श्री रितेन्द्र थापा",False
080-CR-0113,सफाई,"अध्यक्ष माननीय न्यायाधीश श्री टेक नारायण कुँवर
सदस्य माननीय न्यायाधीश श्री तेज नारायण सिंह राई
सदस्य माननीय न्यायाधीश श्री मुरारीबाबु श्रेष्ठ",False
080-CR-0114,सफाई,"सदस्य माननीय न्यायाधीश डा. श्री खुशी प्रसाद थारु
सदस्य माननीय न्यायाधीश श्री मुरारीबाबु श्रेष्ठ
सदस्य माननीय न्यायाधीश श्री रितेन्द्र थापा",False
080-CR-0115,आंशिक ठहर,"अध्यक्ष माननीय न्यायाधीश श्री टेक नारायण कुँवर
सदस्य माननीय न्यायाधीश श्री तेज नारायण सिंह राई
सदस्य माननीय न्यायाधीश श्री रितेन्द्र थापा",False
080-CR-0116,ठहर,"अध्यक्ष माननीय न्यायाधीश श्री टेक नारायण कुँवर
सदस्य माननीय न्यायाधीश श्री तेज नारायण सिंह राई",False
080-CR-0117,सफाई,"अध्यक्ष माननीय न्यायाधीश श्री टेक नारायण कुँवर
सदस्य माननीय न्यायाधीश श्री तेज नारायण सिंह राई
सदस्य माननीय न्यायाधीश श्री मुरारीबाबु श्रेष्ठ",False
080-CR-0118,आंशिक ठहर,"सदस्य माननीय न्यायाधीश डा. श्री खुशी प्रसाद थारु
सदस्य माननीय न्यायाधीश श्री मुरारीबाबु श्रेष्ठ
सदस्य माननीय न्यायाधीश श्री रितेन्द्र थापा",False
080-CR-0119,आंशिक ठहर,"अध्यक्ष माननीय न्यायाधीश श्री टेक नारायण कुँवर
सदस्य माननीय न्यायाधीश श्री तेज नारायण सिंह राई
सदस्य माननीय न्यायाधीश श्री मुरारीबाबु श्रेष्ठ",False
080-CR-0120,ठहर,"सदस्य माननीय न्यायाधीश डा. श्री खुशी प्रसाद थारु
सदस्य माननीय न्यायाधीश श्री राम बहादुर थापा
सदस्य माननीय न्यायाधीश श्री मुरारीबाबु श्रेष्ठ",False
080-CR-0121,सफाई,"सदस्य माननीय न्यायाधीश डा. श्री खुशी प्रसाद थारु
सदस्य माननीय न्यायाधीश श्री तेज नारायण सिंह राई
सदस्य माननीय न्यायाधीश श्री राम बहादुर थापा",False
080-CR-0122,ठहर,"अध्यक्ष माननीय न्यायाधीश श्री टेक नारायण कुँवर
सदस्य माननीय न्यायाधीश श्री तेज नारायण सिंह राई
सदस्य माननीय न्यायाधीश श्री राम बहादुर थापा",False
080-CR-0123,सफाई,"सदस्य माननीय न्यायाधीश डा. श्री खुशी प्रसाद थारु
सदस्य माननीय न्यायाधीश श्री तेज नारायण सिंह राई",False
080-CR-0124,सफाई,"अध्यक्ष माननीय न्यायाधीश श्री टेक नारायण कुँवर
सदस्य माननीय न्यायाधीश श्री राम बहादुर थापा
सदस्य माननीय न्यायाधीश श्री मुरारीबाबु श्रेष्ठ",False
080-CR-0125,ठहर,"सदस्य माननीय न्यायाधीश डा. श्री खुशी प्रसाद थारु
सदस्य माननीय न्यायाधीश श्री तेज नारायण सिंह राई
सदस्य माननीय न्यायाधीश श्री राम बहादुर थापा",False
080-CR-0126,ठहर,"सदस्य माननीय न्यायाधीश डा. श्री खुशी प्रसाद थारु
सदस्य माननीय न्यायाधीश श्री राम बहादुर थापा",False
080-CR-0127,सफाई,"अध्यक्ष माननीय न्यायाधीश श्री टेक नारायण कुँवर
सदस्य माननीय न्यायाधीश श्री तेज नारायण सिंह राई
सदस्य माननीय न्यायाधीश श्री राम बहादुर थापा",False
080-CR-0128,सफाई,"सदस्य माननीय न्यायाधीश डा. श्री खुशी प्रसाद थारु
सदस्य माननीय न्यायाधीश श्री राम बहादुर थापा
सदस्य माननीय न्यायाधीश श्री रितेन्द्र थापा",False
080-CR-0129,सफाई,"अध्यक्ष माननीय न्यायाधीश श्री टेक नारायण कुँवर
सदस्य माननीय न्यायाधीश श्री तेज नारायण सिंह राई
सदस्य माननीय न्यायाधीश श्री मुरारीबाबु श्रेष्ठ",False
080-CR-0130,आंशिक ठहर,"अध्यक्ष माननीय न्यायाधीश श्री टेक नारायण कुँवर
सदस्य माननीय न्यायाधीश श्री तेज नारायण सिंह राई
सदस्य माननीय न्यायाधीश श्री मुरारीबाबु श्रेष्ठ",False
080-CR-0131,सफाई,"अध्यक्ष माननीय न्यायाधीश श्री टेक नारायण कुँवर
सदस्य माननीय न्यायाधीश श्री तेज नारायण सिंह राई
सदस्य माननीय न्यायाधीश श्री राम बहादुर थापा",False
080-CR-0132,सफाई,"अध्यक्ष माननीय न्यायाधीश श्री टेक नारायण कुँवर
सदस्य माननीय न्यायाधीश श्री तेज नारायण सिंह राई
सदस्य माननीय न्यायाधीश श्री मुरारीबाबु श्रेष्ठ",False
080-CR-0133,सफाई,"अध्यक्ष माननीय न्यायाधीश श्री टेक नारायण कुँवर
सदस्य माननीय न्यायाधीश श्री राम बहादुर थापा
सदस्य माननीय न्यायाधीश श्री रितेन्द्र थापा",False
080-CR-0134,ठहर,"अध्यक्ष माननीय न्यायाधीश श्री टेक नारायण कुँवर
सदस्य माननीय न्यायाधीश श्री तेज नारायण सिंह राई
सदस्य माननीय न्यायाधीश श्री राम बहादुर थापा",False
080-CR-0135,ठहर,"अध्यक्ष माननीय न्यायाधीश श्री टेक नारायण कुँवर
सदस्य माननीय न्यायाधीश श्री तेज नारायण सिंह राई
सदस्य माननीय न्यायाधीश श्री रितेन्द्र थापा",False
080-CR-0136,सफाई,"अध्यक्ष माननीय न्यायाधीश श्री टेक नारायण कुँवर
सदस्य माननीय न्यायाधीश श्री तेज नारायण सिंह राई
सदस्य माननीय न्यायाधीश श्री रितेन्द्र थापा",False
080-CR-0137,सफाई,"अध्यक्ष माननीय न्यायाधीश श्री टेक नारायण कुँवर
सदस्य माननीय न्यायाधीश श्री तेज नारायण सिंह राई
सदस्य माननीय न्यायाधीश श्री मुरारीबाबु श्रेष्ठ",False
080-CR-0138,आंशिक ठहर,"सदस्य माननीय न्यायाधीश डा. श्री खुशी प्रसाद थारु
सदस्य माननीय न्यायाधीश श्री राम बहादुर थापा
सदस्य माननीय न्यायाधीश श्री मुरारीबाबु श्रेष्ठ",False
080-CR-0139,सफाई,"सदस्य माननीय न्यायाधीश डा. श्री खुशी प्रसाद थारु
सदस्य माननीय न्यायाधीश श्री तेज नारायण सिंह राई
सदस्य माननीय न्यायाधीश श्री राम बहादुर थापा",False
080-CR-0140,ठहर,"सदस्य माननीय न्यायाधीश डा. श्री खुशी प्रसाद थारु
सदस्य माननीय न्यायाधीश श्री राम बहादुर थापा
सदस्य माननीय न्यायाधीश श्री मुरारीबाबु श्रेष्ठ",False
080-CR-0141,आंशिक ठहर,"अध्यक्ष माननीय न्यायाधीश श्री टेक नारायण कुँवर
सदस्य माननीय न्यायाधीश श्री रितेन्द्र थापा
सदस्य माननीय न्यायाधीश श्री विदुर कोइराला",False
080-CR-0142,ठहर,"सदस्य माननीय न्यायाधीश डा. श्री खुशी प्रसाद थारु
सदस्य माननीय न्यायाधीश श्री रितेन्द्र थापा",False
080-CR-0143,सफाई,"सदस्य माननीय न्यायाधीश डा. श्री खुशी प्रसाद थारु
सदस्य माननीय न्यायाधीश श्री राम बहादुर थापा
सदस्य माननीय न्यायाधीश श्री रितेन्द्र थापा",False
080-CR-0144,सफाई,"अध्यक्ष माननीय न्यायाधीश श्री टेक नारायण कुँवर
सदस्य माननीय न्यायाधीश श्री तेज नारायण सिंह राई
सदस्य माननीय न्यायाधीश श्री राम बहादुर थापा",False
080-CR-0145,आंशिक ठहर,"अध्यक्ष माननीय न्यायाधीश श्री टेक नारायण कुँवर
सदस्य माननीय न्यायाधीश श्री तेज नारायण सिंह राई
सदस्य माननीय न्यायाधीश श्री रितेन्द्र थापा",False
080-CR-0146,ठहर,"अध्यक्ष माननीय न्यायाधीश श्री टेक नारायण कुँवर
सदस्य माननीय न्यायाधीश श्री तेज नारायण सिंह राई
सदस्य माननीय न्यायाधीश श्री रितेन्द्र थापा",False
080-CR-0147,ठहर,"सदस्य माननीय न्यायाधीश डा. श्री खुशी प्रसाद थारु
सदस्य माननीय न्यायाधीश श्री तेज नारायण सिंह राई
सदस्य माननीय न्यायाधीश श्री मुरारीबाबु श्रेष्ठ",False
080-CR-0148,सफाई,"सदस्य माननीय न्यायाधीश डा. श्री खुशी प्रसाद थारु
सदस्य माननीय न्यायाधीश श्री तेज नारायण सिंह राई
सदस्य माननीय न्यायाधीश श्री रितेन्द्र थापा",False
080-CR-0149,सफाई,"सदस्य माननीय न्यायाधीश डा. श्री खुशी प्रसाद थारु
सदस्य माननीय न्यायाधीश श्री राम बहादुर थापा
सदस्य माननीय न्यायाधीश श्री रितेन्द्र थापा",False
080-CR-0150,आंशिक ठहर,"अध्यक्ष माननीय न्यायाधीश श्री टेक नारायण कुँवर
सदस्य माननीय न्यायाधीश श्री मुरारीबाबु श्रेष्ठ
सदस्य माननीय न्यायाधीश श्री विदुर कोइराला",False
080-CR-0151,सफाई,"सदस्य माननीय न्यायाधीश डा. श्री खुशी प्रसाद थारु
सदस्य माननीय न्यायाधीश श्री राम बहादुर थापा",False
080-CR-0152,ठहर,"अध्यक्ष माननीय न्यायाधीश श्री टेक नारायण कुँवर
सदस्य माननीय न्यायाधीश श्री राम बहादुर थापा
सदस्य माननीय न्यायाधीश श्री रितेन्द्र थापा",False
080-CR-0153,सफाई,"सदस्य माननीय न्यायाधीश डा. श्री खुशी प्रसाद थारु
सदस्य माननीय न्यायाधीश श्री तेज नारायण सिंह राई
सदस्य माननीय न्यायाधीश श्री रितेन्द्र थापा",False
080-CR-0154,ठहर,"सदस्य माननीय न्यायाधीश डा. श्री खुशी प्रसाद थारु
सदस्य माननीय न्यायाधीश श्री राम बहादुर थापा
सदस्य माननीय न्यायाधीश श्री मुरारीबाबु श्रेष्ठ",False
080-CR-0155,ठहर,"अध्यक्ष माननीय न्यायाधीश श्री टेक नारायण कुँवर
सदस्य माननीय न्यायाधीश श्री मुरारीबाबु श्रेष्ठ",False
080-CR-0156,सफाई,"अध्यक्ष माननीय न्यायाधीश श्री टेक नारायण कुँवर
सदस्य माननीय न्यायाधीश श्री तेज नारायण सिंह राई
सदस्य माननीय न्यायाधीश श्री मुरारीबाबु श्रेष्ठ",False
080-CR-0157,ठहर,"अध्यक्ष माननीय न्यायाधीश श्री टेक नारायण कुँवर
सदस्य माननीय न्यायाधीश श्री राम बहादुर थापा
सदस्य माननीय न्यायाधीश श्री रितेन्द्र थापा",False
080-CR-0158,आंशिक ठहर,"अध्यक्ष माननीय न्यायाधीश श्री सुदर्शनदेव भट्ट
सदस्य माननीय न्यायाधीश श्री हेमन्त रावल
सदस्य माननीय न्यायाधीश श्री डिल्लीरत्न श्रेष्ठ",False
080-CR-0159,ठहर,"सदस्य माननीय न्यायाधीश श्री तेज नारायण सिंह राई
सदस्य माननीय न्यायाधीश श्री राम बहादुर थापा
सदस्य माननीय न्यायाधीश श्री रितेन्द्र थापा",False
080-CR-0160,ठहर,"अध्यक्ष माननीय न्यायाधीश श्री टेक नारायण कुँवर
सदस्य माननीय न्यायाधीश श्री मुरारीबाबु श्रेष्ठ
सदस्य माननीय न्यायाधीश श्री रितेन्द्र थापा",False
080-CR-0161,सफाई,"सदस्य माननीय न्यायाधीश डा. श्री खुशी प्रसाद थारु
सदस्य माननीय न्यायाधीश श्री राम बहादुर थापा
सदस्य माननीय न्यायाधीश श्री रितेन्द्र थापा",False
080-CR-0162,सफाई,"सदस्य माननीय न्यायाधीश डा. श्री खुशी प्रसाद थारु
सदस्य माननीय न्यायाधीश श्री राम बहादुर थापा
सदस्य माननीय न्यायाधीश श्री रितेन्द्र थापा",False
080-CR-0163,सफाई,"सदस्य माननीय न्यायाधीश डा. श्री खुशी प्रसाद थारु
सदस्य माननीय न्यायाधीश श्री राम बहादुर थापा",False
080-CR-0164,आंशिक ठहर,"सदस्य माननीय न्यायाधीश डा. श्री खुशी प्रसाद थारु
सदस्य माननीय न्यायाधीश श्री राम बहादुर थापा
सदस्य माननीय न्यायाधीश श्री रितेन्द्र थापा",False
080-CR-0165,ठहर,"सदस्य माननीय न्यायाधीश डा. श्री खुशी प्रसाद थारु
सदस्य माननीय न्यायाधीश श्री राम बहादुर थापा
सदस्य माननीय न्यायाधीश श्री मुरारीबाबु श्रेष्ठ",False
080-CR-0166,ठहर,"अध्यक्ष माननीय न्यायाधीश श्री टेक नारायण कुँवर
सदस्य माननीय न्यायाधीश श्री तेज नारायण सिंह राई
सदस्य माननीय न्यायाधीश श्री रितेन्द्र थापा",False
080-CR-0167,ठहर,"सदस्य माननीय न्यायाधीश डा. श्री खुशी प्रसाद थारु
सदस्य माननीय न्यायाधीश श्री रितेन्द्र थापा",False
080-CR-0168,आंशिक ठहर,"सदस्य माननीय न्यायाधीश डा. श्री खुशी प्रसाद थारु
सदस्य माननीय न्यायाधीश श्री राम बहादुर थापा
सदस्य माननीय न्यायाधीश श्री मुरारीबाबु श्रेष्ठ",False
080-CR-0169,आंशिक ठहर,"सदस्य माननीय न्यायाधीश डा. श्री खुशी प्रसाद थारु
सदस्य माननीय न्यायाधीश श्री राम बहादुर थापा
सदस्य माननीय न्यायाधीश श्री रितेन्द्र थापा",False
080-CR-0170,ठहर,"अध्यक्ष माननीय न्यायाधीश श्री टेक नारायण कुँवर
सदस्य माननीय न्यायाधीश श्री राम बहादुर थापा
सदस्य माननीय न्यायाधीश श्री रितेन्द्र थापा",False
080-CR-0171,आंशिक ठहर,"अध्यक्ष माननीय न्यायाधीश श्री टेक नारायण कुँवर
सदस्य माननीय न्यायाधीश श्री राम बहादुर थापा",False
080-CR-0172,आंशिक ठहर,"अध्यक्ष माननीय न्यायाधीश श्री टेक नारायण कुँवर
सदस्य माननीय न्यायाधीश श्री तेज नारायण सिंह राई
सदस्य माननीय न्यायाधीश श्री राम बहादुर थापा",False
080-CR-0173,ठहर,"अध्यक्ष माननीय न्यायाधीश श्री टेक नारायण कुँवर
सदस्य माननीय न्यायाधीश श्री मुरारीबाबु श्रेष्ठ
सदस्य माननीय न्यायाधीश श्री विदुर कोइराला",False
080-CR-0175,आंशिक ठहर,"सदस्य माननीय न्यायाधीश श्री राम बहादुर थापा
सदस्य माननीय न्यायाधीश श्री मुरारीबाबु श्रेष्ठ",False
080-CR-0176,सफाई,"अध्यक्ष माननीय न्यायाधीश श्री टेक नारायण कुँवर
सदस्य माननीय न्यायाधीश श्री राम बहादुर थापा
सदस्य माननीय न्यायाधीश श्री मुरारीबाबु श्रेष्ठ",False
080-CR-0177,ठहर,"सदस्य माननीय न्यायाधीश डा. श्री खुशी प्रसाद थारु
सदस्य माननीय न्यायाधीश श्री राम बहादुर थापा
सदस्य माननीय न्यायाधीश श्री मुरारीबाबु श्रेष्ठ",False
080-CR-0178,ठहर,"अध्यक्ष माननीय न्यायाधीश श्री टेक नारायण कुँवर
सदस्य माननीय न्यायाधीश श्री राम बहादुर थापा
सदस्य माननीय न्यायाधीश श्री मुरारीबाबु श्रेष्ठ",False
080-CR-0179,आंशिक ठहर,"सदस्य माननीय न्यायाधीश डा. श्री खुशी प्रसाद थारु
सदस्य माननीय न्यायाधीश श्री तेज नारायण सिंह राई
सदस्य माननीय न्यायाधीश श्री राम बहादुर थापा",False
080-CR-0180,सफाई,"सदस्य माननीय न्यायाधीश डा. श्री खुशी प्रसाद थारु
सदस्य माननीय न्यायाधीश श्री तेज नारायण सिंह राई
सदस्य माननीय न्यायाधीश श्री मुरारीबाबु श्रेष्ठ",False
080-CR-0181,सफाई,"अध्यक्ष माननीय न्यायाधीश श्री टेक नारायण कुँवर
सदस्य माननीय न्यायाधीश श्री तेज नारायण सिंह राई
सदस्य माननीय न्यायाधीश श्री रितेन्द्र थापा",False
080-CR-0182,सफाई,"अध्यक्ष माननीय न्यायाधीश श्री टेक नारायण कुँवर
सदस्य माननीय न्यायाधीश श्री तेज नारायण सिंह राई
सदस्य माननीय न्यायाधीश श्री रितेन्द्र थापा",False
080-CR-0183,सफाई,"अध्यक्ष माननीय न्यायाधीश श्री टेक नारायण कुँवर
सदस्य माननीय न्यायाधीश श्री तेज नारायण सिंह राई
सदस्य माननीय न्यायाधीश श्री रितेन्द्र थापा",False
080-CR-0184,सफाई,"अध्यक्ष माननीय न्यायाधीश श्री टेक नारायण कुँवर
सदस्य माननीय न्यायाधीश श्री तेज नारायण सिंह राई
सदस्य माननीय न्यायाधीश श्री रितेन्द्र थापा",False
080-CR-0185,सफाई,"अध्यक्ष माननीय न्यायाधीश श्री टेक नारायण कुँवर
सदस्य माननीय न्यायाधीश श्री तेज नारायण सिंह राई
सदस्य माननीय न्यायाधीश श्री रितेन्द्र थापा",False
080-CR-0186,ठहर,"अध्यक्ष माननीय न्यायाधीश श्री टेक नारायण कुँवर
सदस्य माननीय न्यायाधीश श्री तेज नारायण सिंह राई
सदस्य माननीय न्यायाधीश श्री मुरारीबाबु श्रेष्ठ",False
080-CR-0187,ठहर,"सदस्य माननीय न्यायाधीश श्री तेज नारायण सिंह राई
सदस्य माननीय न्यायाधीश श्री रितेन्द्र थापा
सदस्य माननीय न्यायाधीश श्री विदुर कोइराला",False
080-CR-0188,सफाई,"सदस्य माननीय न्यायाधीश डा. श्री खुशी प्रसाद थारु
सदस्य माननीय न्यायाधीश श्री तेज नारायण सिंह राई
सदस्य माननीय न्यायाधीश श्री राम बहादुर थापा",False
080-CR-0189,ठहर,"अध्यक्ष माननीय न्यायाधीश श्री टेक नारायण कुँवर
सदस्य माननीय न्यायाधीश श्री तेज नारायण सिंह राई",False
080-CR-0190,ठहर,"अध्यक्ष माननीय न्यायाधीश श्री टेक नारायण कुँवर
सदस्य माननीय न्यायाधीश श्री मुरारीबाबु श्रेष्ठ
सदस्य माननीय न्यायाधीश श्री विदुर कोइराला",False
080-CR-0191,ठहर,"सदस्य माननीय न्यायाधीश श्री तेज नारायण सिंह राई
सदस्य माननीय न्यायाधीश श्री रितेन्द्र थापा",False
080-CR-0192,आंशिक ठहर,"अध्यक्ष माननीय न्यायाधीश श्री टेक नारायण कुँवर
सदस्य माननीय न्यायाधीश श्री राम बहादुर थापा
सदस्य माननीय न्यायाधीश श्री रितेन्द्र थापा",False
080-CR-0193,सफाई,"सदस्य माननीय न्यायाधीश डा. श्री खुशी प्रसाद थारु
सदस्य माननीय न्यायाधीश श्री तेज नारायण सिंह राई
सदस्य माननीय न्यायाधीश श्री राम बहादुर थापा",False
080-CR-0194,ठहर,"अध्यक्ष माननीय न्यायाधीश श्री टेक नारायण कुँवर
सदस्य माननीय न्यायाधीश श्री राम बहादुर थापा
सदस्य माननीय न्यायाधीश श्री रितेन्द्र थापा",False
080-CR-0195,आंशिक ठहर,"अध्यक्ष माननीय न्यायाधीश श्री टेक नारायण कुँवर
सदस्य माननीय न्यायाधीश श्री रितेन्द्र थापा",False
080-CR-0196,आंशिक ठहर,"अध्यक्ष माननीय न्यायाधीश श्री टेक नारायण कुँवर
सदस्य माननीय न्यायाधीश डा. श्री खुशी प्रसाद थारु
सदस्य माननीय न्यायाधीश श्री रितेन्द्र थापा",False
080-CR-0197,सफाई,सदस्य माननीय न्यायाधीश श्री रितेन्द्र थापा,False
080-CR-0198,ठहर,"अध्यक्ष माननीय न्यायाधीश श्री टेक नारायण कुँवर
सदस्य माननीय न्यायाधीश श्री तेज नारायण सिंह राई
सदस्य माननीय न्यायाधीश श्री मुरारीबाबु श्रेष्ठ",False
080-CR-0199,ठहर,"सदस्य माननीय न्यायाधीश डा. श्री खुशी प्रसाद थारु
सदस्य माननीय न्यायाधीश श्री राम बहादुर थापा",False
080-CR-0200,ठहर,"सदस्य माननीय न्यायाधीश श्री राम बहादुर थापा
सदस्य माननीय न्यायाधीश श्री मुरारीबाबु श्रेष्ठ",False
080-CR-0201,ठहर,"अध्यक्ष माननीय न्यायाधीश श्री टेक नारायण कुँवर
सदस्य माननीय न्यायाधीश श्री राम बहादुर थापा
सदस्य माननीय न्यायाधीश श्री रितेन्द्र थापा",False
080-CR-0202,ठहर,"अध्यक्ष माननीय न्यायाधीश श्री टेक नारायण कुँवर
सदस्य माननीय न्यायाधीश श्री राम बहादुर थापा
सदस्य माननीय न्यायाधीश श्री रितेन्द्र थापा",False
080-CR-0203,ठहर,"सदस्य माननीय न्यायाधीश डा. श्री खुशी प्रसाद थारु
सदस्य माननीय न्यायाधीश श्री तेज नारायण सिंह राई
सदस्य माननीय न्यायाधीश श्री मुरारीबाबु श्रेष्ठ",False
080-CR-0204,सफाई,"सदस्य माननीय न्यायाधीश डा. श्री खुशी प्रसाद थारु
सदस्य माननीय न्यायाधीश श्री तेज नारायण सिंह राई
सदस्य माननीय न्यायाधीश श्री मुरारीबाबु श्रेष्ठ",False
080-CR-0205,ठहर,"अध्यक्ष माननीय न्यायाधीश श्री टेक नारायण कुँवर
सदस्य माननीय न्यायाधीश श्री राम बहादुर थापा
सदस्य माननीय न्यायाधीश श्री रितेन्द्र थापा",False
080-CR-0206,सफाई,"सदस्य माननीय न्यायाधीश श्री राम बहादुर थापा
सदस्य माननीय न्यायाधीश श्री विदुर कोइराला",False
080-CR-0207,सफाई,"सदस्य माननीय न्यायाधीश डा. श्री खुशी प्रसाद थारु
सदस्य माननीय न्यायाधीश श्री राम बहादुर थापा
सदस्य माननीय न्यायाधीश श्री मुरारीबाबु श्रेष्ठ",False
080-CR-0208,ठहर,"अध्यक्ष माननीय न्यायाधीश श्री टेक नारायण कुँवर
सदस्य माननीय न्यायाधीश श्री मुरारीबाबु श्रेष्ठ
सदस्य माननीय न्यायाधीश श्री रितेन्द्र थापा",False
080-CR-0209,सफाई,"सदस्य माननीय न्यायाधीश डा. श्री खुशी प्रसाद थारु
सदस्य माननीय न्यायाधीश श्री राम बहादुर थापा
सदस्य माननीय न्यायाधीश श्री मुरारीबाबु श्रेष्ठ",False
080-CR-0210,आंशिक ठहर,"अध्यक्ष माननीय न्यायाधीश श्री टेक नारायण कुँवर
सदस्य माननीय न्यायाधीश श्री तेज नारायण सिंह राई
सदस्य माननीय न्यायाधीश श्री राम बहादुर थापा",False
080-CR-0211,सफाई,"सदस्य माननीय न्यायाधीश श्री तेज नारायण सिंह राई
सदस्य माननीय न्यायाधीश श्री मुरारीबाबु श्रेष्ठ",False
080-CR-0212,ठहर,"अध्यक्ष माननीय न्यायाधीश श्री टेक नारायण कुँवर
सदस्य माननीय न्यायाधीश श्री राम बहादुर थापा
सदस्य माननीय न्यायाधीश श्री रितेन्द्र थापा",False
080-CR-0213,ठहर,"सदस्य माननीय न्यायाधीश श्री तेज नारायण सिंह राई
सदस्य माननीय न्यायाधीश श्री मुरारीबाबु श्रेष्ठ",False
080-CR-0214,ठहर,"अध्यक्ष माननीय न्यायाधीश श्री टेक नारायण कुँवर
सदस्य माननीय न्यायाधीश श्री मुरारीबाबु श्रेष्ठ
सदस्य माननीय न्यायाधीश श्री रितेन्द्र थापा",False
080-CR-0215,ठहर,"सदस्य माननीय न्यायाधीश डा. श्री खुशी प्रसाद थारु
सदस्य माननीय न्यायाधीश श्री राम बहादुर थापा
सदस्य माननीय न्यायाधीश श्री मुरारीबाबु श्रेष्ठ",False
080-CR-0216,ठहर,"अध्यक्ष माननीय न्यायाधीश श्री टेक नारायण कुँवर
सदस्य माननीय न्यायाधीश श्री तेज नारायण सिंह राई
सदस्य माननीय न्यायाधीश श्री रितेन्द्र थापा",False
081-CR-0001,ठहर,"सदस्य माननीय न्यायाधीश डा. श्री खुशी प्रसाद थारु
सदस्य माननीय न्यायाधीश श्री राम बहादुर थापा
सदस्य माननीय न्यायाधीश श्री मुरारीबाबु श्रेष्ठ",False
081-CR-0002,आंशिक ठहर,"सदस्य माननीय न्यायाधीश डा. श्री खुशी प्रसाद थारु
सदस्य माननीय न्यायाधीश श्री राम बहादुर थापा",False
081-CR-0003,आंशिक ठहर,"सदस्य माननीय न्यायाधीश श्री तेज नारायण सिंह राई
सदस्य माननीय न्यायाधीश श्री रितेन्द्र थापा",False
081-CR-0004,सफाई,"सदस्य माननीय न्यायाधीश डा. श्री खुशी प्रसाद थारु
सदस्य माननीय न्यायाधीश श्री रितेन्द्र थापा",False
081-CR-0005,आंशिक ठहर,"अध्यक्ष माननीय न्यायाधीश श्री टेक नारायण कुँवर
सदस्य माननीय न्यायाधीश श्री तेज नारायण सिंह राई
सदस्य माननीय न्यायाधीश श्री रितेन्द्र थापा",False
081-CR-0007,ठहर,"अध्यक्ष माननीय न्यायाधीश श्री टेक नारायण कुँवर
सदस्य माननीय न्यायाधीश श्री राम बहादुर थापा
सदस्य माननीय न्यायाधीश श्री मुरारीबाबु श्रेष्ठ",False
081-CR-0008,सफाई,"अध्यक्ष माननीय न्यायाधीश श्री टेक नारायण कुँवर
सदस्य माननीय न्यायाधीश श्री मुरारीबाबु श्रेष्ठ
सदस्य माननीय न्यायाधीश श्री रितेन्द्र थापा",False
081-CR-0009,ठहर,"अध्यक्ष माननीय न्यायाधीश श्री टेक नारायण कुँवर
सदस्य माननीय न्यायाधीश श्री तेज नारायण सिंह राई
सदस्य माननीय न्यायाधीश श्री राम बहादुर थापा",False
081-CR-0010,ठहर,"अध्यक्ष माननीय न्यायाधीश श्री टेक नारायण कुँवर
सदस्य माननीय न्यायाधीश श्री राम बहादुर थापा
सदस्य माननीय न्यायाधीश श्री मुरारीबाबु श्रेष्ठ",False
081-CR-0011,ठहर,"सदस्य माननीय न्यायाधीश डा. श्री खुशी प्रसाद थारु
सदस्य माननीय न्यायाधीश श्री राम बहादुर थापा
सदस्य माननीय न्यायाधीश श्री मुरारीबाबु श्रेष्ठ",False
081-CR-0012,ठहर,"अध्यक्ष माननीय न्यायाधीश श्री टेक नारायण कुँवर
सदस्य माननीय न्यायाधीश श्री राम बहादुर थापा
सदस्य माननीय न्यायाधीश श्री मुरारीबाबु श्रेष्ठ",False
081-CR-0013,ठहर,"सदस्य माननीय न्यायाधीश श्री तेज नारायण सिंह राई
सदस्य माननीय न्यायाधीश श्री मुरारीबाबु श्रेष्ठ",False
081-CR-0014,आंशिक ठहर,"सदस्य माननीय न्यायाधीश श्री तेज नारायण सिंह राई
सदस्य माननीय न्यायाधीश श्री मुरारीबाबु श्रेष्ठ
सदस्य माननीय न्यायाधीश श्री रितेन्द्र थापा",False
081-CR-0015,ठहर,"सदस्य माननीय न्यायाधीश डा. श्री खुशी प्रसाद थारु
सदस्य माननीय न्यायाधीश श्री राम बहादुर थापा
सदस्य माननीय न्यायाधीश श्री मुरारीबाबु श्रेष्ठ",False
081-CR-0016,सफाई,"सदस्य माननीय न्यायाधीश श्री नारायणप्रसाद पौडेल
सदस्य माननीय न्यायाधीश श्री विदुर कोइराला",False
081-CR-0017,सफाई,"अध्यक्ष माननीय न्यायाधीश श्री टेक नारायण कुँवर
सदस्य माननीय न्यायाधीश श्री मुरारीबाबु श्रेष्ठ
सदस्य माननीय न्यायाधीश श्री रितेन्द्र थापा",False
081-CR-0018,सफाई,"सदस्य माननीय न्यायाधीश श्री तेज नारायण सिंह राई
सदस्य माननीय न्यायाधीश श्री राम बहादुर थापा
सदस्य माननीय न्यायाधीश श्री विदुर कोइराला",False
081-CR-0019,ठहर,"अध्यक्ष माननीय न्यायाधीश श्री टेक नारायण कुँवर
सदस्य माननीय न्यायाधीश श्री राम बहादुर थापा
सदस्य माननीय न्यायाधीश श्री रितेन्द्र थापा",False
081-CR-0020,ठहर,"अध्यक्ष माननीय न्यायाधीश श्री टेक नारायण कुँवर
सदस्य माननीय न्यायाधीश श्री तेज नारायण सिंह राई
सदस्य माननीय न्यायाधीश श्री मुरारीबाबु श्रेष्ठ",False
081-CR-0021,सफाई,"अध्यक्ष माननीय न्यायाधीश श्री टेक नारायण कुँवर
सदस्य माननीय न्यायाधीश श्री मुरारीबाबु श्रेष्ठ
सदस्य माननीय न्यायाधीश श्री रितेन्द्र थापा",False
081-CR-0023,ठहर,"सदस्य माननीय न्यायाधीश श्री तेज नारायण सिंह राई
सदस्य माननीय न्यायाधीश श्री रितेन्द्र थापा",False
081-CR-0024,ठहर,"सदस्य माननीय न्यायाधीश श्री नारायणप्रसाद पौडेल
सदस्य माननीय न्यायाधीश श्री उमेश कोइराला",False
081-CR-0025,ठहर,"सदस्य माननीय न्यायाधीश श्री राम बहादुर थापा
सदस्य माननीय न्यायाधीश श्री मुरारीबाबु श्रेष्ठ",False
081-CR-0026,सफाई,"अध्यक्ष माननीय न्यायाधीश श्री टेक नारायण कुँवर
सदस्य माननीय न्यायाधीश श्री मुरारीबाबु श्रेष्ठ
सदस्य माननीय न्यायाधीश श्री रितेन्द्र थापा",False
081-CR-0027,आंशिक ठहर,"सदस्य माननीय न्यायाधीश श्री राम बहादुर थापा
सदस्य माननीय न्यायाधीश श्री मुरारीबाबु श्रेष्ठ",False
081-CR-0028,आंशिक ठहर,"अध्यक्ष माननीय न्यायाधीश श्री टेक नारायण कुँवर
सदस्य माननीय न्यायाधीश श्री तेज नारायण सिंह राई
सदस्य माननीय न्यायाधीश श्री रितेन्द्र थापा",False
081-CR-0029,ठहर,"अध्यक्ष माननीय न्यायाधीश श्री टेक नारायण कुँवर
सदस्य माननीय न्यायाधीश श्री तेज नारायण सिंह राई
सदस्य माननीय न्यायाधीश श्री मुरारीबाबु श्रेष्ठ",False
081-CR-0030,ठहर,"अध्यक्ष माननीय न्यायाधीश श्री टेक नारायण कुँवर
सदस्य माननीय न्यायाधीश श्री तेज नारायण सिंह राई
सदस्य माननीय न्यायाधीश श्री राम बहादुर थापा",False
081-CR-0031,ठहर,"सदस्य माननीय न्यायाधीश डा. श्री खुशी प्रसाद थारु
सदस्य माननीय न्यायाधीश श्री राम बहादुर थापा
सदस्य माननीय न्यायाधीश श्री रितेन्द्र थापा",False
081-CR-0032,ठहर,"अध्यक्ष माननीय न्यायाधीश श्री टेक नारायण कुँवर
सदस्य माननीय न्यायाधीश श्री राम बहादुर थापा
सदस्य माननीय न्यायाधीश श्री रितेन्द्र थापा",False
081-CR-0033,सफाई,"अध्यक्ष माननीय न्यायाधीश श्री टेक नारायण कुँवर
सदस्य माननीय न्यायाधीश श्री राम बहादुर थापा
सदस्य माननीय न्यायाधीश श्री विदुर कोइराला",False
081-CR-0034,सफाई,"सदस्य माननीय न्यायाधीश श्री तेज नारायण सिंह राई
सदस्य माननीय न्यायाधीश श्री राम बहादुर थापा
सदस्य माननीय न्यायाधीश श्री रितेन्द्र थापा",False
081-CR-0035,ठहर,"अध्यक्ष माननीय न्यायाधीश श्री टेक नारायण कुँवर
सदस्य माननीय न्यायाधीश श्री राम बहादुर थापा",False
081-CR-0036,सफाई,"सदस्य माननीय न्यायाधीश श्री तेज नारायण सिंह राई
सदस्य माननीय न्यायाधीश श्री राम बहादुर थापा
सदस्य माननीय न्यायाधीश श्री मुरारीबाबु श्रेष्ठ",False
081-CR-0037,ठहर,"सदस्य माननीय न्यायाधीश श्री तेज नारायण सिंह राई
सदस्य माननीय न्यायाधीश श्री मुरारीबाबु श्रेष्ठ",False
081-CR-0038,आंशिक ठहर,"सदस्य माननीय न्यायाधीश श्री राम बहादुर थापा
सदस्य माननीय न्यायाधीश श्री रितेन्द्र थापा",False
081-CR-0041,ठहर,"अध्यक्ष माननीय न्यायाधीश श्री टेक नारायण कुँवर
सदस्य माननीय न्यायाधीश श्री मुरारीबाबु श्रेष्ठ
सदस्य माननीय न्यायाधीश श्री विदुर कोइराला",False
081-CR-0042,सफाई,"अध्यक्ष माननीय न्यायाधीश श्री टेक नारायण कुँवर
सदस्य माननीय न्यायाधीश श्री राम बहादुर थापा
सदस्य माननीय न्यायाधीश श्री मुरारीबाबु श्रेष्ठ",False
081-CR-0043,ठहर,"सदस्य माननीय न्यायाधीश श्री तेज नारायण सिंह राई
सदस्य माननीय न्यायाधीश श्री राम बहादुर थापा
सदस्य माननीय न्यायाधीश श्री मुरारीबाबु श्रेष्ठ",False
081-CR-0044,ठहर,"अध्यक्ष माननीय न्यायाधीश श्री टेक नारायण कुँवर
सदस्य माननीय न्यायाधीश श्री राम बहादुर थापा",False
081-CR-0045,ठहर,"अध्यक्ष माननीय न्यायाधीश श्री टेक नारायण कुँवर
सदस्य माननीय न्यायाधीश श्री राम बहादुर थापा
सदस्य माननीय न्यायाधीश श्री मुरारीबाबु श्रेष्ठ",False
081-CR-0046,आंशिक ठहर,"अध्यक्ष माननीय न्यायाधीश श्री टेक नारायण कुँवर
सदस्य माननीय न्यायाधीश श्री राम बहादुर थापा
सदस्य माननीय न्यायाधीश श्री रितेन्द्र थापा",False
081-CR-0047,आंशिक ठहर,"सदस्य माननीय न्यायाधीश श्री राम बहादुर थापा
सदस्य माननीय न्यायाधीश श्री मुरारीबाबु श्रेष्ठ
सदस्य माननीय न्यायाधीश श्री रितेन्द्र थापा",False
081-CR-0049,सफाई,"अध्यक्ष माननीय न्यायाधीश श्री टेक नारायण कुँवर
सदस्य माननीय न्यायाधीश श्री मुरारीबाबु श्रेष्ठ
सदस्य माननीय न्यायाधीश श्री रितेन्द्र थापा",False
081-CR-0050,ठहर,"सदस्य माननीय न्यायाधीश श्री तेज नारायण सिंह राई
सदस्य माननीय न्यायाधीश श्री मुरारीबाबु श्रेष्ठ
सदस्य माननीय न्यायाधीश श्री रितेन्द्र थापा",False
081-CR-0051,सफाई,"अध्यक्ष माननीय न्यायाधीश श्री टेक नारायण कुँवर
सदस्य माननीय न्यायाधीश श्री मुरारीबाबु श्रेष्ठ
सदस्य माननीय न्यायाधीश श्री रितेन्द्र थापा",False
081-CR-0052,ठहर,"अध्यक्ष माननीय न्यायाधीश श्री टेक नारायण कुँवर
सदस्य माननीय न्यायाधीश श्री तेज नारायण सिंह राई
सदस्य माननीय न्यायाधीश श्री मुरारीबाबु श्रेष्ठ",False
081-CR-0053,सफाई,"अध्यक्ष माननीय न्यायाधीश श्री टेक नारायण कुँवर
सदस्य माननीय न्यायाधीश श्री तेज नारायण सिंह राई
सदस्य माननीय न्यायाधीश श्री राम बहादुर थापा",False
081-CR-0054,आंशिक ठहर,"सदस्य माननीय न्यायाधीश श्री तेज नारायण सिंह राई
सदस्य माननीय न्यायाधीश श्री मुरारीबाबु श्रेष्ठ",False
081-CR-0055,आंशिक ठहर,"सदस्य माननीय न्यायाधीश श्री तेज नारायण सिंह राई
सदस्य माननीय न्यायाधीश श्री मुरारीबाबु श्रेष्ठ
सदस्य माननीय न्यायाधीश श्री विदुर कोइराला",False
081-CR-0056,आंशिक ठहर,"सदस्य माननीय न्यायाधीश श्री तेज नारायण सिंह राई
सदस्य माननीय न्यायाधीश श्री मुरारीबाबु श्रेष्ठ
सदस्य माननीय न्यायाधीश श्री विदुर कोइराला",False
081-CR-0057,ठहर,"अध्यक्ष माननीय न्यायाधीश श्री टेक नारायण कुँवर
सदस्य माननीय न्यायाधीश श्री तेज नारायण सिंह राई
सदस्य माननीय न्यायाधीश श्री रितेन्द्र थापा",False
081-CR-0058,ठहर,"अध्यक्ष माननीय न्यायाधीश श्री सुदर्शनदेव भट्ट
सदस्य माननीय न्यायाधीश श्री हेमन्त रावल
सदस्य माननीय न्यायाधीश श्री डिल्लीरत्न श्रेष्ठ",False
081-CR-0059,सफाई,"सदस्य माननीय न्यायाधीश श्री तेज नारायण सिंह राई
सदस्य माननीय न्यायाधीश श्री मुरारीबाबु श्रेष्ठ
सदस्य माननीय न्यायाधीश श्री विदुर कोइराला",False
081-CR-0060,सफाई,"अध्यक्ष माननीय न्यायाधीश श्री टेक नारायण कुँवर
सदस्य माननीय न्यायाधीश श्री राम बहादुर थापा",False
081-CR-0061,ठहर,"अध्यक्ष माननीय न्यायाधीश श्री टेक नारायण कुँवर
सदस्य माननीय न्यायाधीश श्री तेज नारायण सिंह राई
सदस्य माननीय न्यायाधीश श्री राम बहादुर थापा",False
081-CR-0062,आंशिक ठहर,"अध्यक्ष माननीय न्यायाधीश श्री टेक नारायण कुँवर
सदस्य माननीय न्यायाधीश श्री राम बहादुर थापा
सदस्य माननीय न्यायाधीश श्री विदुर कोइराला",False
081-CR-0063,ठहर,"अध्यक्ष माननीय न्यायाधीश श्री टेक नारायण कुँवर
सदस्य माननीय न्यायाधीश श्री राम बहादुर थापा
सदस्य माननीय न्यायाधीश श्री रितेन्द्र थापा",False
081-CR-0064,ठहर,"अध्यक्ष माननीय न्यायाधीश श्री टेक नारायण कुँवर
सदस्य माननीय न्यायाधीश श्री तेज नारायण सिंह राई
सदस्य माननीय न्यायाधीश श्री मुरारीबाबु श्रेष्ठ",False
081-CR-0065,सफाई,"सदस्य माननीय न्यायाधीश श्री राम बहादुर थापा
सदस्य माननीय न्यायाधीश श्री रितेन्द्र थापा",False
081-CR-0066,सफाई,"सदस्य माननीय न्यायाधीश श्री नारायणप्रसाद पौडेल
सदस्य माननीय न्यायाधीश श्री उमेश कोइराला
सदस्य माननीय न्यायाधीश श्री विदुर कोइराला",False
081-CR-0067,आंशिक ठहर,सदस्य माननीय न्यायाधीश श्री तेज नारायण सिंह राई सदस्य माननीय न्यायाधीश श्री राम बहादुर थापा,True
081-CR-0068,सफाई,"सदस्य माननीय न्यायाधीश श्री नारायणप्रसाद पौडेल
सदस्य माननीय न्यायाधीश श्री उमेश कोइराला
सदस्य माननीय न्यायाधीश श्री विदुर कोइराला",False
081-CR-0069,सफाई,"सदस्य माननीय न्यायाधीश श्री तेज नारायण सिंह राई
सदस्य माननीय न्यायाधीश श्री मुरारीबाबु श्रेष्ठ",False
081-CR-0070,ठहर,"अध्यक्ष माननीय न्यायाधीश श्री सुदर्शनदेव भट्ट
सदस्य माननीय न्यायाधीश श्री हेमन्त रावल
सदस्य माननीय न्यायाधीश श्री विदुर कोइराला",False
081-CR-0071,सफाई,"सदस्य माननीय न्यायाधीश श्री तेज नारायण सिंह राई
सदस्य माननीय न्यायाधीश श्री मुरारीबाबु श्रेष्ठ",False
081-CR-0072,ठहर,"सदस्य माननीय न्यायाधीश श्री तेज नारायण सिंह राई
सदस्य माननीय न्यायाधीश श्री राम बहादुर थापा
सदस्य माननीय न्यायाधीश श्री रितेन्द्र थापा",False
081-CR-0073,सफाई,"सदस्य माननीय न्यायाधीश श्री तेज नारायण सिंह राई
सदस्य माननीय न्यायाधीश श्री राम बहादुर थापा
सदस्य माननीय न्यायाधीश श्री विदुर कोइराला",False
081-CR-0074,ठहर,"सदस्य माननीय न्यायाधीश श्री नारायणप्रसाद पौडेल
सदस्य माननीय न्यायाधीश श्री डिल्लीरत्न श्रेष्ठ",False
081-CR-0075,सफाई,"अध्यक्ष माननीय न्यायाधीश श्री टेक नारायण कुँवर
सदस्य माननीय न्यायाधीश श्री मुरारीबाबु श्रेष्ठ
सदस्य माननीय न्यायाधीश श्री रितेन्द्र थापा",False
081-CR-0076,आंशिक ठहर,"अध्यक्ष माननीय न्यायाधीश श्री सुदर्शनदेव भट्ट
सदस्य माननीय न्यायाधीश श्री उमेश कोइराला
सदस्य माननीय न्यायाधीश श्री विदुर कोइराला",False
081-CR-0077,ठहर,"सदस्य माननीय न्यायाधीश श्री नारायणप्रसाद पौडेल
सदस्य माननीय न्यायाधीश श्री डिल्लीरत्न श्रेष्ठ
सदस्य माननीय न्यायाधीश श्री विदुर कोइराला",False
081-CR-0078,आंशिक ठहर,"अध्यक्ष माननीय न्यायाधीश श्री टेक नारायण कुँवर
सदस्य माननीय न्यायाधीश श्री राम बहादुर थापा
सदस्य माननीय न्यायाधीश श्री रितेन्द्र थापा",False
081-CR-0079,सफाई,"अध्यक्ष माननीय न्यायाधीश श्री सुदर्शनदेव भट्ट
सदस्य माननीय न्यायाधीश श्री हेमन्त रावल
सदस्य माननीय न्यायाधीश श्री डिल्लीरत्न श्रेष्ठ",False
081-CR-0080,आंशिक ठहर,"अध्यक्ष माननीय न्यायाधीश श्री सुदर्शनदेव भट्ट
सदस्य माननीय न्यायाधीश श्री हेमन्त रावल
सदस्य माननीय न्यायाधीश श्री डिल्लीरत्न श्रेष्ठ",False
081-CR-0081,सफाई,"अध्यक्ष माननीय न्यायाधीश श्री सुदर्शनदेव भट्ट
सदस्य माननीय न्यायाधीश श्री हेमन्त रावल
सदस्य माननीय न्यायाधीश श्री डिल्लीरत्न श्रेष्ठ",False
081-CR-0082,आंशिक ठहर,"अध्यक्ष माननीय न्यायाधीश श्री सुदर्शनदेव भट्ट
सदस्य माननीय न्यायाधीश श्री हेमन्त रावल
सदस्य माननीय न्यायाधीश श्री डिल्लीरत्न श्रेष्ठ",False
081-CR-0083,सफाई,"अध्यक्ष माननीय न्यायाधीश श्री सुदर्शनदेव भट्ट
सदस्य माननीय न्यायाधीश श्री डिल्लीरत्न श्रेष्ठ
सदस्य माननीय न्यायाधीश श्री विदुर कोइराला",False
081-CR-0084,ठहर,"सदस्य माननीय न्यायाधीश श्री तेज नारायण सिंह राई
सदस्य माननीय न्यायाधीश श्री राम बहादुर थापा",False
081-CR-0085,ठहर,"सदस्य माननीय न्यायाधीश श्री तेज नारायण सिंह राई
सदस्य माननीय न्यायाधीश श्री राम बहादुर थापा
सदस्य माननीय न्यायाधीश श्री विदुर कोइराला",False
081-CR-0086,सफाई,"सदस्य माननीय न्यायाधीश श्री नारायणप्रसाद पौडेल
सदस्य माननीय न्यायाधीश श्री विदुर कोइराला",False
081-CR-0087,सफाई,"अध्यक्ष माननीय न्यायाधीश श्री सुदर्शनदेव भट्ट
सदस्य माननीय न्यायाधीश श्री डिल्लीरत्न श्रेष्ठ
सदस्य माननीय न्यायाधीश श्री विदुर कोइराला",False
081-CR-0088,आंशिक ठहर,"सदस्य माननीय न्यायाधीश श्री नारायणप्रसाद पौडेल
सदस्य माननीय न्यायाधीश श्री डिल्लीरत्न श्रेष्ठ
सदस्य माननीय न्यायाधीश श्री उमेश कोइराला",False
081-CR-0089,ठहर,"सदस्य माननीय न्यायाधीश श्री तेज नारायण सिंह राई
सदस्य माननीय न्यायाधीश श्री राम बहादुर थापा
सदस्य माननीय न्यायाधीश श्री विदुर कोइराला",False
081-CR-0091,आंशिक ठहर,"अध्यक्ष माननीय न्यायाधीश श्री सुदर्शनदेव भट्ट
सदस्य माननीय न्यायाधीश श्री हेमन्त रावल
सदस्य माननीय न्यायाधीश श्री विदुर कोइराला",False
081-CR-0092,सफाई,"सदस्य माननीय न्यायाधीश श्री तेज नारायण सिंह राई
सदस्य माननीय न्यायाधीश श्री मुरारीबाबु श्रेष्ठ",False
081-CR-0093,सफाई,"सदस्य माननीय न्यायाधीश श्री नारायणप्रसाद पौडेल
सदस्य माननीय न्यायाधीश श्री उमेश कोइराला
सदस्य माननीय न्यायाधीश श्री विदुर कोइराला",False
081-CR-0094,आंशिक ठहर,"सदस्य माननीय न्यायाधीश श्री नारायणप्रसाद पौडेल
सदस्य माननीय न्यायाधीश श्री डिल्लीरत्न श्रेष्ठ
सदस्य माननीय न्यायाधीश श्री उमेश कोइराला",False
081-CR-0095,आंशिक ठहर,"सदस्य माननीय न्यायाधीश श्री हेमन्त रावल
सदस्य माननीय न्यायाधीश श्री डिल्लीरत्न श्रेष्ठ
सदस्य माननीय न्यायाधीश श्री उमेश कोइराला",False
081-CR-0096,आंशिक ठहर,"अध्यक्ष माननीय न्यायाधीश श्री सुदर्शनदेव भट्ट
सदस्य माननीय न्यायाधीश श्री हेमन्त रावल
सदस्य माननीय न्यायाधीश श्री विदुर कोइराला",False
081-CR-0098,सफाई,"अध्यक्ष माननीय न्यायाधीश श्री सुदर्शनदेव भट्ट
सदस्य माननीय न्यायाधीश श्री हेमन्त रावल
सदस्य माननीय न्यायाधीश श्री डिल्लीरत्न श्रेष्ठ",False
081-CR-0099,सफाई,"अध्यक्ष माननीय न्यायाधीश श्री सुदर्शनदेव भट्ट
सदस्य माननीय न्यायाधीश श्री डिल्लीरत्न श्रेष्ठ
सदस्य माननीय न्यायाधीश श्री उमेश कोइराला",False
081-CR-0100,ठहर,"सदस्य माननीय न्यायाधीश श्री तेज नारायण सिंह राई
सदस्य माननीय न्यायाधीश श्री मुरारीबाबु श्रेष्ठ
सदस्य माननीय न्यायाधीश श्री रितेन्द्र थापा",False
081-CR-0101,सफाई,"अध्यक्ष माननीय न्यायाधीश श्री सुदर्शनदेव भट्ट
सदस्य माननीय न्यायाधीश श्री उमेश कोइराला
सदस्य माननीय न्यायाधीश श्री विदुर कोइराला",False
081-CR-0102,आंशिक ठहर,"सदस्य माननीय न्यायाधीश श्री नारायणप्रसाद पौडेल
सदस्य माननीय न्यायाधीश श्री विदुर कोइराला",False
081-CR-0105,सफाई,"अध्यक्ष माननीय न्यायाधीश श्री सुदर्शनदेव भट्ट
सदस्य माननीय न्यायाधीश श्री उमेश कोइराला",False
081-CR-0106,आंशिक ठहर,"अध्यक्ष माननीय न्यायाधीश श्री सुदर्शनदेव भट्ट
सदस्य माननीय न्यायाधीश श्री हेमन्त रावल
सदस्य माननीय न्यायाधीश श्री डिल्लीरत्न श्रेष्ठ",False
081-CR-0108,ठहर,"सदस्य माननीय न्यायाधीश श्री नारायणप्रसाद पौडेल
सदस्य माननीय न्यायाधीश श्री हेमन्त रावल
सदस्य माननीय न्यायाधीश श्री विदुर कोइराला",False
081-CR-0109,आंशिक ठहर,"अध्यक्ष माननीय न्यायाधीश श्री सुदर्शनदेव भट्ट
सदस्य माननीय न्यायाधीश श्री हेमन्त रावल
सदस्य माननीय न्यायाधीश श्री विदुर कोइराला",False
081-CR-0110,आंशिक ठहर,"अध्यक्ष माननीय न्यायाधीश श्री सुदर्शनदेव भट्ट
सदस्य माननीय न्यायाधीश श्री उमेश कोइराला
सदस्य माननीय न्यायाधीश श्री विदुर कोइराला",False
081-CR-0111,सफाई,"सदस्य माननीय न्यायाधीश श्री नारायणप्रसाद पौडेल
सदस्य माननीय न्यायाधीश श्री विदुर कोइराला",False
081-CR-0112,आंशिक ठहर,"अध्यक्ष माननीय न्यायाधीश श्री सुदर्शनदेव भट्ट
सदस्य माननीय न्यायाधीश श्री विदुर कोइराला",False
081-CR-0113,सफाई,"अध्यक्ष माननीय न्यायाधीश श्री सुदर्शनदेव भट्ट
सदस्य माननीय न्यायाधीश श्री डिल्लीरत्न श्रेष्ठ
सदस्य माननीय न्यायाधीश श्री विदुर कोइराला",False
081-CR-0114,आंशिक ठहर,"अध्यक्ष माननीय न्यायाधीश श्री सुदर्शनदेव भट्ट
सदस्य माननीय न्यायाधीश श्री हेमन्त रावल",False
081-CR-0115,सफाई,"सदस्य माननीय न्यायाधीश श्री नारायणप्रसाद पौडेल
सदस्य माननीय न्यायाधीश श्री विदुर कोइराला",False
081-CR-0120,आंशिक ठहर,"अध्यक्ष माननीय न्यायाधीश श्री सुदर्शनदेव भट्ट
सदस्य माननीय न्यायाधीश श्री डिल्लीरत्न श्रेष्ठ",False
081-CR-0121,सफाई,"अध्यक्ष माननीय न्यायाधीश श्री सुदर्शनदेव भट्ट
सदस्य माननीय न्यायाधीश श्री हेमन्त रावल",False
081-CR-0122,सफाई,"सदस्य माननीय न्यायाधीश श्री नारायणप्रसाद पौडेल
सदस्य माननीय न्यायाधीश श्री हेमन्त रावल
सदस्य माननीय न्यायाधीश श्री उमेश कोइराला",False
081-CR-0123,सफाई,"सदस्य माननीय न्यायाधीश श्री नारायणप्रसाद पौडेल
सदस्य माननीय न्यायाधीश श्री उमेश कोइराला",False
081-CR-0124,आंशिक ठहर,"सदस्य माननीय न्यायाधीश श्री नारायणप्रसाद पौडेल
सदस्य माननीय न्यायाधीश श्री उमेश कोइराला",False
081-CR-0125,ठहर,"अध्यक्ष माननीय न्यायाधीश श्री सुदर्शनदेव भट्ट
सदस्य माननीय न्यायाधीश श्री उमेश कोइराला
सदस्य माननीय न्यायाधीश श्री विदुर कोइराला",False
081-CR-0126,आंशिक ठहर,"अध्यक्ष माननीय न्यायाधीश श्री सुदर्शनदेव भट्ट
सदस्य माननीय न्यायाधीश श्री हेमन्त रावल",False
081-CR-0127,ठहर,"अध्यक्ष माननीय न्यायाधीश श्री सुदर्शनदेव भट्ट
सदस्य माननीय न्यायाधीश श्री डिल्लीरत्न श्रेष्ठ
सदस्य माननीय न्यायाधीश श्री विदुर कोइराला",False
081-CR-0130,ठहर,"अध्यक्ष माननीय न्यायाधीश श्री सुदर्शनदेव भट्ट
सदस्य माननीय न्यायाधीश श्री हेमन्त रावल
सदस्य माननीय न्यायाधीश श्री डिल्लीरत्न श्रेष्ठ",False
081-CR-0132,आंशिक ठहर,"सदस्य माननीय न्यायाधीश श्री नारायणप्रसाद पौडेल
सदस्य माननीय न्यायाधीश श्री डिल्लीरत्न श्रेष्ठ
सदस्य माननीय न्यायाधीश श्री उमेश कोइराला",False
081-CR-0133,ठहर,"अध्यक्ष माननीय न्यायाधीश श्री सुदर्शनदेव भट्ट
सदस्य माननीय न्यायाधीश श्री डिल्लीरत्न श्रेष्ठ
सदस्य माननीय न्यायाधीश श्री विदुर कोइराला",False
081-CR-0135,सफाई,"सदस्य माननीय न्यायाधीश श्री नारायणप्रसाद पौडेल
सदस्य माननीय न्यायाधीश श्री उमेश कोइराला
सदस्य माननीय न्यायाधीश श्री विदुर कोइराला",False
081-CR-0136,सफाई,"सदस्य माननीय न्यायाधीश श्री नारायणप्रसाद पौडेल
सदस्य माननीय न्यायाधीश श्री डिल्लीरत्न श्रेष्ठ
सदस्य माननीय न्यायाधीश श्री विदुर कोइराला",False
081-CR-0137,आंशिक ठहर,"अध्यक्ष माननीय न्यायाधीश श्री सुदर्शनदेव भट्ट
सदस्य माननीय न्यायाधीश श्री हेमन्त रावल
सदस्य माननीय न्यायाधीश श्री डिल्लीरत्न श्रेष्ठ",False
081-CR-0141,आंशिक ठहर,"अध्यक्ष माननीय न्यायाधीश श्री सुदर्शनदेव भट्ट
सदस्य माननीय न्यायाधीश श्री डिल्लीरत्न श्रेष्ठ
सदस्य माननीय न्यायाधीश श्री विदुर कोइराला",False
081-CR-0142,आंशिक ठहर,"अध्यक्ष माननीय न्यायाधीश श्री सुदर्शनदेव भट्ट
सदस्य माननीय न्यायाधीश श्री हेमन्त रावल
सदस्य माननीय न्यायाधीश श्री डिल्लीरत्न श्रेष्ठ",False
081-CR-0143,आंशिक ठहर,"अध्यक्ष माननीय न्यायाधीश श्री सुदर्शनदेव भट्ट
सदस्य माननीय न्यायाधीश श्री हेमन्त रावल
सदस्य माननीय न्यायाधीश श्री उमेश कोइराला",False
082-CR-0001,आंशिक ठहर,"सदस्य माननीय न्यायाधीश श्री हेमन्त रावल
सदस्य माननीय न्यायाधीश श्री डिल्लीरत्न श्रेष्ठ
सदस्य माननीय न्यायाधीश श्री उमेश कोइराला",False
082-CR-0002,ठहर,"अध्यक्ष माननीय न्यायाधीश श्री सुदर्शनदेव भट्ट
सदस्य माननीय न्यायाधीश श्री हेमन्त रावल",False
082-CR-0003,ठहर,"सदस्य माननीय न्यायाधीश श्री नारायणप्रसाद पौडेल
सदस्य माननीय न्यायाधीश श्री हेमन्त रावल
सदस्य माननीय न्यायाधीश श्री उमेश कोइराला",False
082-CR-0004,ठहर,"अध्यक्ष माननीय न्यायाधीश श्री सुदर्शनदेव भट्ट
सदस्य माननीय न्यायाधीश श्री नारायणप्रसाद पौडेल
सदस्य माननीय न्यायाधीश श्री विदुर कोइराला",False
082-CR-0005,ठहर,"अध्यक्ष माननीय न्यायाधीश श्री सुदर्शनदेव भट्ट
सदस्य माननीय न्यायाधीश श्री हेमन्त रावल
सदस्य माननीय न्यायाधीश श्री उमेश कोइराला",False
082-CR-0006,ठहर,"सदस्य माननीय न्यायाधीश श्री नारायणप्रसाद पौडेल
सदस्य माननीय न्यायाधीश श्री हेमन्त रावल
सदस्य माननीय न्यायाधीश श्री उमेश कोइराला",False
082-CR-0007,सफाई,"अध्यक्ष माननीय न्यायाधीश श्री सुदर्शनदेव भट्ट
सदस्य माननीय न्यायाधीश श्री हेमन्त रावल
सदस्य माननीय न्यायाधीश श्री उमेश कोइराला",False
082-CR-0008,सफाई,"सदस्य माननीय न्यायाधीश श्री नारायणप्रसाद पौडेल
सदस्य माननीय न्यायाधीश श्री उमेश कोइराला
सदस्य माननीय न्यायाधीश श्री विदुर कोइराला",False
082-CR-0009,सफाई,"सदस्य माननीय न्यायाधीश श्री नारायणप्रसाद पौडेल
सदस्य माननीय न्यायाधीश श्री उमेश कोइराला
सदस्य माननीय न्यायाधीश श्री विदुर कोइराला",False
082-CR-0010,ठहर,"अध्यक्ष माननीय न्यायाधीश श्री सुदर्शनदेव भट्ट
सदस्य माननीय न्यायाधीश श्री हेमन्त रावल
सदस्य माननीय न्यायाधीश श्री डिल्लीरत्न श्रेष्ठ",False
082-CR-0011,सफाई,"अध्यक्ष माननीय न्यायाधीश श्री सुदर्शनदेव भट्ट
सदस्य माननीय न्यायाधीश श्री हेमन्त रावल",False
082-CR-0013,सफाई,"सदस्य माननीय न्यायाधीश श्री हेमन्त रावल
सदस्य माननीय न्यायाधीश श्री डिल्लीरत्न श्रेष्ठ
सदस्य माननीय न्यायाधीश श्री उमेश कोइराला",False
082-CR-0014,ठहर,"अध्यक्ष माननीय न्यायाधीश श्री सुदर्शनदेव भट्ट
सदस्य माननीय न्यायाधीश श्री डिल्लीरत्न श्रेष्ठ
सदस्य माननीय न्यायाधीश श्री विदुर कोइराला",False
082-CR-0017,आंशिक ठहर,"सदस्य माननीय न्यायाधीश श्री नारायणप्रसाद पौडेल
सदस्य माननीय न्यायाधीश श्री उमेश कोइराला
सदस्य माननीय न्यायाधीश श्री विदुर कोइराला",False
082-CR-0018,आंशिक ठहर,"अध्यक्ष माननीय न्यायाधीश श्री सुदर्शनदेव भट्ट
सदस्य माननीय न्यायाधीश श्री उमेश कोइराला
सदस्य माननीय न्यायाधीश श्री विदुर कोइराला",False
082-CR-0019,सफाई,"अध्यक्ष माननीय न्यायाधीश श्री सुदर्शनदेव भट्ट
सदस्य माननीय न्यायाधीश श्री हेमन्त रावल",False
082-CR-0020,ठहर,"अध्यक्ष माननीय न्यायाधीश श्री सुदर्शनदेव भट्ट
सदस्य माननीय न्यायाधीश श्री हेमन्त रावल
सदस्य माननीय न्यायाधीश श्री विदुर कोइराला",False
082-CR-0021,सफाई,"अध्यक्ष माननीय न्यायाधीश श्री सुदर्शनदेव भट्ट
सदस्य माननीय न्यायाधीश श्री उमेश कोइराला
सदस्य माननीय न्यायाधीश श्री विदुर कोइराला",False
082-CR-0022,ठहर,"अध्यक्ष माननीय न्यायाधीश श्री सुदर्शनदेव भट्ट
सदस्य माननीय न्यायाधीश श्री उमेश कोइराला
सदस्य माननीय न्यायाधीश श्री विदुर कोइराला",False
082-CR-0023,आंशिक ठहर,"सदस्य माननीय न्यायाधीश श्री नारायणप्रसाद पौडेल
सदस्य माननीय न्यायाधीश श्री उमेश कोइराला",False
082-CR-0024,आंशिक ठहर,"सदस्य माननीय न्यायाधीश श्री नारायणप्रसाद पौडेल
सदस्य माननीय न्यायाधीश श्री उमेश कोइराला",False
082-CR-0025,सफाई,"सदस्य माननीय न्यायाधीश श्री डिल्लीरत्न श्रेष्ठ
सदस्य माननीय न्यायाधीश श्री विदुर कोइराला",False
082-CR-0026,ठहर,"अध्यक्ष माननीय न्यायाधीश श्री सुदर्शनदेव भट्ट
सदस्य माननीय न्यायाधीश श्री डिल्लीरत्न श्रेष्ठ",False
082-CR-0027,ठहर,"सदस्य माननीय न्यायाधीश श्री नारायणप्रसाद पौडेल
सदस्य माननीय न्यायाधीश श्री डिल्लीरत्न श्रेष्ठ
सदस्य माननीय न्यायाधीश श्री विदुर कोइराला",False
082-CR-0028,सफाई,"सदस्य माननीय न्यायाधीश श्री नारायणप्रसाद पौडेल
सदस्य माननीय न्यायाधीश श्री उमेश कोइराला",False
082-CR-0030,सफाई,"अध्यक्ष माननीय न्यायाधीश श्री सुदर्शनदेव भट्ट
सदस्य माननीय न्यायाधीश श्री डिल्लीरत्न श्रेष्ठ
सदस्य माननीय न्यायाधीश श्री विदुर कोइराला",False
082-CR-0031,आंशिक ठहर,"सदस्य माननीय न्यायाधीश श्री नारायणप्रसाद पौडेल
सदस्य माननीय न्यायाधीश श्री विदुर कोइराला",False
082-CR-0032,आंशिक ठहर,"अध्यक्ष माननीय न्यायाधीश श्री सुदर्शनदेव भट्ट
सदस्य माननीय न्यायाधीश श्री हेमन्त रावल
सदस्य माननीय न्यायाधीश श्री उमेश कोइराला",False
082-CR-0033,ठहर,"सदस्य माननीय न्यायाधीश श्री नारायणप्रसाद पौडेल
सदस्य माननीय न्यायाधीश श्री विदुर कोइराला",False
082-CR-0034,आंशिक ठहर,"सदस्य माननीय न्यायाधीश श्री हेमन्त रावल
सदस्य माननीय न्यायाधीश श्री डिल्लीरत्न श्रेष्ठ
सदस्य माननीय न्यायाधीश श्री उमेश कोइराला",False
082-CR-0035,आंशिक ठहर,"सदस्य माननीय न्यायाधीश श्री नारायणप्रसाद पौडेल
सदस्य माननीय न्यायाधीश श्री हेमन्त रावल
सदस्य माननीय न्यायाधीश श्री उमेश कोइराला",False
082-CR-0036,ठहर,"अध्यक्ष माननीय न्यायाधीश श्री सुदर्शनदेव भट्ट
सदस्य माननीय न्यायाधीश श्री हेमन्त रावल
सदस्य माननीय न्यायाधीश श्री डिल्लीरत्न श्रेष्ठ",False
082-CR-0037,ठहर,"सदस्य माननीय न्यायाधीश श्री नारायणप्रसाद पौडेल
सदस्य माननीय न्यायाधीश श्री उमेश कोइराला
सदस्य माननीय न्यायाधीश श्री विदुर कोइराला",False
082-CR-0038,आंशिक ठहर,"अध्यक्ष माननीय न्यायाधीश श्री सुदर्शनदेव भट्ट
सदस्य माननीय न्यायाधीश श्री हेमन्त रावल
सदस्य माननीय न्यायाधीश श्री उमेश कोइराला",False
082-CR-0039,सफाई,"सदस्य माननीय न्यायाधीश श्री नारायणप्रसाद पौडेल
सदस्य माननीय न्यायाधीश श्री डिल्लीरत्न श्रेष्ठ
सदस्य माननीय न्यायाधीश श्री विदुर कोइराला",False
082-CR-0040,सफाई,"सदस्य माननीय न्यायाधीश श्री हेमन्त रावल
सदस्य माननीय न्यायाधीश श्री डिल्लीरत्न श्रेष्ठ
सदस्य माननीय न्यायाधीश श्री उमेश कोइराला",False
082-CR-0041,सफाई,"अध्यक्ष माननीय न्यायाधीश श्री सुदर्शनदेव भट्ट
सदस्य माननीय न्यायाधीश श्री हेमन्त रावल
सदस्य माननीय न्यायाधीश श्री डिल्लीरत्न श्रेष्ठ",False
082-CR-0042,आंशिक ठहर,"अध्यक्ष माननीय न्यायाधीश श्री सुदर्शनदेव भट्ट
सदस्य माननीय न्यायाधीश श्री डिल्लीरत्न श्रेष्ठ
सदस्य माननीय न्यायाधीश श्री विदुर कोइराला",False
082-CR-0043,सफाई,"सदस्य माननीय न्यायाधीश श्री नारायणप्रसाद पौडेल
सदस्य माननीय न्यायाधीश श्री हेमन्त रावल
सदस्य माननीय न्यायाधीश श्री उमेश कोइराला",False
082-CR-0044,सफाई,"सदस्य माननीय न्यायाधीश श्री नारायणप्रसाद पौडेल
सदस्य माननीय न्यायाधीश श्री विदुर कोइराला",False
082-CR-0045,आंशिक ठहर,"अध्यक्ष माननीय न्यायाधीश श्री सुदर्शनदेव भट्ट
सदस्य माननीय न्यायाधीश श्री हेमन्त रावल
सदस्य माननीय न्यायाधीश श्री डिल्लीरत्न श्रेष्ठ",False
082-CR-0046,सफाई,"सदस्य माननीय न्यायाधीश श्री नारायणप्रसाद पौडेल
सदस्य माननीय न्यायाधीश श्री उमेश कोइराला",False
082-CR-0049,सफाई,"अध्यक्ष माननीय न्यायाधीश श्री सुदर्शनदेव भट्ट
सदस्य माननीय न्यायाधीश श्री हेमन्त रावल
सदस्य माननीय न्यायाधीश श्री डिल्लीरत्न श्रेष्ठ",False
082-CR-0050,सफाई,"अध्यक्ष माननीय न्यायाधीश श्री सुदर्शनदेव भट्ट
सदस्य माननीय न्यायाधीश श्री हेमन्त रावल
सदस्य माननीय न्यायाधीश श्री उमेश कोइराला",False
082-CR-0051,ठहर,"अध्यक्ष माननीय न्यायाधीश श्री सुदर्शनदेव भट्ट
सदस्य माननीय न्यायाधीश श्री हेमन्त रावल
सदस्य माननीय न्यायाधीश श्री विदुर कोइराला",False
082-CR-0052,सफाई,"सदस्य माननीय न्यायाधीश श्री नारायणप्रसाद पौडेल
सदस्य माननीय न्यायाधीश श्री विदुर कोइराला",False
082-CR-0054,आंशिक ठहर,"सदस्य माननीय न्यायाधीश श्री नारायणप्रसाद पौडेल
सदस्य माननीय न्यायाधीश श्री हेमन्त रावल
सदस्य माननीय न्यायाधीश श्री उमेश कोइराला",False
082-CR-0055,सफाई,"अध्यक्ष माननीय न्यायाधीश श्री सुदर्शनदेव भट्ट
सदस्य माननीय न्यायाधीश श्री हेमन्त रावल
सदस्य माननीय न्यायाधीश श्री उमेश कोइराला",False
082-CR-0057,सफाई,"सदस्य माननीय न्यायाधीश श्री नारायणप्रसाद पौडेल
सदस्य माननीय न्यायाधीश श्री डिल्लीरत्न श्रेष्ठ",False
082-CR-0058,ठहर,सदस्य माननीय न्यायाधीश श्री डिल्लीरत्न श्रेष्ठ,False
082-CR-0060,ठहर,"सदस्य माननीय न्यायाधीश श्री नारायणप्रसाद पौडेल
सदस्य माननीय न्यायाधीश श्री डिल्लीरत्न श्रेष्ठ
सदस्य माननीय न्यायाधीश श्री विदुर कोइराला",False
082-CR-0061,सफाई,"अध्यक्ष माननीय न्यायाधीश श्री सुदर्शनदेव भट्ट
सदस्य माननीय न्यायाधीश श्री विदुर कोइराला",False
082-CR-0063,ठहर,"सदस्य माननीय न्यायाधीश श्री नारायणप्रसाद पौडेल
सदस्य माननीय न्यायाधीश श्री हेमन्त रावल
सदस्य माननीय न्यायाधीश श्री उमेश कोइराला",False
082-CR-0065,सफाई,"अध्यक्ष माननीय न्यायाधीश श्री सुदर्शनदेव भट्ट
सदस्य माननीय न्यायाधीश श्री डिल्लीरत्न श्रेष्ठ
सदस्य माननीय न्यायाधीश श्री विदुर कोइराला",False
082-CR-0067,सफाई,"सदस्य माननीय न्यायाधीश श्री नारायणप्रसाद पौडेल
सदस्य माननीय न्यायाधीश श्री विदुर कोइराला",False
082-CR-0068,ठहर,"सदस्य माननीय न्यायाधीश श्री नारायणप्रसाद पौडेल
सदस्य माननीय न्यायाधीश श्री हेमन्त रावल
सदस्य माननीय न्यायाधीश श्री उमेश कोइराला",False
082-CR-0069,ठहर,"अध्यक्ष माननीय न्यायाधीश श्री सुदर्शनदेव भट्ट
सदस्य माननीय न्यायाधीश श्री हेमन्त रावल
सदस्य माननीय न्यायाधीश श्री डिल्लीरत्न श्रेष्ठ",False
082-CR-0070,सफाई,"सदस्य माननीय न्यायाधीश श्री नारायणप्रसाद पौडेल
सदस्य माननीय न्यायाधीश श्री डिल्लीरत्न श्रेष्ठ",False
082-CR-0072,ठहर,"अध्यक्ष माननीय न्यायाधीश श्री सुदर्शनदेव भट्ट
सदस्य माननीय न्यायाधीश श्री हेमन्त रावल
सदस्य माननीय न्यायाधीश श्री विदुर कोइराला",False
082-CR-0073,सफाई,"सदस्य माननीय न्यायाधीश श्री हेमन्त रावल
सदस्य माननीय न्यायाधीश श्री डिल्लीरत्न श्रेष्ठ
सदस्य माननीय न्यायाधीश श्री विदुर कोइराला",False
082-CR-0074,सफाई,"सदस्य माननीय न्यायाधीश श्री नारायणप्रसाद पौडेल
सदस्य माननीय न्यायाधीश श्री हेमन्त रावल
सदस्य माननीय न्यायाधीश श्री डिल्लीरत्न श्रेष्ठ",False
082-CR-0075,ठहर,"अध्यक्ष माननीय न्यायाधीश श्री सुदर्शनदेव भट्ट
सदस्य माननीय न्यायाधीश श्री हेमन्त रावल
सदस्य माननीय न्यायाधीश श्री डिल्लीरत्न श्रेष्ठ",False
082-CR-0076,ठहर,"सदस्य माननीय न्यायाधीश श्री नारायणप्रसाद पौडेल
सदस्य माननीय न्यायाधीश श्री डिल्लीरत्न श्रेष्ठ
सदस्य माननीय न्यायाधीश श्री विदुर कोइराला",False
082-CR-0077,सफाई,"सदस्य माननीय न्यायाधीश श्री नारायणप्रसाद पौडेल
सदस्य माननीय न्यायाधीश श्री हेमन्त रावल
सदस्य माननीय न्यायाधीश श्री डिल्लीरत्न श्रेष्ठ",False
082-CR-0078,सफाई,"सदस्य माननीय न्यायाधीश श्री हेमन्त रावल
सदस्य माननीय न्यायाधीश श्री डिल्लीरत्न श्रेष्ठ
सदस्य माननीय न्यायाधीश श्री उमेश कोइराला",False
082-CR-0080,सफाई,"अध्यक्ष माननीय न्यायाधीश श्री सुदर्शनदेव भट्ट
सदस्य माननीय न्यायाधीश श्री हेमन्त रावल
सदस्य माननीय न्यायाधीश श्री उमेश कोइराला",False
082-CR-0082,आंशिक ठहर,"सदस्य माननीय न्यायाधीश श्री नारायणप्रसाद पौडेल
सदस्य माननीय न्यायाधीश श्री उमेश कोइराला",False
082-CR-0084,आंशिक ठहर,"अध्यक्ष माननीय न्यायाधीश श्री सुदर्शनदेव भट्ट
सदस्य माननीय न्यायाधीश श्री विदुर कोइराला",False
082-CR-0086,सफाई,"अध्यक्ष माननीय न्यायाधीश श्री सुदर्शनदेव भट्ट
सदस्य माननीय न्यायाधीश श्री हेमन्त रावल
सदस्य माननीय न्यायाधीश श्री उमेश कोइराला",False
082-CR-0089,ठहर,"सदस्य माननीय न्यायाधीश श्री नारायणप्रसाद पौडेल
सदस्य माननीय न्यायाधीश श्री डिल्लीरत्न श्रेष्ठ
सदस्य माननीय न्यायाधीश श्री विदुर कोइराला",False
082-CR-0090,सफाई,"अध्यक्ष माननीय न्यायाधीश श्री सुदर्शनदेव भट्ट
सदस्य माननीय न्यायाधीश श्री हेमन्त रावल
सदस्य माननीय न्यायाधीश श्री विदुर कोइराला",False
082-CR-0092,सफाई,"सदस्य माननीय न्यायाधीश श्री नारायणप्रसाद पौडेल
सदस्य माननीय न्यायाधीश श्री हेमन्त रावल
सदस्य माननीय न्यायाधीश श्री उमेश कोइराला",False
082-CR-0095,सफाई,"सदस्य माननीय न्यायाधीश श्री नारायणप्रसाद पौडेल
सदस्य माननीय न्यायाधीश श्री हेमन्त रावल
सदस्य माननीय न्यायाधीश श्री डिल्लीरत्न श्रेष्ठ",False
082-CR-0101,सफाई,सदस्य माननीय श्री नारायण प्रसाद पौडेल सदस्य माननीय श्री डिल्लीरत्‍न श्रेष्ठ सदस्य माननीय श्री उमेश कोइराला,True
082-CR-0102,ठहर,"सदस्य माननीय न्यायाधीश श्री हेमन्त रावल
सदस्य माननीय न्यायाधीश श्री डिल्लीरत्न श्रेष्ठ
सदस्य माननीय न्यायाधीश श्री विदुर कोइराला",False
082-CR-0105,सफाई,"सदस्य माननीय न्यायाधीश श्री नारायणप्रसाद पौडेल
सदस्य माननीय न्यायाधीश श्री डिल्लीरत्न श्रेष्ठ",False
082-CR-0106,ठहर,"सदस्य माननीय न्यायाधीश श्री नारायणप्रसाद पौडेल
सदस्य माननीय न्यायाधीश श्री डिल्लीरत्न श्रेष्ठ
सदस्य माननीय न्यायाधीश श्री विदुर कोइराला",False
082-CR-0108,सफाई,"सदस्य माननीय न्यायाधीश श्री नारायणप्रसाद पौडेल
सदस्य माननीय न्यायाधीश श्री डिल्लीरत्न श्रेष्ठ",False
082-CR-0109,सफाई,"अध्यक्ष माननीय न्यायाधीश श्री सुदर्शनदेव भट्ट
सदस्य माननीय न्यायाधीश श्री हेमन्त रावल
सदस्य माननीय न्यायाधीश श्री विदुर कोइराला",False
082-CR-0111,सफाई,"अध्यक्ष माननीय न्यायाधीश श्री सुदर्शनदेव भट्ट
सदस्य माननीय न्यायाधीश श्री विदुर कोइराला",False
082-CR-0113,आंशिक ठहर,"सदस्य माननीय न्यायाधीश श्री नारायणप्रसाद पौडेल
सदस्य माननीय न्यायाधीश श्री विदुर कोइराला",False
082-CR-0119,ठहर,"अध्यक्ष माननीय न्यायाधीश श्री सुदर्शनदेव भट्ट
सदस्य माननीय न्यायाधीश श्री उमेश कोइराला
सदस्य माननीय न्यायाधीश श्री विदुर कोइराला",False
082-CR-0120,ठहर,"सदस्य माननीय न्यायाधीश श्री नारायणप्रसाद पौडेल
सदस्य माननीय न्यायाधीश श्री विदुर कोइराला",False
082-CR-0123,ठहर,"सदस्य माननीय न्यायाधीश श्री नारायणप्रसाद पौडेल
सदस्य माननीय न्यायाधीश श्री उमेश कोइराला",False
082-CR-0131,ठहर,"सदस्य माननीय न्यायाधीश श्री नारायणप्रसाद पौडेल
सदस्य माननीय न्यायाधीश श्री हेमन्त रावल
सदस्य माननीय न्यायाधीश श्री उमेश कोइराला",False
082-CR-0134,सफाई,"सदस्य माननीय न्यायाधीश श्री हेमन्त रावल
सदस्य माननीय न्यायाधीश श्री डिल्लीरत्न श्रेष्ठ
सदस्य माननीय न्यायाधीश श्री उमेश कोइराला",False
082-CR-0135,ठहर,"सदस्य माननीय न्यायाधीश श्री नारायणप्रसाद पौडेल
सदस्य माननीय न्यायाधीश श्री उमेश कोइराला",False
082-CR-0149,ठहर,"सदस्य माननीय न्यायाधीश श्री नारायणप्रसाद पौडेल
सदस्य माननीय न्यायाधीश श्री विदुर कोइराला",False
